engine_temp_C,oil_pressure_psi,brake_pad_mm,battery_voltage_V,mileage_k,tire_pressure_psi,severity
89.5,39.8,6.0,12.73,14.0,30.5,Normal
95.7,39.8,2.7,12.58,29.0,32.8,Warning
89.2,46.0,7.4,12.28,157.0,33.6,Normal
96.6,46.5,11.5,13.01,55.0,29.9,Normal
94.7,48.4,8.6,12.5,22.0,28.6,Normal
93.9,38.0,10.9,11.87,24.0,33.4,Warning
88.9,46.4,7.1,13.14,76.0,29.4,Normal
103.7,44.5,11.0,12.52,34.0,34.7,Normal
88.5,32.8,6.3,13.2,157.0,30.4,Normal
92.1,30.3,4.6,13.36,102.0,35.0,Normal
107.6,45.6,9.2,12.14,185.0,33.3,Normal
94.7,23.4,4.0,12.7,103.0,34.7,Warning
96.4,47.4,3.2,12.95,135.0,34.0,Warning
105.1,38.7,3.4,12.72,28.0,36.3,Critical
89.9,41.9,8.3,12.98,43.0,36.2,Normal
81.7,43.5,10.3,13.3,30.0,32.1,Normal
101.8,31.5,9.8,11.76,80.0,32.8,Warning
96.5,29.3,8.5,12.62,17.0,35.1,Warning
86.5,43.7,7.6,13.66,167.0,26.5,Warning
105.7,25.6,7.4,12.49,94.0,36.6,Normal
97.7,48.8,8.3,12.8,191.0,34.7,Normal
78.3,37.5,2.6,13.62,155.0,28.8,Warning
70.0,49.2,4.3,13.26,142.0,36.2,Warning
99.4,38.7,8.9,11.99,145.0,32.8,Warning
109.7,30.9,6.3,12.59,154.0,30.6,Warning
116.1,47.5,10.5,12.67,29.0,31.8,Warning
84.0,32.3,6.3,12.43,113.0,37.1,Normal
90.2,35.9,9.9,12.55,48.0,34.6,Normal
97.2,30.9,9.8,12.45,130.0,31.2,Normal
103.0,44.6,10.5,12.98,22.0,31.2,Normal
92.9,42.3,6.5,12.2,35.0,33.6,Normal
97.0,41.3,8.3,12.38,19.0,34.2,Normal
83.9,30.9,10.3,12.53,74.0,29.8,Normal
87.1,39.8,6.6,12.05,135.0,34.1,Normal
103.5,49.3,8.4,12.79,102.0,36.4,Normal
106.0,44.0,3.5,12.34,141.0,40.4,Warning
92.9,59.4,2.6,13.07,5.0,32.5,Warning
88.9,58.1,9.2,12.1,95.0,33.8,Normal
93.9,34.4,4.0,12.62,75.0,35.1,Normal
91.5,41.1,10.6,11.85,47.0,38.6,Warning
88.2,48.9,5.9,11.97,125.0,31.1,Warning
93.6,46.9,5.0,12.52,59.0,32.9,Normal
102.8,49.9,4.8,12.61,13.0,31.8,Critical
106.3,31.8,6.2,13.69,124.0,33.9,Normal
95.6,47.5,5.5,12.74,108.0,26.7,Critical
85.3,39.1,5.1,12.44,8.0,32.6,Normal
95.9,47.8,3.8,12.38,128.0,30.2,Warning
90.6,46.2,10.1,12.6,160.0,29.5,Normal
106.8,37.0,11.7,12.37,186.0,32.8,Normal
88.8,43.3,7.6,11.94,187.0,31.5,Warning
98.9,45.6,6.2,12.21,162.0,33.2,Normal
96.2,39.8,11.3,12.12,177.0,35.5,Normal
101.2,39.8,8.8,12.18,151.0,36.4,Normal
99.4,35.4,2.4,10.97,22.0,32.0,Critical
91.0,40.3,8.2,12.97,82.0,30.4,Normal
99.4,36.1,3.6,12.39,108.0,34.3,Warning
76.4,39.8,11.0,12.68,45.0,34.4,Normal
89.8,46.3,9.6,12.31,192.0,34.5,Normal
96.6,35.8,9.8,12.9,32.0,40.0,Warning
89.4,60.8,11.6,12.48,134.0,34.7,Normal
94.8,39.8,2.5,13.14,45.0,33.1,Warning
87.2,52.5,4.0,12.61,81.0,30.6,Critical
101.3,41.6,10.4,12.96,83.0,31.3,Normal
93.1,37.6,8.5,12.91,127.0,32.5,Normal
94.2,39.7,6.6,12.22,185.0,35.7,Normal
89.7,38.7,7.1,12.89,73.0,26.3,Warning
112.6,39.8,2.4,13.22,78.0,33.4,Critical
90.7,40.2,10.1,12.92,130.0,37.2,Normal
84.1,48.9,3.1,12.35,95.0,34.0,Warning
91.4,42.7,4.9,12.2,160.0,33.1,Warning
90.6,30.4,4.1,11.99,67.0,35.8,Warning
102.0,42.2,8.0,12.89,80.0,33.9,Normal
95.3,43.6,2.6,12.71,116.0,34.8,Warning
96.7,31.1,2.0,12.98,177.0,32.1,Critical
93.9,40.9,6.5,11.99,40.0,35.0,Warning
99.8,20.7,3.8,12.65,32.0,35.7,Warning
93.0,40.8,11.1,13.28,18.0,34.7,Normal
89.4,43.7,2.1,12.88,46.0,33.6,Critical
90.2,38.6,8.6,12.16,94.0,34.5,Normal
116.6,41.6,2.7,11.59,175.0,35.6,Warning
82.1,26.9,5.2,12.92,157.0,31.0,Normal
87.2,32.7,4.1,12.12,19.0,32.4,Normal
97.3,44.2,3.8,12.29,179.0,33.7,Warning
93.7,45.8,6.9,12.88,40.0,36.8,Normal
78.5,47.6,10.5,12.86,112.0,26.3,Warning
102.3,32.1,5.7,12.5,189.0,32.7,Normal
81.5,29.6,11.8,12.22,34.0,31.4,Normal
109.3,46.9,5.7,12.71,200.0,35.3,Warning
94.6,44.5,9.0,13.38,86.0,32.9,Normal
86.9,45.2,6.5,12.83,160.0,33.0,Normal
95.0,39.8,10.3,12.52,191.0,36.3,Normal
99.8,34.7,2.8,13.17,65.0,33.3,Warning
82.7,35.9,6.6,12.1,132.0,26.1,Warning
79.5,49.0,7.6,12.49,148.0,38.1,Normal
106.0,39.0,10.1,11.83,77.0,32.1,Warning
103.1,31.6,11.3,12.73,36.0,35.3,Normal
95.8,39.5,2.3,12.66,108.0,33.3,Critical
98.8,38.4,11.8,13.07,56.0,29.0,Normal
94.2,32.3,8.4,13.69,72.0,27.2,Warning
94.9,35.4,7.4,12.23,181.0,35.2,Normal
101.3,35.5,7.9,12.82,83.0,36.4,Normal
107.4,40.2,9.2,12.25,50.0,32.8,Normal
93.7,33.4,6.8,13.03,49.0,28.7,Normal
87.0,43.9,6.7,12.08,133.0,33.2,Normal
83.2,46.1,5.5,12.49,96.0,28.1,Normal
103.9,28.9,3.0,12.46,192.0,32.7,Warning
92.0,25.6,6.5,13.95,192.0,38.5,Normal
91.3,58.6,3.4,12.61,129.0,33.0,Warning
85.5,46.1,5.5,12.81,40.0,31.2,Normal
89.7,57.7,8.9,12.96,187.0,35.9,Normal
87.7,36.2,8.0,11.71,9.0,31.8,Warning
112.1,48.1,7.4,13.55,10.0,30.2,Warning
112.0,56.9,5.6,11.6,52.0,35.5,Warning
98.4,29.9,10.0,12.45,169.0,33.4,Normal
96.6,47.9,9.9,12.95,106.0,33.6,Normal
98.3,44.6,11.0,12.86,138.0,37.4,Normal
83.1,50.4,6.9,12.44,12.0,29.9,Normal
102.2,34.3,11.8,13.06,64.0,30.1,Normal
102.3,30.5,5.2,12.73,130.0,30.4,Normal
106.7,39.0,7.8,13.32,85.0,32.2,Normal
97.0,48.9,11.2,12.55,10.0,33.0,Normal
90.5,34.8,5.6,13.22,156.0,34.5,Normal
85.1,48.0,12.0,12.37,30.0,35.3,Normal
92.9,34.3,7.2,12.58,8.0,38.8,Normal
85.8,37.8,3.4,12.62,140.0,32.4,Warning
94.7,43.5,9.3,13.16,9.0,26.9,Warning
96.6,37.6,8.6,11.66,37.0,38.5,Warning
96.8,41.9,10.3,12.44,132.0,28.9,Normal
88.7,29.9,5.9,12.61,151.0,32.2,Normal
94.5,34.3,4.8,12.61,143.0,33.0,Normal
103.7,44.7,3.6,13.06,25.0,29.8,Warning
104.8,37.1,5.4,12.98,137.0,33.3,Normal
80.4,38.6,9.1,12.14,84.0,34.5,Normal
89.0,54.4,7.9,12.61,27.0,38.1,Normal
97.1,31.4,4.0,11.97,28.0,34.9,Warning
92.0,32.6,7.4,13.27,30.0,33.2,Normal
96.1,49.1,8.1,13.08,29.0,36.5,Normal
96.6,51.0,9.1,13.03,135.0,37.3,Normal
83.7,47.1,3.6,11.97,148.0,35.3,Warning
104.4,31.4,3.8,13.7,142.0,31.2,Warning
100.4,47.3,11.8,12.23,92.0,31.9,Normal
96.8,39.8,11.3,12.82,182.0,38.5,Normal
97.9,28.5,8.3,12.3,116.0,34.6,Normal
97.6,38.0,5.8,12.57,44.0,28.2,Normal
87.3,44.1,4.9,12.14,98.0,34.1,Normal
92.7,42.8,9.9,13.65,109.0,32.2,Normal
91.4,38.5,2.1,12.72,193.0,32.9,Critical
91.5,39.8,9.2,13.04,99.0,33.4,Normal
112.0,30.8,2.9,11.64,150.0,32.4,Normal
104.8,29.1,7.6,12.4,91.0,30.7,Normal
88.5,34.1,6.9,12.37,162.0,35.1,Normal
99.0,37.1,6.3,11.63,112.0,36.3,Warning
84.1,35.7,10.7,12.6,29.0,35.1,Normal
76.0,48.2,2.6,11.58,40.0,36.0,Warning
89.7,43.1,2.6,12.02,196.0,32.5,Warning
106.0,46.6,5.6,12.82,29.0,34.3,Normal
79.5,42.2,8.2,12.59,24.0,34.4,Normal
102.9,25.8,2.5,12.59,43.0,32.8,Warning
99.6,53.7,4.0,13.26,131.0,33.0,Warning
93.6,44.2,4.4,12.96,172.0,30.1,Normal
91.8,34.6,6.6,11.67,18.0,31.0,Warning
95.8,29.4,7.5,12.77,140.0,37.0,Normal
109.2,44.1,9.5,12.96,176.0,32.4,Warning
104.9,31.0,10.1,13.03,47.0,36.4,Normal
92.8,34.9,7.7,12.4,194.0,30.9,Normal
95.8,27.8,2.1,12.75,155.0,38.5,Critical
94.3,50.7,11.0,12.36,99.0,33.2,Normal
91.3,48.4,6.9,12.77,53.0,35.9,Normal
91.9,22.6,9.3,12.48,22.0,32.9,Warning
81.2,50.4,7.8,12.36,95.0,33.1,Normal
100.1,30.8,2.0,12.52,159.0,36.4,Critical
93.0,44.8,7.0,11.96,57.0,33.7,Warning
102.3,40.0,3.1,12.52,173.0,32.6,Warning
96.4,42.4,5.8,13.53,76.0,32.9,Normal
87.0,44.9,12.0,11.64,61.0,34.5,Warning
95.3,39.5,4.0,12.28,28.0,32.0,Normal
101.4,46.6,3.9,11.31,60.0,26.5,Warning
93.5,28.8,4.2,11.09,74.0,34.6,Normal
106.3,42.8,8.5,13.38,13.0,29.8,Normal
103.4,50.4,6.0,12.92,112.0,34.9,Normal
86.5,45.5,6.5,13.42,20.0,33.4,Normal
100.8,36.9,12.0,12.97,64.0,31.1,Normal
73.1,21.5,5.3,12.65,26.0,33.9,Critical
89.2,33.5,4.5,12.68,107.0,36.1,Normal
112.0,41.2,10.1,12.23,81.0,37.7,Warning
98.6,45.3,11.9,13.01,106.0,31.4,Normal
92.2,51.2,9.3,13.5,54.0,33.6,Normal
92.0,50.0,8.7,12.65,74.0,29.2,Normal
88.1,54.7,2.6,13.37,29.0,36.4,Warning
105.2,45.0,4.2,12.51,170.0,32.5,Normal
93.4,46.6,4.3,12.69,89.0,26.1,Warning
91.8,32.9,11.7,12.67,118.0,32.9,Normal
98.0,40.5,10.5,11.89,145.0,32.3,Warning
105.0,40.1,4.4,13.27,35.0,39.7,Normal
90.3,41.0,4.5,12.08,126.0,33.3,Normal
108.3,55.5,9.2,12.63,45.0,32.3,Warning
87.2,36.2,10.6,11.7,90.0,33.8,Warning
106.6,29.1,6.5,13.01,135.0,32.6,Normal
85.1,44.1,7.8,12.54,145.0,32.2,Normal
93.9,27.1,3.0,12.43,31.0,32.4,Warning
105.7,39.9,6.3,12.01,35.0,33.2,Normal
84.0,29.8,3.7,12.72,126.0,37.3,Warning
91.1,38.4,4.3,13.43,129.0,30.6,Normal
86.5,21.4,6.5,13.03,151.0,32.4,Warning
96.2,50.4,10.6,12.04,124.0,35.2,Normal
106.1,35.6,2.5,12.86,10.0,35.6,Warning
91.4,48.4,7.3,11.46,115.0,34.3,Warning
102.4,39.8,2.3,12.6,77.0,35.3,Critical
99.2,52.5,8.1,12.89,44.0,35.5,Normal
101.2,54.2,10.3,13.33,37.0,32.8,Normal
101.0,40.1,10.6,12.91,58.0,36.5,Normal
97.5,42.0,9.0,12.61,12.0,31.4,Normal
96.1,31.4,2.6,12.78,124.0,35.7,Warning
100.7,44.6,2.7,12.36,181.0,29.1,Warning
104.7,29.1,2.6,12.7,156.0,32.7,Warning
101.8,37.3,2.8,12.4,52.0,28.7,Warning
90.8,40.2,9.2,12.66,102.0,32.9,Normal
95.8,21.1,11.6,11.94,41.0,35.9,Warning
79.0,44.4,6.6,13.3,32.0,37.2,Normal
92.0,29.1,6.7,12.61,49.0,37.4,Normal
97.3,54.4,5.4,12.37,58.0,37.6,Normal
91.4,37.3,9.7,13.58,167.0,40.2,Warning
86.2,37.6,10.2,13.31,124.0,31.1,Normal
92.2,44.2,4.8,12.1,156.0,32.5,Normal
86.5,32.5,4.0,12.89,66.0,35.4,Normal
110.6,38.4,11.1,12.21,179.0,32.9,Warning
105.8,40.2,11.5,13.12,59.0,35.4,Normal
88.7,39.8,9.4,12.36,61.0,33.9,Normal
106.7,37.1,2.7,12.66,54.0,31.6,Warning
93.5,43.0,6.9,13.9,123.0,31.9,Normal
107.4,42.4,6.1,12.62,19.0,35.3,Normal
99.7,32.1,3.2,12.09,182.0,36.4,Warning
90.2,45.4,9.0,13.7,71.0,28.5,Normal
100.1,39.8,9.4,11.79,78.0,28.1,Warning
89.3,49.6,10.4,13.13,75.0,34.3,Normal
97.1,42.8,3.2,13.02,41.0,34.4,Warning
91.0,43.6,2.6,12.83,180.0,38.3,Warning
100.4,39.1,5.4,12.19,74.0,33.3,Normal
100.2,27.5,7.8,12.69,80.0,29.3,Normal
77.4,45.0,4.4,12.84,56.0,33.1,Normal
82.3,43.1,11.2,12.16,53.0,29.2,Normal
72.3,41.2,2.3,13.06,53.0,33.9,Critical
98.2,36.3,2.1,13.02,13.0,32.7,Critical
102.9,40.2,7.2,12.8,120.0,33.8,Normal
94.3,33.3,4.2,12.6,132.0,32.0,Normal
95.3,45.7,7.6,12.46,122.0,32.8,Normal
86.5,46.6,6.4,12.61,164.0,30.9,Normal
98.1,45.0,7.2,12.38,58.0,32.6,Normal
87.8,26.8,11.4,11.88,120.0,35.3,Warning
105.0,41.6,10.5,12.58,6.0,32.2,Normal
103.6,42.0,11.8,13.97,60.0,31.5,Normal
99.2,50.0,5.7,12.09,184.0,31.7,Normal
96.3,61.0,5.6,12.28,171.0,33.8,Normal
89.6,50.3,6.2,13.0,100.0,35.0,Normal
95.4,28.5,5.7,13.1,190.0,39.1,Normal
85.3,42.7,7.4,12.81,168.0,31.1,Normal
101.6,39.8,6.5,13.74,131.0,39.8,Normal
80.5,39.3,2.9,13.14,27.0,33.3,Warning
90.8,34.7,3.2,12.39,152.0,35.1,Warning
106.9,23.0,9.3,12.15,146.0,33.8,Warning
83.5,35.2,8.8,12.89,166.0,28.7,Normal
83.7,41.1,9.8,12.31,113.0,33.0,Normal
110.5,35.8,6.2,12.61,195.0,31.9,Warning
93.3,51.9,3.2,12.04,73.0,34.5,Warning
91.3,42.4,10.6,12.85,175.0,32.9,Normal
84.6,39.8,2.2,12.62,160.0,32.0,Critical
107.8,24.7,6.5,13.15,120.0,29.7,Warning
87.7,41.3,10.6,13.03,27.0,28.4,Normal
90.6,24.8,2.8,12.61,139.0,32.6,Warning
86.4,33.8,7.1,12.65,22.0,37.0,Normal
70.6,32.2,6.2,12.09,140.0,34.1,Warning
82.0,35.5,3.6,12.24,157.0,30.9,Warning
81.5,46.8,7.3,13.13,124.0,36.0,Normal
86.7,58.3,8.6,12.25,35.0,31.9,Normal
94.8,45.3,7.2,12.31,189.0,31.1,Normal
98.8,36.6,8.8,13.16,143.0,26.1,Warning
108.1,42.6,9.7,13.28,170.0,30.6,Warning
82.0,38.7,10.7,12.89,120.0,35.9,Normal
100.9,46.0,4.5,13.01,142.0,31.7,Normal
80.6,31.5,5.6,12.99,123.0,34.4,Normal
98.6,63.2,3.8,13.29,109.0,32.9,Warning
96.2,42.0,6.8,13.13,195.0,30.2,Normal
101.8,26.5,6.4,12.61,180.0,36.0,Normal
105.1,58.2,9.8,12.15,122.0,37.3,Normal
89.7,48.7,2.1,12.61,192.0,34.8,Critical
87.7,40.4,9.8,11.91,141.0,29.8,Warning
86.0,39.2,6.3,13.55,166.0,30.1,Normal
86.7,57.5,11.6,12.09,27.0,35.3,Normal
93.5,46.2,6.4,13.09,41.0,36.9,Normal
89.9,39.8,8.0,13.14,179.0,34.2,Normal
95.7,29.8,12.0,12.29,35.0,37.3,Normal
100.7,36.3,7.3,12.27,78.0,33.0,Normal
104.6,48.0,4.3,13.09,165.0,27.8,Warning
90.6,29.4,5.4,12.55,59.0,39.2,Normal
93.2,32.3,2.3,12.88,166.0,29.3,Critical
94.8,34.1,2.2,12.92,141.0,35.7,Critical
98.6,39.4,11.6,12.71,35.0,32.6,Normal
99.5,39.8,10.3,13.04,84.0,34.1,Normal
96.4,33.0,7.1,11.69,35.0,29.9,Warning
90.0,40.2,5.5,11.8,52.0,32.9,Warning
88.9,41.7,3.6,12.71,131.0,35.7,Warning
101.9,32.8,5.0,12.31,134.0,32.9,Normal
93.9,31.3,11.0,12.17,118.0,30.7,Normal
86.3,33.6,9.6,12.33,128.0,32.8,Normal
84.8,39.8,4.6,12.77,183.0,35.0,Normal
81.0,47.2,5.0,11.56,14.0,36.8,Warning
93.6,32.2,2.6,12.94,146.0,30.9,Warning
99.2,32.5,11.7,11.99,198.0,29.9,Warning
95.9,34.0,11.4,12.24,159.0,26.5,Warning
101.8,31.5,7.4,11.7,191.0,31.7,Warning
82.0,42.7,7.8,13.43,196.0,37.1,Normal
100.1,42.0,4.9,13.59,122.0,27.8,Warning
89.0,43.2,5.7,10.87,30.0,29.9,Critical
101.1,34.7,5.5,12.52,97.0,33.5,Normal
84.4,43.3,6.4,12.58,184.0,35.5,Normal
93.6,38.6,9.3,13.31,187.0,35.6,Normal
92.8,40.4,2.9,12.5,51.0,31.6,Warning
86.2,47.8,11.3,12.9,56.0,28.8,Normal
106.4,35.9,9.3,13.2,81.0,31.2,Normal
88.9,37.6,8.0,12.33,177.0,27.7,Warning
87.6,53.1,9.2,11.97,188.0,33.1,Warning
97.8,48.1,9.2,12.31,86.0,35.8,Normal
94.7,46.7,9.0,12.36,116.0,32.5,Normal
90.0,39.6,11.1,11.83,46.0,34.0,Warning
83.4,34.9,7.0,14.05,17.0,31.7,Normal
95.5,46.4,9.1,12.37,87.0,29.5,Normal
99.0,35.1,9.9,12.79,24.0,28.5,Normal
97.9,35.9,4.2,12.65,171.0,39.6,Normal
92.0,43.8,9.0,13.05,38.0,34.1,Normal
83.2,45.2,2.9,12.7,145.0,33.4,Warning
94.2,42.4,8.2,12.13,46.0,30.8,Normal
82.1,34.5,4.7,12.05,156.0,31.9,Normal
73.4,33.4,4.6,12.89,25.0,32.9,Warning
89.6,37.5,11.7,11.37,195.0,32.3,Warning
93.5,55.0,8.4,12.84,98.0,36.0,Normal
90.6,51.1,3.8,12.65,128.0,37.0,Warning
92.7,39.9,10.2,13.25,133.0,36.3,Normal
94.3,45.5,4.1,11.73,14.0,33.2,Warning
89.9,43.6,9.5,12.36,173.0,29.7,Normal
105.9,35.5,8.5,12.98,91.0,32.6,Normal
91.9,41.7,5.1,11.9,30.0,39.7,Warning
105.4,38.7,3.1,12.96,132.0,32.6,Warning
83.6,15.8,4.7,13.67,136.0,31.2,Critical
90.4,32.6,3.3,12.0,21.0,35.1,Warning
115.2,37.7,4.8,12.14,68.0,32.6,Warning
99.2,30.9,10.5,12.58,22.0,29.9,Normal
98.4,37.5,5.4,12.84,27.0,33.4,Normal
81.3,54.9,7.6,12.93,195.0,36.2,Normal
107.7,44.5,6.3,12.73,86.0,34.2,Normal
106.2,53.6,7.8,12.07,44.0,34.5,Normal
98.4,38.8,6.7,12.79,99.0,32.4,Normal
95.5,55.0,9.4,12.04,129.0,30.3,Normal
85.8,47.9,6.2,12.68,5.0,29.4,Normal
89.1,29.8,7.4,12.15,134.0,28.2,Normal
75.7,35.5,2.0,13.03,164.0,31.4,Critical
90.8,30.2,9.0,11.76,26.0,36.6,Warning
84.5,25.0,11.6,12.47,37.0,33.0,Normal
73.4,45.2,4.8,12.61,142.0,32.9,Warning
101.5,41.0,9.7,13.32,39.0,28.4,Normal
80.8,41.8,9.6,11.28,165.0,32.2,Critical
97.7,54.0,8.4,12.78,121.0,28.1,Normal
98.3,48.3,11.3,12.32,124.0,30.8,Normal
101.1,36.3,6.7,13.2,114.0,33.2,Normal
98.3,34.1,5.3,11.66,177.0,34.8,Warning
88.7,45.1,7.2,12.33,112.0,32.0,Normal
88.0,38.2,4.8,12.73,72.0,34.1,Normal
86.2,41.8,6.2,12.46,7.0,30.5,Normal
85.9,41.8,3.4,12.69,126.0,33.3,Warning
94.7,35.9,10.1,12.82,168.0,38.7,Normal
99.9,37.9,11.8,12.14,149.0,33.8,Normal
93.6,49.3,3.6,12.86,73.0,31.1,Warning
112.8,59.3,7.1,12.68,187.0,28.9,Warning
89.4,29.7,2.0,13.04,146.0,34.7,Critical
89.1,42.6,7.9,12.61,125.0,34.1,Normal
83.8,44.1,10.7,12.42,194.0,31.7,Normal
86.3,39.8,5.6,13.11,22.0,30.8,Normal
108.8,36.1,8.3,12.91,77.0,38.3,Warning
91.4,41.4,11.2,12.49,121.0,28.5,Normal
88.9,32.1,7.3,11.95,150.0,34.5,Warning
90.2,44.7,6.0,12.74,172.0,30.0,Normal
94.2,34.9,3.1,12.96,138.0,33.3,Warning
91.9,54.5,5.6,12.44,173.0,34.3,Normal
93.3,37.4,10.3,13.28,103.0,29.1,Normal
105.6,42.3,9.1,12.29,117.0,27.4,Warning
92.4,38.4,7.4,12.85,20.0,34.3,Normal
110.8,39.6,6.5,12.77,83.0,35.4,Warning
115.6,36.9,2.5,12.61,154.0,32.8,Critical
97.5,52.9,7.1,13.17,190.0,27.9,Warning
107.0,37.4,9.6,12.59,115.0,31.6,Normal
91.2,36.5,8.9,12.46,44.0,31.2,Normal
110.3,39.8,4.0,12.59,159.0,35.0,Warning
90.7,24.8,6.7,12.89,123.0,36.8,Warning
112.7,36.0,8.9,12.13,100.0,33.0,Warning
93.5,43.5,7.3,12.31,157.0,26.3,Warning
92.7,43.6,6.7,12.51,190.0,34.0,Normal
94.0,46.4,2.7,13.07,32.0,38.9,Warning
99.4,34.2,2.1,13.25,103.0,28.0,Critical
98.6,45.1,5.7,12.21,173.0,29.6,Normal
92.6,45.3,9.9,12.73,128.0,28.4,Normal
92.5,41.0,11.3,12.63,153.0,33.7,Normal
104.0,26.3,5.3,13.14,44.0,34.0,Normal
104.0,55.0,4.4,12.6,48.0,33.0,Normal
96.4,44.5,11.2,13.13,128.0,29.3,Normal
89.7,39.3,4.9,13.01,142.0,34.9,Normal
106.1,25.5,4.9,11.78,122.0,27.9,Warning
94.1,41.6,5.7,12.64,77.0,37.2,Normal
96.4,31.5,10.8,12.97,98.0,32.9,Normal
95.3,37.2,4.6,12.85,92.0,31.0,Normal
92.8,34.9,4.8,12.49,20.0,36.6,Normal
94.5,39.8,8.4,12.46,178.0,31.1,Normal
82.1,25.6,4.4,13.02,83.0,29.7,Normal
94.0,62.9,10.1,12.61,79.0,33.7,Normal
101.1,35.3,5.8,13.01,182.0,32.7,Normal
97.3,29.5,7.6,12.88,117.0,31.1,Normal
88.8,41.1,7.7,11.59,186.0,31.5,Warning
103.4,51.4,9.5,12.95,34.0,33.6,Normal
82.6,45.4,6.2,12.47,184.0,29.1,Normal
97.2,39.8,6.0,13.17,182.0,32.9,Normal
91.9,30.3,10.8,11.7,189.0,31.7,Warning
99.8,34.9,5.0,13.26,37.0,28.6,Normal
93.2,37.0,7.2,12.82,94.0,31.5,Normal
101.0,39.8,6.1,11.79,156.0,37.0,Warning
108.9,49.3,11.5,12.14,60.0,38.4,Warning
98.2,26.6,4.6,12.12,78.0,34.4,Normal
98.8,47.7,4.5,12.87,23.0,33.4,Normal
91.2,44.4,6.2,12.93,182.0,32.0,Normal
96.4,46.3,6.9,11.77,43.0,30.4,Warning
85.5,35.1,7.0,13.2,157.0,42.3,Normal
92.8,27.0,5.8,12.61,161.0,41.9,Warning
98.3,36.0,8.7,12.98,106.0,30.8,Normal
94.2,42.9,10.7,12.76,110.0,31.5,Normal
96.9,37.9,2.2,12.62,158.0,33.6,Critical
94.2,41.1,10.5,12.56,36.0,34.8,Normal
99.5,39.6,3.5,12.7,179.0,33.7,Warning
88.7,48.5,6.8,13.02,148.0,30.9,Normal
96.8,36.6,10.6,12.61,188.0,31.7,Normal
89.2,42.6,11.2,13.18,158.0,33.8,Normal
104.9,23.4,4.8,12.65,67.0,32.9,Warning
74.5,33.5,7.7,11.93,70.0,23.3,Warning
81.2,27.7,6.4,12.68,51.0,30.1,Normal
98.8,55.4,4.6,11.81,104.0,30.0,Warning
106.0,33.7,4.6,12.4,19.0,29.9,Normal
89.6,33.8,11.1,12.58,25.0,29.8,Normal
102.0,16.8,5.8,12.24,169.0,34.7,Critical
91.0,47.3,4.4,12.59,72.0,31.4,Normal
101.4,30.5,6.1,11.72,79.0,36.1,Warning
99.9,38.8,7.9,12.58,73.0,34.2,Normal
89.4,28.0,8.0,12.71,77.0,29.5,Normal
87.5,39.5,11.1,11.83,92.0,32.7,Warning
86.2,47.7,8.4,12.6,102.0,31.1,Normal
100.9,48.7,7.1,12.05,165.0,32.2,Normal
89.2,43.1,7.7,11.3,130.0,37.8,Warning
89.5,40.8,4.2,13.14,191.0,34.0,Normal
89.5,33.2,11.9,12.67,151.0,32.9,Normal
98.1,37.5,6.9,13.28,57.0,33.6,Normal
103.4,45.9,12.0,12.61,54.0,30.7,Normal
97.5,35.7,8.3,13.7,108.0,30.6,Normal
93.5,33.5,5.2,12.02,49.0,35.4,Normal
93.6,48.3,2.6,12.51,187.0,30.5,Warning
103.1,33.6,11.9,13.47,100.0,35.9,Normal
87.8,38.1,4.4,12.21,117.0,31.7,Warning
88.8,55.6,2.4,12.92,170.0,29.7,Critical
84.4,43.0,2.7,13.09,176.0,34.9,Warning
90.3,32.6,3.2,12.2,13.0,37.6,Warning
85.7,38.3,5.1,12.69,130.0,30.7,Normal
79.8,23.6,2.6,13.08,16.0,31.6,Warning
106.9,48.1,4.6,12.73,53.0,38.8,Normal
100.1,39.8,6.8,12.82,84.0,29.8,Normal
98.1,44.9,2.9,12.62,137.0,35.2,Warning
107.7,42.7,9.9,12.61,170.0,31.8,Warning
89.5,25.1,6.8,12.4,143.0,37.6,Normal
89.1,40.3,9.3,13.07,169.0,36.1,Normal
96.3,40.1,7.5,12.04,157.0,35.4,Normal
96.9,44.2,3.2,12.03,32.0,28.1,Warning
94.5,31.3,11.5,13.01,164.0,31.5,Normal
93.6,41.5,9.4,12.43,124.0,35.4,Normal
104.5,37.1,10.5,11.98,109.0,30.7,Warning
93.8,48.3,9.8,12.98,94.0,38.4,Normal
86.2,30.8,8.8,12.63,143.0,29.9,Normal
96.4,31.7,4.6,12.61,163.0,30.8,Normal
99.4,30.5,5.4,12.61,88.0,33.9,Warning
91.1,31.7,6.0,13.07,74.0,32.4,Normal
79.2,28.0,2.1,13.04,172.0,33.2,Critical
94.9,49.0,10.7,12.52,181.0,34.6,Normal
92.8,50.2,9.7,12.1,123.0,37.2,Normal
84.1,48.0,8.2,12.69,92.0,32.0,Normal
98.9,49.6,8.2,13.34,149.0,39.1,Normal
93.0,50.4,10.3,12.51,130.0,29.8,Normal
94.9,48.6,7.5,13.35,123.0,28.2,Normal
85.2,31.4,9.8,12.51,157.0,32.6,Normal
92.1,35.5,5.9,12.8,112.0,33.6,Normal
94.3,35.7,4.2,12.61,99.0,30.2,Normal
79.9,37.9,8.2,12.21,27.0,37.2,Normal
89.6,40.7,10.0,12.06,92.0,29.0,Normal
96.2,37.4,3.3,12.97,134.0,29.4,Warning
95.1,45.6,8.5,13.09,170.0,28.2,Normal
91.0,36.4,6.7,12.07,132.0,34.3,Normal
89.6,42.4,2.1,12.86,47.0,35.4,Critical
93.4,24.6,4.8,12.58,154.0,32.1,Warning
104.9,41.1,9.2,12.36,140.0,30.3,Normal
88.0,33.6,5.4,12.43,178.0,29.6,Normal
92.5,46.3,10.2,12.15,105.0,30.3,Normal
111.2,44.8,4.6,13.36,143.0,33.3,Warning
90.4,35.3,2.0,13.78,68.0,33.5,Critical
91.3,29.3,9.8,12.18,120.0,29.3,Normal
87.7,35.4,5.6,13.03,23.0,31.3,Normal
77.4,41.5,4.0,12.24,134.0,33.5,Warning
95.7,35.9,11.5,13.11,86.0,31.4,Normal
91.7,30.1,3.7,12.67,193.0,32.0,Warning
98.1,30.5,8.4,12.43,55.0,33.8,Normal
97.2,46.9,6.7,11.67,17.0,33.9,Warning
84.4,55.7,3.0,12.78,135.0,32.0,Warning
98.5,40.4,10.1,12.9,117.0,31.9,Normal
94.0,39.8,4.6,12.36,134.0,36.9,Normal
80.1,29.6,8.6,12.15,92.0,33.4,Normal
100.6,44.3,5.8,12.5,53.0,39.1,Normal
86.3,41.6,9.8,13.3,79.0,39.2,Normal
97.2,51.8,11.1,13.09,25.0,35.8,Normal
81.7,38.3,7.9,12.51,25.0,30.1,Normal
94.7,40.6,4.1,13.01,150.0,33.4,Normal
86.8,53.9,3.2,12.79,174.0,36.3,Warning
88.0,41.4,11.1,12.26,104.0,31.4,Normal
79.0,28.1,4.5,12.48,92.0,34.8,Normal
97.6,28.6,9.5,12.44,87.0,33.3,Normal
101.1,39.8,11.8,12.67,180.0,32.1,Normal
107.3,48.7,6.9,12.18,99.0,34.5,Normal
81.5,39.6,6.6,12.67,153.0,30.5,Normal
95.2,35.2,11.1,11.46,136.0,32.8,Warning
114.2,36.4,11.6,12.42,161.0,31.7,Warning
78.1,37.7,6.3,13.02,162.0,35.3,Normal
102.9,56.8,9.3,12.23,113.0,34.0,Normal
101.3,34.6,5.8,12.81,68.0,31.0,Normal
96.6,35.7,8.1,13.58,32.0,29.2,Normal
100.2,33.7,11.5,12.62,85.0,35.7,Normal
106.4,31.2,7.1,12.64,116.0,29.3,Normal
111.5,41.5,4.8,13.32,39.0,32.9,Warning
97.8,35.9,10.1,12.33,13.0,32.9,Normal
86.7,38.1,9.1,12.6,162.0,32.6,Normal
105.5,51.4,9.4,12.9,33.0,36.4,Normal
93.6,33.4,5.5,12.43,32.0,35.7,Normal
89.6,43.6,5.0,12.95,183.0,33.2,Normal
103.9,44.4,2.5,13.43,98.0,29.7,Warning
96.4,41.6,3.5,12.57,15.0,33.6,Warning
107.7,35.1,4.1,12.64,84.0,34.1,Normal
100.0,60.8,6.8,12.86,38.0,34.2,Normal
93.3,43.5,7.8,12.76,60.0,32.9,Normal
109.6,35.7,8.7,12.02,55.0,31.8,Warning
101.5,38.2,8.9,12.1,193.0,30.3,Normal
102.7,39.8,2.1,12.61,108.0,34.0,Critical
92.6,32.1,3.5,12.6,176.0,28.9,Warning
93.5,37.3,11.2,12.95,131.0,34.3,Normal
83.0,38.7,5.9,12.06,150.0,28.6,Warning
91.4,28.7,7.9,12.03,196.0,32.3,Normal
92.4,44.4,6.5,12.08,146.0,39.0,Normal
88.3,43.2,5.3,12.78,77.0,29.2,Normal
101.2,35.8,2.8,12.72,170.0,32.2,Warning
108.8,38.9,10.4,13.01,26.0,32.9,Warning
101.1,26.9,5.1,12.51,91.0,39.9,Normal
99.9,43.1,11.2,12.49,86.0,36.4,Normal
80.2,39.8,8.5,12.41,135.0,32.5,Normal
81.1,49.7,8.3,12.64,196.0,30.8,Normal
97.0,24.5,2.4,12.54,145.0,32.9,Critical
84.4,44.3,2.8,13.27,53.0,33.5,Warning
87.9,32.7,9.5,13.12,9.0,35.2,Normal
81.8,39.0,6.1,12.7,172.0,32.4,Normal
91.8,42.3,10.9,12.67,197.0,33.5,Normal
84.4,39.1,11.4,13.42,132.0,35.0,Normal
90.6,41.5,10.9,12.77,27.0,36.5,Normal
92.8,42.0,2.3,12.56,120.0,36.3,Critical
86.4,41.1,4.6,12.52,164.0,33.9,Normal
103.4,49.9,6.6,11.92,180.0,31.4,Warning
105.6,35.4,3.9,12.39,179.0,29.4,Warning
107.3,35.5,2.1,11.41,179.0,31.5,Critical
99.4,46.4,7.0,13.3,184.0,32.9,Normal
105.0,30.2,6.5,13.15,7.0,33.7,Normal
102.5,51.4,10.5,12.76,49.0,34.4,Warning
83.1,35.7,9.3,12.9,9.0,30.2,Normal
89.6,47.1,7.3,13.31,44.0,29.6,Normal
84.2,44.1,4.4,12.43,36.0,36.0,Normal
87.1,58.2,4.4,12.81,27.0,35.7,Normal
97.5,38.8,6.0,12.76,65.0,31.4,Normal
102.9,50.0,11.4,13.46,200.0,35.0,Normal
94.6,39.5,4.6,11.71,168.0,32.9,Warning
89.1,48.9,9.6,12.58,54.0,33.0,Normal
87.8,43.7,6.8,12.12,26.0,32.2,Normal
98.1,36.7,5.8,11.75,147.0,33.5,Warning
99.5,42.0,6.6,12.39,41.0,36.9,Normal
90.6,32.1,4.5,13.09,99.0,33.2,Normal
112.7,35.3,5.1,12.78,143.0,29.7,Warning
113.2,39.1,6.1,11.9,23.0,32.7,Warning
103.5,51.2,10.7,12.78,101.0,35.9,Normal
70.4,28.5,10.8,12.61,99.0,32.9,Warning
100.7,48.6,6.0,12.41,125.0,30.3,Normal
100.9,41.3,9.0,13.19,28.0,34.9,Normal
86.0,58.1,3.1,12.24,187.0,30.3,Warning
82.1,35.6,11.3,12.65,188.0,34.7,Normal
87.5,51.3,8.4,13.06,179.0,32.9,Normal
96.4,40.6,7.2,12.9,126.0,29.6,Normal
86.9,45.2,9.0,12.87,44.0,34.8,Normal
98.5,49.2,3.6,12.2,151.0,30.5,Warning
87.2,33.6,2.9,12.03,83.0,32.9,Warning
92.3,46.0,6.7,13.02,6.0,40.2,Warning
95.4,37.6,8.1,12.45,152.0,34.8,Normal
90.6,56.9,8.1,12.23,149.0,37.3,Normal
89.7,49.4,9.2,12.56,173.0,37.3,Normal
93.7,45.2,11.9,13.48,20.0,32.2,Normal
110.4,35.0,7.8,12.64,103.0,33.2,Warning
97.1,35.3,2.4,12.22,78.0,33.9,Critical
100.6,51.4,3.3,12.73,93.0,32.0,Warning
100.8,35.0,10.4,12.5,123.0,32.0,Normal
110.7,37.6,7.7,13.04,82.0,27.8,Warning
83.9,39.1,5.1,13.46,32.0,33.3,Normal
90.3,33.5,5.0,11.5,17.0,31.1,Warning
93.6,44.0,3.6,12.65,11.0,25.5,Warning
85.0,41.9,6.2,12.87,117.0,34.4,Normal
96.8,51.6,10.3,13.59,17.0,32.7,Normal
95.6,38.2,3.0,13.24,137.0,30.4,Warning
94.6,35.9,3.2,12.67,61.0,29.2,Warning
96.6,59.3,10.9,13.22,123.0,31.6,Normal
106.6,29.9,6.5,12.83,146.0,30.4,Normal
96.3,49.5,9.6,13.02,125.0,28.7,Normal
97.7,49.5,2.5,12.96,178.0,33.5,Critical
98.5,28.2,3.3,12.4,188.0,32.9,Warning
97.1,38.3,5.8,13.58,35.0,34.9,Normal
99.4,31.5,9.7,13.8,182.0,31.8,Normal
99.5,39.9,11.4,11.92,120.0,37.3,Warning
74.7,42.7,7.3,12.6,148.0,34.1,Warning
85.4,35.4,5.6,12.32,12.0,36.1,Normal
100.4,30.7,11.1,11.46,108.0,30.3,Warning
110.7,41.6,5.0,11.83,194.0,31.6,Warning
90.0,52.7,5.3,12.79,56.0,32.3,Normal
90.0,45.7,9.5,13.07,126.0,32.9,Normal
90.8,36.4,10.8,13.49,165.0,33.7,Normal
102.6,46.3,2.6,11.99,193.0,33.8,Warning
91.6,38.2,5.9,12.84,132.0,37.9,Normal
80.3,43.1,7.4,13.3,133.0,32.8,Normal
85.3,48.1,9.6,11.92,189.0,35.8,Warning
95.1,36.1,11.1,12.88,176.0,33.3,Normal
91.6,39.9,10.7,11.47,129.0,22.5,Warning
92.8,33.3,11.3,13.83,187.0,37.0,Normal
110.4,52.0,2.0,13.29,142.0,34.4,Critical
91.3,51.8,7.0,12.26,130.0,35.0,Normal
104.4,47.6,2.9,12.36,45.0,34.4,Warning
91.6,32.6,8.8,12.31,191.0,34.3,Normal
98.5,53.9,3.5,12.11,20.0,27.6,Warning
101.4,40.5,8.7,13.46,39.0,35.3,Normal
93.1,36.3,7.8,12.59,85.0,33.9,Normal
93.3,38.6,5.9,11.88,132.0,32.0,Warning
99.5,42.0,11.4,13.01,47.0,36.9,Normal
96.1,44.8,3.4,12.73,83.0,35.3,Warning
98.7,50.5,10.7,13.01,122.0,28.6,Normal
91.7,39.0,6.0,12.13,156.0,34.8,Normal
99.4,29.8,11.1,12.65,46.0,33.0,Normal
96.3,24.2,4.1,12.61,186.0,38.2,Warning
104.5,40.1,4.7,12.43,109.0,33.6,Normal
93.0,53.1,11.7,12.78,70.0,30.6,Normal
104.8,30.7,10.5,12.61,148.0,28.8,Normal
83.8,46.6,6.6,11.64,8.0,28.4,Warning
101.5,53.9,6.3,13.09,186.0,34.6,Normal
98.2,40.6,6.9,12.05,163.0,33.8,Normal
92.6,37.0,4.7,12.66,31.0,34.0,Normal
97.0,57.3,6.1,12.39,194.0,33.4,Normal
73.0,32.8,4.2,13.2,37.0,30.7,Warning
94.2,51.0,3.1,12.7,161.0,34.7,Warning
87.6,40.8,3.2,12.35,93.0,31.0,Warning
116.7,36.7,2.8,12.49,80.0,34.4,Warning
96.3,45.1,5.4,13.16,152.0,36.5,Normal
95.5,46.8,6.6,11.67,18.0,34.9,Warning
97.9,43.2,4.7,12.87,104.0,34.9,Normal
94.2,31.1,7.3,12.09,107.0,35.7,Normal
88.2,34.6,2.4,12.63,49.0,35.7,Critical
104.5,26.5,6.2,12.61,7.0,36.0,Normal
92.5,59.8,4.1,13.29,163.0,32.9,Warning
98.3,31.6,3.0,13.64,86.0,28.7,Warning
96.8,42.5,11.0,12.22,85.0,32.9,Normal
95.1,38.0,8.4,12.65,121.0,33.4,Normal
94.1,40.1,8.9,12.47,150.0,35.6,Normal
94.4,33.9,6.9,12.53,124.0,33.6,Normal
93.4,57.3,8.8,12.63,198.0,33.6,Critical
94.7,47.0,4.0,12.35,43.0,36.8,Normal
98.6,27.4,3.0,13.07,119.0,30.9,Warning
85.8,46.2,5.8,12.37,23.0,27.9,Warning
114.4,48.6,9.7,13.31,151.0,33.4,Warning
105.8,53.2,5.5,12.42,171.0,34.8,Normal
102.1,39.2,4.0,12.61,149.0,32.1,Warning
106.8,18.3,3.5,13.37,190.0,29.1,Warning
96.7,42.0,5.3,12.82,88.0,32.2,Normal
88.9,43.3,8.2,12.06,167.0,30.7,Normal
109.5,39.5,5.1,12.42,65.0,32.3,Warning
82.7,33.1,11.9,12.13,28.0,34.7,Normal
95.3,40.0,6.1,13.15,72.0,32.3,Normal
81.0,38.3,7.2,12.39,120.0,29.0,Normal
95.5,35.6,5.3,12.5,109.0,31.2,Normal
90.0,41.5,8.3,13.13,57.0,27.8,Warning
86.4,38.3,4.2,13.46,23.0,35.5,Normal
103.4,50.2,5.6,12.95,159.0,39.1,Normal
88.9,47.7,4.8,12.78,49.0,32.9,Warning
104.6,35.8,11.2,13.34,146.0,38.5,Normal
85.3,40.3,4.4,12.41,180.0,35.3,Normal
109.8,38.7,6.5,11.97,194.0,33.1,Warning
91.1,39.8,8.7,12.81,112.0,36.9,Normal
109.0,40.3,11.1,12.61,155.0,38.2,Warning
104.5,48.0,6.7,13.16,137.0,29.7,Normal
97.8,30.0,11.7,12.08,188.0,34.5,Normal
88.0,54.2,10.8,12.98,123.0,35.7,Normal
93.0,46.7,7.4,13.09,127.0,32.5,Normal
112.9,28.9,2.1,12.57,7.0,37.2,Warning
93.5,40.5,2.5,13.23,150.0,26.3,Warning
95.2,43.7,6.8,11.89,122.0,34.0,Warning
96.8,57.4,7.6,13.52,24.0,32.7,Critical
93.1,46.3,7.0,12.45,13.0,31.5,Normal
91.0,51.4,11.3,13.46,56.0,33.0,Normal
81.3,48.4,11.9,12.78,63.0,31.0,Normal
101.3,41.7,10.3,12.8,75.0,32.8,Normal
108.7,45.5,9.2,12.86,98.0,32.7,Warning
97.7,48.7,4.7,12.43,69.0,32.5,Normal
99.5,45.9,3.2,12.33,94.0,32.8,Warning
119.0,50.6,6.8,13.57,119.0,30.4,Critical
85.6,46.8,7.3,13.82,167.0,31.4,Normal
92.7,46.3,11.4,11.92,19.0,33.4,Critical
94.1,35.3,11.8,13.19,13.0,35.5,Normal
93.1,53.0,5.4,12.13,68.0,30.8,Normal
99.6,46.1,2.6,12.61,57.0,38.0,Warning
104.0,30.2,5.0,12.28,175.0,33.0,Normal
87.3,48.7,2.3,12.06,165.0,28.3,Critical
91.2,35.3,11.0,11.64,123.0,32.6,Warning
82.4,46.3,2.7,12.36,27.0,32.3,Warning
93.1,48.6,2.2,13.4,61.0,34.2,Critical
102.8,35.6,11.4,11.7,109.0,27.8,Warning
102.1,40.5,9.7,12.94,37.0,36.1,Normal
103.8,53.3,5.9,12.3,129.0,35.8,Normal
103.2,34.4,8.5,12.68,18.0,34.9,Normal
92.5,28.4,7.4,12.35,29.0,34.0,Normal
91.1,40.0,7.0,11.91,190.0,34.4,Warning
103.0,34.1,9.7,12.61,89.0,36.3,Normal
104.0,33.6,11.3,12.17,133.0,31.9,Normal
86.3,29.1,5.1,12.76,183.0,33.3,Normal
96.9,45.6,6.4,12.26,171.0,29.6,Normal
94.5,40.7,2.6,12.59,166.0,27.4,Warning
94.2,29.4,9.7,13.55,58.0,34.7,Normal
91.6,39.1,9.9,12.87,132.0,29.5,Normal
81.8,45.2,2.0,12.91,177.0,34.6,Critical
86.5,42.9,3.3,12.42,20.0,36.0,Warning
91.4,33.3,3.0,13.5,59.0,33.8,Warning
101.5,46.8,8.4,13.14,136.0,34.2,Normal
97.8,24.8,6.5,13.02,168.0,30.8,Warning
99.3,47.6,3.4,12.28,138.0,30.4,Warning
99.8,35.9,5.8,12.61,146.0,35.7,Normal
85.8,39.8,8.2,12.32,73.0,35.1,Normal
101.4,42.7,5.1,12.56,93.0,29.7,Normal
99.0,35.6,4.8,12.48,121.0,31.2,Normal
93.4,51.2,2.1,12.61,102.0,32.0,Critical
86.6,33.5,3.8,12.93,83.0,22.3,Warning
97.8,42.1,3.4,13.18,161.0,37.0,Warning
92.7,44.0,11.6,13.29,148.0,34.0,Normal
88.5,44.2,3.5,13.12,76.0,35.3,Warning
95.2,44.1,9.4,12.7,161.0,34.8,Normal
89.1,44.8,2.9,12.58,66.0,37.8,Warning
89.9,43.6,6.9,12.28,118.0,32.1,Normal
98.0,38.3,10.6,12.2,157.0,34.6,Normal
91.1,46.4,5.7,11.87,174.0,34.8,Warning
82.6,43.4,4.7,11.21,125.0,36.9,Critical
89.5,41.3,11.2,12.74,191.0,37.4,Normal
91.4,44.1,11.2,12.36,100.0,35.8,Normal
82.7,41.4,7.2,12.86,129.0,33.2,Normal
96.4,38.5,9.6,12.79,77.0,38.2,Normal
97.6,40.7,7.0,12.61,11.0,32.3,Normal
92.9,42.2,3.2,12.61,90.0,36.7,Warning
93.5,41.7,10.4,12.33,120.0,29.4,Normal
103.6,54.1,5.2,12.9,67.0,32.2,Normal
100.4,37.3,5.4,12.75,20.0,31.9,Normal
84.4,54.9,11.7,12.97,23.0,30.8,Normal
107.6,46.3,9.2,11.92,14.0,30.7,Warning
102.1,59.4,7.2,12.34,176.0,35.1,Normal
107.4,31.4,7.7,12.57,141.0,36.8,Normal
88.7,40.1,11.6,12.79,66.0,30.7,Normal
105.9,39.8,4.1,12.78,133.0,35.4,Normal
99.3,50.7,4.3,12.33,86.0,33.8,Normal
78.8,37.8,2.6,12.75,128.0,34.8,Warning
97.9,56.4,7.3,12.83,82.0,26.5,Warning
103.0,48.2,10.1,12.93,121.0,37.2,Normal
93.3,43.5,6.4,12.18,138.0,29.7,Normal
83.2,40.1,11.1,12.2,135.0,37.1,Normal
100.4,43.9,3.1,12.69,103.0,30.1,Warning
101.6,36.9,7.7,12.35,87.0,28.1,Normal
88.3,34.6,5.9,12.43,30.0,26.3,Warning
98.8,41.2,10.9,12.29,145.0,25.8,Critical
85.4,41.2,7.4,13.0,124.0,30.3,Normal
92.9,39.0,4.8,13.07,149.0,30.1,Normal
94.7,35.4,11.8,13.65,192.0,28.4,Normal
88.2,39.8,11.7,13.34,61.0,34.9,Normal
94.7,39.8,2.5,12.17,128.0,33.2,Warning
113.8,37.7,5.0,12.35,49.0,33.0,Warning
91.0,39.8,10.5,12.62,181.0,31.7,Normal
90.9,34.3,6.1,12.16,38.0,36.6,Normal
104.3,23.0,5.2,11.72,92.0,32.4,Warning
120.9,41.8,7.3,11.61,185.0,34.6,Critical
96.2,50.7,6.4,12.29,113.0,31.6,Normal
97.0,53.6,9.8,12.61,61.0,38.0,Normal
88.9,57.1,4.0,12.48,121.0,27.2,Warning
99.7,44.4,9.9,12.09,23.0,32.9,Normal
92.4,50.0,4.9,12.34,72.0,34.1,Normal
94.8,38.5,12.0,12.44,125.0,34.4,Normal
90.2,42.0,5.0,12.53,190.0,31.1,Critical
103.6,45.9,6.1,12.35,11.0,26.5,Warning
95.8,38.3,5.8,12.7,184.0,31.5,Normal
85.8,35.6,7.2,12.6,189.0,34.9,Normal
91.1,32.0,11.6,12.83,79.0,36.9,Normal
96.2,43.7,2.1,12.1,135.0,33.3,Warning
94.0,29.7,7.4,12.61,193.0,28.7,Normal
85.9,45.7,2.5,12.39,171.0,31.3,Warning
94.9,38.5,4.8,12.52,41.0,33.7,Normal
84.6,39.1,3.1,12.13,6.0,32.6,Warning
108.7,29.3,10.8,13.46,188.0,32.5,Warning
89.0,31.3,7.3,12.34,143.0,40.8,Warning
70.0,32.9,9.4,11.99,140.0,32.7,Warning
107.1,42.9,5.9,12.27,92.0,31.7,Normal
97.6,39.9,4.7,13.15,169.0,29.9,Normal
89.8,41.6,3.7,12.8,180.0,28.7,Warning
98.8,35.7,4.8,12.67,188.0,33.0,Normal
88.1,39.5,6.8,12.98,102.0,32.3,Normal
79.3,39.8,9.8,12.12,70.0,32.9,Normal
99.3,57.1,10.1,12.51,138.0,29.2,Normal
104.1,51.2,3.7,12.61,74.0,29.6,Warning
93.0,30.3,10.7,12.88,112.0,28.9,Normal
108.6,24.0,2.7,12.58,129.0,29.4,Warning
100.2,30.9,4.0,13.31,110.0,30.6,Normal
98.8,32.9,7.6,12.61,136.0,35.8,Normal
97.2,40.6,10.8,12.17,179.0,31.7,Normal
89.0,34.8,4.7,12.83,178.0,36.5,Normal
107.5,43.0,7.9,12.97,110.0,34.9,Normal
91.7,40.8,11.0,11.6,122.0,33.8,Warning
96.9,37.9,9.1,11.47,78.0,27.8,Warning
100.0,55.1,11.3,13.76,143.0,31.8,Normal
101.0,37.2,11.0,12.09,44.0,35.6,Warning
93.8,28.7,5.3,12.23,93.0,35.0,Normal
96.8,33.7,4.7,12.81,125.0,36.7,Normal
99.5,36.6,10.1,12.52,158.0,35.6,Normal
94.2,40.9,4.5,12.8,24.0,34.5,Normal
102.4,34.8,2.6,12.59,112.0,34.0,Warning
95.6,26.7,7.4,12.73,121.0,34.1,Normal
90.9,38.8,5.4,12.99,150.0,32.9,Normal
97.3,34.6,8.0,12.59,147.0,31.3,Normal
113.2,44.0,11.4,12.77,126.0,30.5,Warning
99.3,36.7,3.9,12.29,154.0,29.5,Warning
101.1,32.8,8.3,12.42,153.0,32.2,Normal
106.6,34.1,3.1,12.51,189.0,28.1,Warning
91.3,36.5,5.7,12.61,24.0,34.9,Normal
99.9,47.8,7.4,13.15,101.0,31.0,Normal
96.5,40.0,7.1,12.85,22.0,33.0,Normal
100.0,32.7,5.2,12.82,51.0,37.1,Normal
83.8,35.4,8.1,12.23,142.0,33.7,Normal
106.8,43.8,10.5,12.71,125.0,31.3,Normal
102.9,39.7,10.6,12.46,155.0,30.8,Critical
86.2,38.0,11.0,12.71,135.0,36.5,Normal
109.4,37.0,2.9,13.19,187.0,29.2,Warning
89.7,47.2,10.0,12.45,180.0,32.9,Normal
97.8,42.6,10.5,12.46,60.0,32.0,Normal
97.5,37.4,7.8,12.99,29.0,35.4,Normal
91.2,37.0,4.0,12.8,196.0,31.3,Warning
87.7,38.1,9.0,12.13,153.0,27.4,Warning
101.9,40.4,10.7,12.15,84.0,41.4,Warning
109.2,35.5,10.3,12.85,102.0,38.1,Normal
93.8,53.1,3.8,12.95,161.0,34.4,Warning
88.6,29.1,6.6,12.53,47.0,33.1,Normal
102.1,57.9,9.2,12.26,50.0,32.9,Normal
93.7,40.0,10.1,12.28,81.0,32.8,Normal
110.5,33.6,5.6,12.06,38.0,32.4,Warning
87.1,32.2,7.8,12.23,39.0,31.8,Normal
93.1,39.8,10.8,12.49,172.0,30.5,Normal
84.0,38.3,6.8,12.54,120.0,31.3,Normal
106.9,41.2,4.9,12.91,55.0,28.1,Normal
90.6,43.8,7.8,12.33,34.0,33.7,Normal
98.0,50.7,6.2,13.07,67.0,33.0,Normal
90.1,33.8,10.4,12.35,125.0,32.1,Normal
95.3,36.3,6.8,13.23,67.0,32.5,Normal
99.7,34.5,10.7,12.87,8.0,32.2,Normal
94.0,32.1,11.5,12.53,193.0,32.8,Normal
83.3,41.7,8.4,13.53,54.0,36.4,Normal
97.4,40.7,7.4,13.18,79.0,30.3,Normal
106.0,22.8,3.9,12.8,6.0,32.1,Warning
86.2,35.2,3.3,12.42,107.0,30.7,Warning
85.4,48.3,11.3,12.6,49.0,33.7,Normal
100.1,62.6,8.1,12.99,96.0,29.7,Normal
98.0,43.9,9.8,13.34,20.0,32.9,Normal
89.5,39.0,11.4,12.91,27.0,33.2,Critical
85.3,40.9,4.2,12.45,13.0,27.1,Warning
91.6,37.3,8.1,13.39,135.0,32.7,Normal
98.1,48.2,3.5,11.75,198.0,33.2,Warning
105.0,51.8,9.6,11.82,192.0,31.7,Warning
98.7,38.9,8.8,12.22,119.0,36.2,Normal
104.1,48.8,10.8,13.3,168.0,34.8,Normal
100.7,41.5,10.7,12.35,167.0,28.7,Normal
98.9,44.6,8.7,12.04,159.0,33.4,Normal
85.0,35.8,9.4,11.92,158.0,31.1,Warning
92.6,36.4,8.0,12.54,137.0,34.2,Normal
98.3,41.7,8.7,12.78,198.0,36.0,Normal
90.2,36.7,2.7,13.19,150.0,32.2,Warning
92.9,36.9,2.8,13.35,15.0,33.4,Warning
101.8,49.7,10.7,12.4,26.0,32.4,Normal
94.5,43.6,8.0,12.8,68.0,33.9,Normal
98.6,36.5,6.8,13.0,152.0,26.5,Warning
91.7,42.3,3.2,12.99,111.0,32.8,Warning
98.0,39.8,2.5,12.57,88.0,27.8,Warning
87.1,38.6,8.1,12.31,157.0,26.9,Warning
85.0,42.8,3.4,11.94,79.0,30.0,Warning
95.1,48.7,3.9,12.45,135.0,34.4,Warning
93.4,38.6,6.8,12.04,103.0,36.7,Normal
85.8,54.8,3.4,13.34,9.0,29.7,Warning
87.3,33.4,8.0,12.44,101.0,35.6,Normal
100.6,41.7,6.8,12.59,53.0,39.1,Normal
106.8,49.0,11.7,12.56,73.0,25.1,Warning
80.4,25.7,3.6,13.34,52.0,32.3,Warning
94.8,26.9,11.7,13.78,128.0,32.9,Normal
105.1,35.0,7.0,12.24,129.0,37.4,Normal
96.0,34.4,10.8,13.67,8.0,32.1,Normal
97.5,34.8,8.7,12.53,162.0,30.1,Normal
86.7,38.6,10.6,12.61,179.0,33.7,Normal
94.5,40.9,3.1,12.95,19.0,29.8,Warning
96.5,32.5,9.6,12.97,87.0,29.5,Normal
93.5,49.2,5.7,13.42,123.0,30.9,Normal
98.9,37.8,9.7,12.66,30.0,33.8,Normal
96.3,26.1,4.9,13.28,69.0,31.0,Normal
97.1,31.5,11.5,12.49,126.0,28.0,Warning
86.8,38.4,11.3,12.86,169.0,32.7,Normal
92.1,38.6,3.1,13.13,86.0,36.8,Warning
87.2,29.2,4.9,12.51,151.0,38.5,Normal
94.1,39.8,7.7,13.07,68.0,30.3,Normal
102.3,43.0,9.3,11.74,160.0,29.4,Warning
103.7,36.8,9.9,12.39,70.0,34.5,Normal
97.3,31.8,6.9,13.11,156.0,34.2,Normal
76.4,39.8,3.5,13.09,97.0,32.7,Warning
83.5,49.5,10.1,12.8,172.0,32.9,Normal
102.8,34.2,4.7,12.97,34.0,32.6,Normal
81.2,41.5,5.8,12.82,123.0,37.1,Normal
104.4,45.0,11.1,13.08,171.0,31.6,Normal
89.8,27.3,9.1,11.36,144.0,34.2,Warning
79.9,29.1,4.2,12.62,139.0,36.0,Normal
93.1,46.9,5.7,11.58,5.0,32.3,Warning
98.2,49.7,6.4,12.5,105.0,27.2,Warning
108.2,39.7,2.6,13.05,125.0,30.1,Warning
99.1,39.8,10.7,11.78,8.0,29.0,Warning
91.0,34.2,11.6,12.56,182.0,30.6,Normal
94.8,52.0,8.8,12.91,78.0,27.7,Warning
84.2,41.2,9.5,12.61,169.0,30.1,Normal
110.7,42.2,9.0,12.8,169.0,32.9,Warning
106.7,38.7,11.4,12.78,59.0,39.0,Normal
91.5,32.8,6.0,12.05,65.0,32.9,Normal
96.8,27.1,11.1,12.98,168.0,32.3,Normal
87.1,43.7,4.4,12.93,104.0,33.0,Normal
91.4,45.2,11.2,12.86,182.0,31.3,Normal
92.0,48.0,8.5,12.51,153.0,33.7,Normal
98.9,44.3,3.6,11.7,48.0,32.6,Warning
90.1,45.4,9.2,12.43,18.0,32.9,Normal
101.0,45.7,2.1,13.15,80.0,32.9,Critical
89.2,39.6,3.4,13.36,30.0,34.2,Warning
94.0,30.2,8.4,11.92,164.0,35.4,Warning
101.0,45.3,10.1,12.65,72.0,31.9,Normal
93.9,27.2,6.3,11.85,115.0,30.7,Warning
87.6,47.5,6.5,12.54,23.0,35.9,Normal
86.9,38.1,10.4,12.73,24.0,30.8,Normal
82.2,41.9,3.3,12.48,113.0,30.5,Warning
91.5,41.4,9.8,12.8,38.0,30.8,Normal
100.1,50.4,3.3,11.78,117.0,33.2,Warning
96.1,29.8,11.9,12.65,187.0,34.4,Critical
90.3,36.1,5.0,12.61,179.0,32.6,Normal
95.1,40.6,7.3,12.89,132.0,31.6,Normal
103.5,27.0,9.0,12.18,19.0,30.1,Normal
98.3,47.0,11.6,12.64,102.0,29.6,Normal
95.8,30.2,10.5,12.76,148.0,36.4,Normal
99.7,41.6,3.8,11.9,183.0,33.9,Warning
94.7,40.7,11.7,12.83,84.0,32.8,Normal
91.8,34.0,2.1,12.92,38.0,29.2,Critical
95.1,29.7,7.2,13.93,71.0,32.5,Normal
91.1,27.7,11.0,12.38,192.0,35.5,Normal
90.4,32.3,11.9,11.97,104.0,34.9,Warning
111.5,31.1,11.0,12.75,71.0,25.5,Warning
91.2,40.1,3.2,12.59,172.0,28.2,Warning
93.7,38.1,8.2,11.66,119.0,38.8,Warning
112.9,52.6,3.1,12.65,136.0,38.2,Warning
86.7,36.2,8.8,13.91,185.0,31.1,Normal
94.7,46.5,2.5,12.74,61.0,28.2,Warning
100.3,39.9,6.7,11.94,144.0,29.7,Warning
97.1,40.5,10.2,12.61,132.0,30.8,Normal
115.8,40.2,6.6,12.66,186.0,29.5,Warning
93.8,58.6,7.7,12.16,58.0,32.0,Normal
86.2,41.1,3.2,12.79,69.0,34.9,Warning
96.8,46.5,10.3,12.61,180.0,37.1,Normal
81.5,39.8,7.3,12.39,9.0,31.8,Normal
97.6,46.1,6.2,12.17,182.0,32.5,Normal
96.4,45.0,11.9,13.08,138.0,31.8,Normal
84.8,38.9,6.6,12.61,122.0,38.4,Warning
87.4,38.5,8.8,12.42,69.0,32.9,Normal
90.5,34.6,6.1,12.23,108.0,36.8,Normal
93.5,45.7,4.5,12.09,47.0,38.9,Normal
94.3,40.7,3.0,12.88,161.0,31.7,Warning
88.9,44.2,5.0,12.38,125.0,34.3,Normal
81.1,43.3,2.7,12.3,170.0,34.6,Warning
91.1,53.2,11.5,12.72,183.0,29.4,Warning
110.3,31.8,9.4,12.25,27.0,33.6,Warning
94.8,46.6,4.8,12.28,155.0,32.6,Normal
89.9,49.0,6.0,13.36,30.0,34.3,Warning
106.8,61.4,6.9,12.75,69.0,35.3,Normal
80.1,55.5,8.9,12.32,177.0,31.3,Normal
86.9,38.3,5.0,12.65,105.0,33.2,Normal
94.6,35.2,2.2,11.98,162.0,30.3,Critical
98.5,33.4,9.2,12.14,195.0,32.7,Normal
82.6,36.3,11.7,12.33,87.0,32.2,Normal
95.5,36.9,5.7,12.97,139.0,36.6,Normal
95.6,33.0,9.9,13.11,8.0,32.9,Normal
89.7,47.2,5.5,12.27,188.0,34.5,Normal
95.7,30.8,6.9,12.5,115.0,32.9,Normal
78.3,45.9,9.7,12.99,53.0,33.4,Normal
94.9,45.9,8.4,12.87,54.0,30.7,Normal
90.0,46.5,9.7,12.97,50.0,29.2,Normal
99.8,45.4,10.0,12.84,94.0,36.5,Normal
91.2,37.5,3.0,12.32,100.0,34.8,Warning
88.3,57.4,5.3,13.06,127.0,30.3,Normal
96.3,38.7,8.4,12.62,50.0,33.5,Normal
85.1,46.7,5.8,12.71,41.0,34.1,Normal
87.5,30.9,2.6,12.83,111.0,36.3,Warning
86.1,33.5,2.4,12.79,96.0,31.5,Critical
90.7,46.8,6.1,12.52,31.0,37.0,Normal
94.7,27.1,4.4,13.55,114.0,31.8,Normal
94.6,34.6,6.7,13.39,74.0,36.5,Normal
84.6,40.0,6.3,11.58,32.0,32.0,Warning
97.4,34.4,4.3,13.5,185.0,34.5,Normal
94.9,46.0,5.7,12.94,144.0,30.3,Warning
92.6,41.0,4.1,12.43,134.0,32.5,Normal
81.5,32.5,5.8,12.62,173.0,37.5,Normal
82.9,37.7,10.8,12.61,76.0,40.2,Warning
90.3,52.0,4.5,13.01,188.0,36.4,Normal
94.6,28.1,9.7,12.4,51.0,35.8,Normal
97.9,43.4,6.6,11.98,128.0,30.6,Warning
108.0,40.7,4.8,13.01,125.0,33.5,Normal
103.2,37.3,10.4,12.97,82.0,30.9,Normal
80.5,30.6,3.6,12.46,20.0,29.7,Warning
105.8,43.4,10.5,12.58,35.0,29.9,Critical
99.7,46.6,12.0,12.23,97.0,33.7,Normal
90.2,52.8,5.9,13.25,156.0,33.9,Normal
109.8,41.3,11.0,12.27,76.0,37.6,Warning
117.5,24.9,11.9,13.13,86.0,28.5,Critical
102.7,34.0,7.2,12.33,197.0,33.0,Warning
95.4,53.1,2.3,12.45,52.0,33.9,Critical
95.1,43.6,2.4,12.58,138.0,32.2,Critical
87.2,40.8,6.6,13.42,148.0,30.3,Normal
93.2,34.5,6.2,12.13,193.0,34.1,Normal
87.8,34.0,10.3,13.18,107.0,26.9,Warning
93.4,46.5,11.6,13.06,42.0,32.6,Normal
108.8,36.5,2.6,12.71,80.0,35.8,Warning
97.0,43.5,6.7,12.01,163.0,32.5,Normal
101.1,47.0,7.0,13.34,178.0,29.8,Normal
88.3,37.0,11.2,13.38,170.0,31.2,Normal
94.1,39.8,5.9,13.02,169.0,29.4,Normal
92.2,39.1,9.6,13.79,27.0,37.0,Normal
109.2,46.6,6.9,12.79,156.0,37.2,Warning
104.3,45.4,9.0,13.27,34.0,35.8,Normal
96.8,33.8,10.2,13.38,46.0,35.0,Normal
98.9,42.0,9.9,12.06,12.0,35.2,Normal
92.0,41.0,3.7,12.01,157.0,33.8,Warning
84.0,53.2,5.2,12.73,12.0,35.9,Normal
92.7,28.1,11.4,12.98,108.0,25.0,Warning
97.2,35.0,4.4,11.89,167.0,33.4,Warning
85.0,28.8,3.4,12.16,156.0,35.1,Warning
86.1,48.8,12.0,12.13,185.0,35.1,Normal
87.5,45.9,9.2,13.37,134.0,29.4,Normal
97.2,34.2,10.9,12.98,104.0,36.7,Normal
89.5,33.9,6.5,12.4,156.0,32.9,Normal
97.0,40.5,5.1,13.25,162.0,44.6,Warning
100.0,51.4,9.7,12.94,68.0,36.7,Normal
96.1,41.7,5.5,11.99,169.0,35.0,Warning
85.8,48.0,10.8,12.61,125.0,33.2,Normal
95.1,49.3,7.0,12.87,107.0,30.7,Normal
87.0,39.8,12.0,12.98,37.0,38.8,Normal
81.7,29.7,4.8,13.44,123.0,32.7,Normal
103.7,37.4,7.6,11.99,60.0,32.9,Warning
90.7,46.1,8.7,13.23,66.0,35.2,Normal
107.1,44.2,9.1,12.16,99.0,31.6,Normal
91.7,48.7,2.5,11.88,115.0,33.2,Critical
90.2,39.8,11.0,12.85,106.0,35.8,Normal
83.9,39.1,9.9,12.5,142.0,32.9,Normal
95.3,50.5,10.3,12.76,167.0,37.5,Normal
96.9,35.0,5.6,11.71,85.0,30.6,Warning
103.0,45.4,3.2,13.17,103.0,31.4,Warning
86.7,49.4,7.0,12.74,156.0,36.1,Normal
93.0,43.3,4.2,12.06,157.0,34.8,Normal
95.6,50.5,7.7,12.81,15.0,34.5,Normal
111.0,29.4,9.9,12.68,136.0,35.8,Warning
101.0,48.2,3.9,13.11,30.0,30.8,Warning
82.7,48.5,10.3,11.84,159.0,35.4,Warning
98.6,46.3,5.2,12.94,80.0,32.9,Normal
91.4,39.8,4.0,12.3,49.0,29.4,Normal
81.4,43.8,8.7,13.13,80.0,28.0,Warning
101.8,50.0,11.4,12.09,120.0,31.2,Normal
87.1,33.5,6.3,13.03,145.0,37.7,Normal
88.1,35.8,5.3,12.72,184.0,33.8,Normal
92.3,44.8,10.3,12.14,157.0,34.7,Normal
91.5,58.2,9.9,13.11,59.0,36.9,Normal
91.4,37.4,8.8,12.39,51.0,32.0,Normal
95.7,28.4,11.2,13.42,143.0,35.2,Normal
82.5,30.6,10.6,12.44,189.0,33.8,Normal
98.6,55.3,11.1,13.17,156.0,36.4,Normal
90.3,46.9,11.5,12.63,16.0,33.4,Normal
95.6,31.3,2.1,13.64,86.0,31.5,Critical
114.3,42.1,10.5,12.41,90.0,34.3,Warning
90.6,46.9,10.0,12.63,8.0,32.2,Normal
89.6,34.5,10.8,12.36,169.0,29.3,Normal
100.1,26.1,8.3,12.8,96.0,34.8,Normal
96.5,33.5,4.4,12.35,37.0,31.1,Normal
99.2,33.8,11.4,12.69,156.0,34.8,Warning
98.3,48.1,7.9,12.85,173.0,34.5,Normal
97.4,42.7,11.8,13.37,184.0,39.0,Normal
92.8,47.3,3.7,11.94,12.0,31.6,Warning
113.8,37.5,10.3,12.31,46.0,30.7,Warning
92.9,29.6,12.0,12.04,18.0,33.8,Normal
95.0,65.0,2.9,12.59,151.0,37.0,Warning
100.2,29.7,4.4,12.2,54.0,30.5,Normal
89.4,42.4,6.4,12.58,176.0,32.6,Normal
96.4,52.8,8.9,12.67,140.0,28.1,Normal
84.3,42.5,3.4,11.06,101.0,30.9,Critical
97.6,33.5,4.2,13.17,199.0,31.7,Normal
97.5,42.0,3.1,12.0,134.0,28.8,Warning
96.5,52.0,5.9,12.73,82.0,33.9,Normal
89.2,28.2,3.3,13.03,192.0,29.3,Warning
95.1,62.1,9.8,13.05,81.0,32.9,Normal
98.2,26.4,6.6,13.09,38.0,34.4,Normal
87.7,38.3,11.7,12.78,188.0,34.0,Normal
84.7,46.7,8.9,12.91,117.0,28.9,Normal
97.4,36.5,3.8,12.19,53.0,37.5,Warning
88.5,46.3,6.8,13.65,156.0,31.6,Normal
95.4,39.8,11.5,12.61,179.0,31.2,Normal
93.6,35.7,2.3,13.39,20.0,34.8,Critical
80.2,30.5,5.6,13.02,118.0,34.8,Normal
86.2,41.6,10.4,12.82,159.0,31.6,Normal
91.9,38.6,10.2,12.86,177.0,32.9,Normal
90.0,39.3,2.2,12.07,42.0,31.8,Critical
77.9,43.2,7.7,12.61,20.0,31.3,Normal
77.1,26.2,9.5,12.37,98.0,35.4,Normal
89.4,57.9,6.3,13.23,67.0,38.3,Normal
88.3,41.7,9.2,13.08,88.0,33.6,Normal
90.5,44.0,10.8,11.96,31.0,30.2,Warning
102.7,51.0,4.1,12.49,95.0,29.3,Normal
93.3,40.3,3.6,12.31,51.0,30.2,Warning
100.7,55.2,2.9,13.18,133.0,28.2,Warning
96.4,40.6,7.2,12.7,188.0,35.5,Normal
95.3,38.9,6.9,12.39,70.0,35.0,Normal
95.8,39.0,8.5,12.44,92.0,31.1,Normal
93.9,38.1,11.8,12.43,165.0,39.4,Normal
84.7,37.4,8.4,12.95,77.0,35.0,Normal
104.9,37.0,12.0,12.55,117.0,32.3,Critical
102.0,41.2,8.9,11.68,137.0,36.3,Warning
109.8,39.2,2.4,12.6,56.0,29.5,Critical
81.2,51.8,3.0,12.94,13.0,34.3,Warning
89.6,54.2,3.6,12.47,93.0,33.2,Warning
89.4,35.3,6.9,13.76,7.0,36.3,Normal
97.0,39.8,10.0,12.75,25.0,32.2,Normal
93.6,56.3,7.4,11.86,112.0,31.2,Warning
84.8,42.4,2.2,12.87,23.0,36.2,Critical
92.8,39.8,8.1,13.14,158.0,31.1,Normal
97.7,39.8,6.9,12.61,139.0,33.1,Normal
88.9,38.3,7.1,12.05,77.0,32.2,Normal
95.9,49.2,11.8,12.2,173.0,32.4,Normal
93.3,43.0,3.4,12.69,193.0,32.6,Warning
97.9,41.9,8.1,12.33,34.0,34.8,Normal
106.8,31.3,7.2,13.15,179.0,25.3,Warning
97.1,22.7,11.0,12.33,192.0,32.9,Warning
106.5,31.9,3.4,13.18,21.0,35.1,Warning
114.8,64.2,10.9,12.05,130.0,37.6,Warning
83.3,42.5,3.6,12.63,178.0,35.1,Warning
106.8,53.4,5.9,11.81,81.0,30.1,Warning
113.6,47.4,6.3,12.53,182.0,31.5,Warning
102.1,29.4,8.7,12.33,46.0,29.6,Normal
97.0,37.5,8.2,12.48,123.0,33.0,Normal
75.9,48.1,5.3,12.72,147.0,36.0,Normal
91.6,53.3,2.8,12.21,92.0,31.2,Warning
99.3,41.3,3.2,12.27,127.0,29.4,Warning
98.6,37.8,7.2,12.11,20.0,35.9,Normal
89.2,39.5,3.3,13.2,176.0,33.3,Warning
82.9,28.8,10.3,12.2,83.0,30.1,Normal
96.6,39.0,5.5,12.46,92.0,33.9,Warning
100.0,38.9,7.8,12.64,39.0,33.9,Normal
100.6,56.1,4.4,12.09,54.0,28.5,Normal
92.9,38.4,8.3,12.6,172.0,33.1,Normal
99.9,38.9,4.6,12.67,47.0,34.9,Normal
106.7,33.9,8.2,12.72,58.0,33.0,Normal
102.0,46.0,2.9,12.6,191.0,31.6,Warning
104.6,36.7,2.4,12.75,163.0,38.2,Critical
104.9,56.4,8.8,12.56,68.0,36.2,Normal
97.0,26.7,4.8,13.19,130.0,39.1,Normal
94.7,33.2,6.3,12.96,70.0,31.0,Normal
87.5,30.0,11.4,11.83,130.0,34.1,Warning
100.3,46.4,7.7,12.41,167.0,35.1,Normal
101.0,33.3,2.7,11.86,37.0,31.5,Warning
95.8,39.8,3.4,13.26,152.0,33.1,Warning
101.8,39.0,7.8,12.48,80.0,28.9,Normal
92.9,45.1,5.8,11.86,136.0,33.8,Warning
84.1,48.2,4.9,12.11,78.0,27.0,Warning
96.8,42.2,6.4,12.02,116.0,32.9,Normal
92.9,45.3,7.3,12.32,195.0,30.6,Normal
96.9,51.4,8.4,12.96,5.0,32.2,Normal
82.7,32.5,6.2,11.54,176.0,35.5,Warning
94.3,33.7,7.0,13.03,143.0,39.8,Normal
98.9,30.6,4.4,13.1,166.0,36.3,Normal
98.8,39.6,8.2,11.5,30.0,29.6,Warning
115.6,45.3,4.8,12.61,191.0,33.0,Warning
99.9,45.5,8.9,12.69,152.0,31.4,Normal
106.6,50.2,4.7,12.72,149.0,35.2,Normal
97.7,50.2,9.1,13.04,98.0,31.4,Normal
87.0,45.2,10.2,12.8,140.0,27.7,Warning
93.5,35.4,3.8,12.93,165.0,32.3,Warning
89.8,49.5,8.7,12.41,105.0,34.3,Normal
89.4,39.5,8.2,12.28,177.0,39.4,Normal
105.6,26.9,7.1,12.38,17.0,32.9,Normal
97.8,39.4,4.1,13.31,140.0,29.5,Normal
88.3,42.0,9.9,12.66,159.0,35.2,Normal
84.8,39.8,11.7,11.9,67.0,35.0,Warning
95.2,36.9,4.9,11.82,32.0,31.7,Warning
85.7,34.8,6.7,12.65,140.0,35.0,Normal
99.3,42.2,6.4,12.66,33.0,33.1,Normal
93.4,30.5,3.5,12.99,185.0,34.7,Warning
90.3,52.3,8.2,12.38,82.0,33.1,Normal
87.2,44.4,4.9,12.18,151.0,37.9,Normal
99.4,31.0,8.4,12.55,103.0,33.2,Normal
102.1,46.2,4.0,12.37,44.0,31.6,Normal
95.6,43.8,5.1,13.26,196.0,37.2,Normal
85.1,52.4,4.5,12.61,155.0,32.9,Normal
93.0,29.5,5.4,12.88,54.0,34.0,Normal
92.3,25.0,10.2,11.84,36.0,33.5,Warning
88.9,55.4,6.8,12.73,183.0,40.6,Warning
109.1,38.1,4.8,13.47,38.0,34.5,Warning
97.6,22.1,11.0,13.71,99.0,27.3,Warning
88.3,48.3,4.2,12.74,132.0,36.6,Normal
99.8,36.1,9.5,13.0,169.0,33.1,Normal
96.4,40.3,2.8,12.99,74.0,35.7,Warning
91.1,41.1,3.6,12.17,32.0,33.4,Warning
94.6,40.1,11.4,12.3,193.0,25.0,Warning
93.1,32.6,9.0,13.2,130.0,34.1,Normal
88.5,60.7,6.2,13.01,51.0,35.9,Normal
102.5,33.7,3.6,12.89,104.0,31.2,Warning
93.8,32.1,7.2,12.59,177.0,35.6,Normal
107.9,40.0,4.6,12.86,180.0,32.7,Normal
96.7,45.0,9.4,13.09,165.0,34.7,Normal
94.1,39.0,8.8,12.78,6.0,29.3,Normal
93.5,34.3,2.2,12.14,167.0,30.6,Critical
98.1,33.9,3.8,11.73,122.0,32.9,Warning
97.8,43.2,3.1,13.46,125.0,27.9,Warning
93.6,34.6,5.1,13.06,170.0,35.6,Normal
96.0,39.8,10.0,12.3,124.0,32.9,Normal
84.7,22.8,8.2,12.43,102.0,28.3,Warning
100.8,45.1,11.3,12.35,7.0,35.4,Normal
96.1,48.8,7.2,13.11,112.0,30.1,Normal
92.4,44.6,10.3,12.53,125.0,33.4,Normal
96.3,39.8,3.2,13.16,21.0,34.8,Warning
97.7,48.7,5.6,12.22,28.0,35.8,Normal
84.6,48.5,8.2,11.02,6.0,35.5,Critical
99.7,39.8,7.9,13.37,145.0,34.7,Normal
88.5,40.0,11.9,12.63,71.0,34.3,Normal
96.8,48.0,10.6,12.3,28.0,37.6,Normal
93.9,43.1,8.3,12.8,142.0,32.1,Normal
106.8,37.1,11.4,12.29,93.0,40.2,Warning
90.0,40.2,10.7,12.2,47.0,30.8,Normal
103.4,39.8,9.0,12.9,25.0,30.9,Normal
104.3,38.7,10.6,12.79,11.0,37.6,Normal
90.0,30.9,4.9,12.36,29.0,33.6,Normal
99.6,35.6,4.1,12.54,70.0,32.9,Normal
94.2,39.8,10.7,12.98,130.0,36.2,Normal
87.9,29.4,4.2,12.1,157.0,35.1,Normal
85.5,33.4,8.7,12.62,93.0,35.3,Normal
90.4,36.0,6.5,11.48,73.0,31.9,Warning
97.4,47.5,2.1,12.5,108.0,34.5,Critical
103.0,43.5,3.0,12.67,43.0,35.2,Warning
87.6,34.5,10.1,13.1,27.0,26.4,Warning
93.6,53.7,11.8,12.62,21.0,29.0,Normal
76.9,44.2,6.1,12.15,87.0,37.1,Normal
107.1,47.0,3.6,13.38,68.0,31.3,Warning
96.6,34.2,9.5,12.84,100.0,34.5,Normal
100.0,33.9,3.4,12.88,54.0,38.0,Warning
103.4,41.2,11.0,12.34,150.0,34.7,Normal
86.5,48.8,9.4,11.91,114.0,27.5,Warning
94.8,36.0,5.7,12.09,141.0,32.9,Normal
107.1,55.1,5.7,12.52,103.0,30.3,Normal
100.2,44.0,5.9,12.33,70.0,33.4,Normal
94.4,36.0,10.4,12.97,135.0,36.6,Normal
92.3,46.7,5.3,13.28,151.0,32.9,Normal
94.2,30.1,5.4,13.72,12.0,34.6,Normal
109.0,35.4,2.7,12.5,113.0,34.6,Warning
107.5,39.8,9.1,12.09,14.0,30.7,Normal
92.8,40.6,9.4,12.42,38.0,28.5,Normal
91.7,30.6,4.6,12.87,143.0,35.0,Normal
81.7,38.0,4.8,12.19,194.0,34.7,Normal
99.8,20.2,7.1,13.19,6.0,32.7,Warning
110.2,24.1,9.5,12.89,186.0,32.6,Critical
98.3,25.9,2.1,12.61,157.0,32.9,Critical
102.3,39.8,9.8,12.76,18.0,35.4,Normal
120.7,39.2,2.7,11.77,63.0,29.2,Critical
91.5,51.2,10.4,12.55,75.0,30.1,Normal
90.1,22.4,9.8,12.56,19.0,37.0,Warning
78.9,44.2,5.2,12.51,70.0,32.9,Normal
108.8,39.5,10.3,12.24,194.0,32.9,Warning
91.9,44.5,2.3,10.83,181.0,36.4,Critical
81.7,27.7,7.0,12.63,198.0,34.9,Normal
99.0,36.1,3.1,12.1,81.0,30.7,Warning
94.8,55.6,7.8,12.58,77.0,33.9,Normal
103.7,46.4,9.8,12.88,106.0,28.9,Normal
101.7,34.5,11.7,11.94,27.0,34.0,Warning
90.7,42.6,3.5,12.8,169.0,27.7,Warning
79.5,51.3,6.8,14.27,41.0,28.9,Normal
97.0,43.4,10.6,12.9,173.0,30.6,Normal
78.5,17.4,9.8,13.1,11.0,35.7,Critical
82.5,42.6,3.9,11.72,68.0,36.1,Warning
97.1,44.6,5.8,12.36,83.0,33.0,Normal
93.4,37.4,10.0,12.34,155.0,35.4,Normal
107.0,30.3,5.1,12.29,109.0,34.1,Normal
91.9,32.3,8.3,12.47,101.0,36.5,Normal
100.9,33.4,8.8,12.23,171.0,30.9,Normal
100.9,51.4,10.6,13.66,20.0,32.9,Normal
114.4,45.9,9.9,12.73,188.0,28.6,Warning
89.9,42.3,4.7,12.82,74.0,32.6,Normal
92.0,30.0,11.5,12.2,196.0,33.3,Normal
103.8,30.2,10.5,12.48,80.0,39.9,Normal
89.5,36.6,11.9,13.87,195.0,35.3,Normal
95.3,42.4,7.6,12.71,109.0,35.4,Normal
110.6,37.2,2.4,12.4,63.0,31.1,Critical
99.3,39.3,3.4,13.11,121.0,31.7,Warning
93.5,42.9,5.0,12.69,194.0,31.7,Normal
101.7,39.8,10.8,13.1,194.0,30.4,Normal
80.2,24.3,10.8,12.24,23.0,31.7,Warning
101.1,43.5,7.9,11.77,86.0,35.2,Warning
96.4,34.3,11.0,11.68,43.0,31.0,Warning
104.8,52.6,8.3,13.05,77.0,25.2,Warning
93.6,49.9,10.7,12.04,85.0,34.0,Normal
87.1,52.2,4.0,12.94,184.0,32.2,Normal
89.1,44.0,5.2,12.63,56.0,40.7,Warning
102.2,51.9,6.7,11.77,188.0,35.9,Warning
100.0,25.4,6.4,12.86,93.0,32.6,Normal
100.9,47.5,7.2,12.87,54.0,24.8,Warning
100.0,38.9,10.0,11.69,100.0,32.1,Warning
80.1,44.0,7.9,12.18,20.0,31.0,Normal
101.9,40.0,8.0,12.4,161.0,34.2,Normal
93.1,39.1,5.5,11.35,18.0,34.0,Warning
105.5,50.7,8.2,12.21,43.0,29.6,Normal
99.4,38.7,10.6,12.73,100.0,29.4,Normal
108.8,41.0,5.0,12.57,153.0,32.8,Warning
113.3,13.9,4.4,12.76,124.0,33.5,Critical
105.3,30.3,4.1,13.16,167.0,35.3,Normal
91.8,39.9,11.6,12.66,175.0,35.7,Normal
94.6,33.7,8.7,12.45,24.0,32.8,Normal
83.7,50.6,2.0,12.64,130.0,28.1,Critical
100.7,38.9,5.0,12.22,41.0,28.9,Normal
87.0,39.0,6.8,11.63,28.0,35.3,Warning
100.5,51.4,7.3,12.88,23.0,33.5,Normal
98.3,41.7,9.2,12.89,12.0,35.9,Normal
101.9,41.0,11.9,12.45,174.0,34.7,Normal
101.1,39.8,3.5,12.34,115.0,38.5,Warning
80.2,37.7,4.0,12.57,160.0,29.8,Normal
91.5,38.4,3.5,13.63,84.0,29.6,Warning
87.1,44.8,7.2,12.61,40.0,34.6,Normal
102.9,56.1,6.9,11.83,11.0,34.2,Warning
96.1,52.5,8.8,12.74,19.0,36.3,Normal
88.3,43.5,2.8,12.5,98.0,31.0,Warning
79.4,41.6,7.8,12.65,48.0,34.0,Normal
97.5,35.2,11.4,12.57,72.0,29.5,Normal
91.7,26.1,10.4,12.12,101.0,33.1,Normal
100.7,50.2,11.9,12.97,170.0,25.7,Warning
90.5,38.7,8.3,12.61,47.0,32.3,Normal
96.5,39.8,9.6,11.49,159.0,35.7,Warning
107.0,35.5,10.0,12.73,20.0,36.9,Normal
102.7,28.9,10.4,13.33,100.0,40.3,Warning
92.4,32.3,4.8,12.77,134.0,26.8,Warning
82.2,37.3,3.4,12.74,129.0,32.7,Warning
102.7,43.2,4.3,11.97,87.0,31.3,Warning
104.1,45.3,3.4,11.63,69.0,32.8,Warning
84.7,36.9,8.3,12.84,12.0,33.8,Normal
106.7,55.6,10.6,13.14,85.0,35.1,Normal
103.1,28.3,4.4,12.44,124.0,29.0,Normal
107.9,38.9,11.4,13.21,187.0,30.3,Normal
100.6,30.8,10.4,12.77,140.0,34.2,Normal
93.8,40.7,5.4,11.64,59.0,26.8,Warning
88.7,47.6,6.6,12.62,181.0,29.3,Normal
91.3,40.2,6.9,11.49,86.0,33.2,Warning
102.5,60.9,9.2,13.05,149.0,30.5,Normal
87.0,31.1,2.2,12.08,157.0,31.4,Critical
81.4,19.2,6.0,12.61,99.0,33.4,Warning
108.6,47.5,4.2,13.14,7.0,33.3,Warning
106.5,41.5,5.9,12.43,119.0,30.4,Normal
101.6,40.0,6.3,12.68,6.0,35.0,Normal
93.5,29.9,5.2,12.61,185.0,32.2,Normal
94.7,52.3,7.4,12.9,113.0,37.7,Normal
88.0,49.8,7.9,12.8,141.0,37.0,Normal
87.4,44.5,5.3,12.01,100.0,30.4,Normal
95.1,29.8,4.3,12.61,19.0,34.4,Normal
114.1,43.7,8.6,12.54,126.0,35.8,Warning
87.0,41.4,11.2,12.43,174.0,27.6,Warning
74.2,44.9,10.2,12.87,88.0,32.1,Warning
91.1,37.1,11.3,12.84,83.0,38.3,Normal
79.4,37.1,3.3,11.87,18.0,33.4,Warning
104.0,58.3,4.8,12.13,199.0,35.7,Normal
89.8,25.8,2.0,12.2,192.0,30.1,Critical
103.4,52.0,5.4,11.42,152.0,31.0,Warning
104.3,51.3,4.9,13.03,160.0,28.9,Normal
93.0,52.7,10.9,13.17,190.0,35.3,Normal
92.4,41.1,8.8,12.6,144.0,32.9,Normal
99.5,43.1,11.8,13.0,180.0,37.8,Normal
77.0,44.4,11.4,12.06,124.0,34.8,Normal
100.1,44.3,5.2,12.0,168.0,33.8,Normal
86.0,30.5,7.9,13.31,155.0,36.5,Normal
88.1,39.8,7.1,13.24,85.0,34.3,Normal
102.4,42.9,2.4,12.34,116.0,33.1,Critical
108.0,25.0,6.6,13.2,199.0,33.6,Warning
101.1,37.6,4.4,12.01,122.0,30.6,Normal
108.2,37.4,10.4,12.49,64.0,40.3,Warning
97.6,50.7,10.7,13.11,24.0,35.7,Normal
103.9,38.2,2.3,12.27,91.0,39.7,Critical
94.5,47.3,6.0,13.02,127.0,39.5,Normal
89.8,35.6,4.5,12.85,22.0,31.4,Normal
105.0,32.6,8.3,12.07,149.0,29.1,Normal
95.2,39.1,6.0,11.5,70.0,33.3,Warning
95.7,34.6,6.0,12.93,175.0,32.0,Normal
98.2,39.8,11.1,13.33,151.0,37.2,Normal
101.4,40.4,8.6,12.62,92.0,35.5,Normal
90.9,42.1,8.5,12.59,180.0,29.8,Normal
90.5,45.2,10.1,12.4,194.0,30.7,Normal
99.0,30.4,6.5,13.99,35.0,28.6,Normal
83.2,50.0,10.9,12.99,146.0,35.4,Normal
103.1,40.1,7.7,13.12,44.0,27.9,Critical
97.9,43.3,4.9,12.81,142.0,34.5,Normal
108.5,25.0,8.7,11.92,116.0,36.7,Warning
99.7,36.5,8.9,11.9,106.0,28.2,Warning
81.2,36.4,3.0,12.61,85.0,35.8,Warning
85.3,30.5,6.4,11.96,74.0,34.3,Warning
78.4,38.0,4.5,13.81,62.0,33.6,Normal
102.6,46.5,4.4,12.17,115.0,32.4,Normal
117.4,45.0,7.6,13.26,162.0,33.9,Normal
98.1,37.1,11.1,12.69,186.0,26.6,Warning
110.6,31.8,3.6,12.45,73.0,32.7,Warning
99.6,38.1,9.4,12.79,37.0,34.3,Normal
98.7,40.0,10.8,12.29,120.0,33.4,Normal
112.2,39.8,5.7,12.86,126.0,33.5,Warning
107.5,30.7,8.9,13.3,135.0,39.4,Normal
93.4,43.3,9.4,13.04,186.0,32.7,Normal
96.5,30.6,6.1,13.08,129.0,36.7,Normal
95.6,35.0,10.5,12.91,41.0,29.4,Normal
80.4,42.8,7.0,12.26,43.0,30.8,Normal
89.0,39.8,8.9,12.84,15.0,28.8,Normal
81.8,38.6,6.9,12.76,28.0,35.9,Normal
93.7,29.5,6.6,12.27,57.0,35.3,Normal
99.7,37.3,5.0,11.52,96.0,33.6,Warning
91.2,36.2,11.2,13.17,80.0,34.3,Normal
99.9,38.1,11.2,12.56,78.0,31.4,Normal
94.3,44.8,11.3,12.99,85.0,26.0,Warning
98.5,39.8,8.0,12.44,60.0,35.5,Normal
90.0,32.4,4.2,13.49,108.0,29.4,Normal
96.5,27.6,9.4,11.79,80.0,33.5,Warning
96.1,41.9,10.9,10.98,33.0,35.1,Critical
93.7,30.7,4.1,12.39,127.0,30.7,Normal
78.7,46.0,5.5,11.94,168.0,32.9,Warning
92.9,46.0,6.3,13.15,149.0,33.4,Normal
84.1,39.8,10.7,12.57,74.0,31.1,Normal
89.6,37.2,2.1,12.18,177.0,36.7,Critical
100.8,46.2,10.1,13.11,107.0,34.0,Normal
106.2,41.8,2.9,12.61,112.0,31.6,Warning
93.9,44.7,7.3,13.36,96.0,34.7,Normal
102.4,39.8,7.9,13.03,30.0,29.9,Normal
80.9,46.8,11.3,14.06,80.0,29.6,Normal
95.9,44.2,3.7,12.81,54.0,31.5,Warning
90.3,51.2,5.3,12.09,7.0,38.9,Normal
99.2,30.9,7.6,13.42,151.0,34.0,Normal
98.3,54.8,7.2,12.61,168.0,34.0,Normal
95.8,51.4,9.8,12.74,23.0,32.3,Normal
87.6,58.8,6.1,13.27,182.0,33.3,Normal
103.5,43.3,11.5,12.57,168.0,33.7,Normal
87.8,30.1,3.1,12.91,149.0,35.4,Warning
99.2,46.8,4.7,12.8,135.0,34.8,Normal
86.9,45.2,2.7,12.43,42.0,31.5,Warning
93.7,40.0,4.8,12.31,109.0,29.7,Normal
97.2,41.3,4.7,12.28,198.0,31.4,Normal
98.7,25.6,8.0,13.04,169.0,29.0,Normal
95.9,46.8,9.2,12.44,54.0,35.9,Normal
85.3,46.8,6.9,12.61,86.0,34.1,Normal
86.6,41.9,3.7,12.17,148.0,31.4,Warning
99.7,37.2,10.7,12.11,66.0,33.5,Normal
88.6,39.6,2.1,12.22,91.0,35.0,Critical
102.1,43.6,11.6,12.84,21.0,34.3,Normal
90.1,37.3,5.1,12.98,133.0,30.6,Normal
81.4,39.8,11.8,12.33,131.0,35.8,Normal
81.3,41.2,4.2,12.7,67.0,30.5,Normal
99.4,23.9,10.6,12.26,72.0,33.8,Warning
93.5,36.2,11.2,12.77,27.0,28.7,Normal
106.8,30.7,9.2,11.38,108.0,37.4,Warning
85.0,37.9,10.9,12.5,198.0,34.3,Normal
95.1,25.4,2.6,12.69,49.0,32.0,Warning
81.3,43.9,4.3,12.16,52.0,28.0,Warning
95.6,26.8,5.6,12.31,125.0,31.3,Normal
102.2,27.0,4.7,12.29,85.0,37.6,Normal
89.5,27.0,5.6,12.78,179.0,33.7,Normal
91.7,45.4,9.5,12.41,45.0,33.9,Normal
87.1,28.3,10.3,12.3,55.0,29.6,Normal
107.9,49.3,9.1,11.85,106.0,33.3,Warning
101.4,44.6,6.9,12.55,115.0,33.3,Normal
105.4,45.0,5.8,11.85,155.0,37.0,Warning
107.5,35.1,9.6,12.34,89.0,37.8,Normal
102.9,26.1,4.3,12.75,34.0,36.6,Normal
84.3,50.0,8.9,13.25,81.0,27.9,Warning
78.2,47.4,9.9,12.84,58.0,32.6,Normal
103.0,47.4,3.0,12.11,173.0,37.7,Warning
86.9,48.2,7.5,13.26,164.0,29.0,Normal
90.5,32.6,11.9,11.87,185.0,32.4,Warning
104.8,49.2,6.4,12.64,155.0,32.8,Normal
97.0,37.3,7.8,11.78,54.0,37.6,Warning
93.2,38.2,11.5,12.61,52.0,29.7,Normal
97.2,44.1,6.1,12.69,138.0,33.5,Normal
108.9,28.5,9.0,13.44,42.0,34.6,Warning
105.2,34.0,11.0,12.75,147.0,35.4,Critical
104.0,40.3,4.2,12.27,83.0,30.9,Normal
97.3,50.5,5.7,13.09,98.0,29.8,Normal
98.7,53.9,9.3,12.27,111.0,36.0,Normal
98.6,35.2,9.5,12.64,185.0,27.6,Warning
110.4,46.4,8.3,12.61,77.0,34.6,Warning
85.9,42.5,4.7,11.93,182.0,32.8,Warning
105.2,39.8,11.0,12.74,38.0,36.7,Normal
94.9,59.4,5.0,12.37,144.0,29.0,Normal
77.5,41.2,7.5,13.07,92.0,33.9,Normal
99.2,41.7,2.3,12.72,157.0,34.0,Critical
103.2,32.7,5.4,12.73,20.0,35.3,Normal
92.5,31.9,7.3,13.39,157.0,34.7,Normal
93.1,25.4,6.0,11.82,52.0,32.9,Warning
98.8,39.3,11.3,11.76,50.0,36.6,Warning
86.8,37.6,11.5,12.65,68.0,31.8,Normal
98.6,36.8,7.7,12.49,56.0,29.2,Normal
100.2,53.1,10.3,12.54,5.0,31.5,Normal
79.7,39.0,5.0,13.05,71.0,35.9,Normal
83.3,40.1,9.9,13.12,124.0,36.6,Normal
99.9,43.3,11.8,12.62,31.0,35.8,Normal
96.9,42.7,9.7,13.23,189.0,30.5,Normal
106.6,52.7,7.9,12.34,84.0,30.5,Normal
103.2,44.1,6.9,12.49,163.0,36.8,Normal
78.1,50.0,11.7,12.25,180.0,29.4,Normal
92.5,29.1,10.3,12.05,95.0,34.8,Normal
71.3,31.0,12.0,12.69,6.0,29.4,Warning
103.5,32.7,9.9,12.55,6.0,32.9,Normal
86.9,38.0,4.9,12.1,178.0,33.2,Normal
96.7,17.4,9.5,12.82,39.0,32.7,Critical
98.9,39.5,9.4,12.9,6.0,34.4,Normal
81.1,45.7,6.6,12.33,182.0,31.4,Normal
79.8,46.7,4.9,12.86,91.0,30.5,Normal
78.9,43.8,9.2,12.7,180.0,30.8,Normal
92.8,33.0,10.5,12.63,156.0,35.4,Normal
73.0,37.0,6.7,12.17,108.0,35.8,Warning
101.9,39.8,2.7,13.05,89.0,30.2,Warning
97.6,49.8,8.1,12.49,152.0,32.9,Normal
97.7,33.1,3.9,13.09,36.0,33.9,Warning
96.1,41.4,9.1,12.61,105.0,32.5,Warning
107.9,38.2,8.3,13.27,13.0,30.6,Normal
107.9,42.2,4.8,12.37,115.0,34.9,Normal
90.5,39.7,2.1,12.36,111.0,34.4,Critical
95.7,44.8,6.7,12.53,11.0,35.2,Normal
101.6,35.1,6.7,12.21,58.0,30.0,Critical
86.6,38.0,2.4,12.92,199.0,37.4,Critical
86.7,30.8,5.1,13.5,193.0,38.0,Normal
108.3,40.2,11.9,12.85,98.0,38.7,Warning
98.8,39.8,2.2,12.53,55.0,30.5,Critical
94.7,40.6,8.1,12.9,179.0,33.4,Normal
97.9,33.3,10.9,12.61,88.0,34.8,Normal
85.3,37.7,6.0,11.98,14.0,29.0,Warning
93.5,34.6,3.9,12.98,126.0,33.2,Warning
86.9,53.1,11.2,12.2,122.0,37.4,Normal
91.9,39.8,8.0,11.99,74.0,33.1,Warning
96.9,44.3,7.4,12.9,56.0,34.4,Normal
93.8,34.8,8.9,12.61,147.0,35.2,Warning
100.2,29.8,10.8,13.22,151.0,32.3,Normal
88.0,29.2,2.3,13.15,23.0,33.2,Normal
88.6,39.3,2.6,13.47,121.0,28.7,Warning
93.3,50.7,11.9,12.25,151.0,35.3,Normal
90.3,31.9,8.4,12.87,22.0,30.5,Normal
88.7,43.3,2.2,12.88,112.0,32.1,Critical
100.5,17.7,4.9,12.51,165.0,34.6,Critical
88.6,48.4,7.3,12.05,152.0,33.2,Normal
80.9,28.4,5.7,13.11,14.0,28.4,Normal
103.8,30.0,6.8,12.15,53.0,28.6,Normal
90.8,39.8,2.7,12.55,197.0,36.4,Warning
91.1,23.5,2.0,12.62,71.0,33.8,Critical
92.6,59.5,2.1,12.27,48.0,33.7,Critical
91.4,45.1,7.4,13.15,11.0,28.0,Normal
110.7,43.6,10.6,12.58,178.0,30.9,Warning
96.1,45.5,2.7,13.14,50.0,36.3,Warning
87.2,33.9,8.7,12.04,75.0,31.1,Normal
108.0,49.0,3.1,13.13,141.0,35.1,Warning
99.2,34.1,7.6,13.58,35.0,30.5,Normal
86.6,44.2,9.9,12.66,63.0,36.2,Normal
87.0,22.7,8.9,12.94,193.0,31.9,Warning
84.5,44.5,10.5,12.25,182.0,32.3,Normal
91.1,41.1,4.2,12.97,41.0,35.7,Normal
97.3,45.7,5.6,12.47,151.0,32.9,Warning
91.5,39.7,10.8,12.66,123.0,30.7,Normal
107.9,50.8,10.2,13.38,166.0,36.5,Normal
90.3,39.2,2.1,12.1,128.0,31.3,Critical
89.2,55.5,6.5,12.59,198.0,35.4,Normal
98.6,44.5,7.1,11.92,194.0,31.3,Warning
97.3,54.7,9.0,12.38,77.0,30.6,Normal
91.2,38.2,7.6,12.39,179.0,41.9,Warning
103.4,28.4,5.2,13.06,74.0,30.2,Normal
89.9,32.3,11.8,12.58,85.0,34.0,Normal
75.2,40.3,9.2,13.11,146.0,31.4,Normal
96.0,33.4,10.2,12.12,187.0,34.2,Normal
96.0,42.9,8.1,12.19,151.0,35.2,Normal
83.9,36.3,3.7,12.25,127.0,32.7,Warning
84.1,42.6,8.9,12.67,171.0,33.6,Normal
95.0,24.2,8.1,12.61,120.0,32.2,Warning
87.0,34.7,4.7,12.21,60.0,33.0,Normal
88.6,25.2,4.9,12.62,91.0,34.8,Normal
90.8,46.1,2.2,13.82,32.0,36.6,Critical
97.8,39.8,9.6,11.91,138.0,34.5,Warning
88.1,56.7,7.2,12.99,124.0,27.7,Critical
91.7,41.0,11.2,12.83,22.0,30.4,Normal
77.6,29.2,9.1,13.37,193.0,34.1,Normal
96.9,30.4,8.1,12.16,92.0,37.8,Normal
98.4,41.3,11.3,12.61,9.0,33.1,Normal
98.2,35.6,10.2,12.15,169.0,31.9,Normal
99.6,51.9,2.3,13.21,17.0,30.7,Critical
89.4,42.2,10.7,12.91,78.0,37.7,Normal
98.0,32.3,6.8,12.92,197.0,31.0,Normal
85.0,33.7,8.8,12.48,62.0,29.2,Normal
76.2,39.8,5.5,13.63,176.0,30.7,Normal
80.2,43.8,8.2,12.21,193.0,29.6,Normal
94.7,39.8,11.1,12.65,98.0,34.0,Normal
99.1,48.6,4.4,12.72,63.0,33.1,Normal
92.7,49.2,11.9,12.6,71.0,31.3,Normal
103.0,39.5,3.4,12.77,193.0,30.8,Warning
91.2,17.1,5.6,13.45,108.0,32.7,Critical
96.3,38.6,3.4,12.6,54.0,31.0,Warning
85.2,46.3,3.0,13.07,182.0,35.2,Warning
102.3,41.4,4.8,12.65,16.0,26.0,Warning
95.0,36.9,7.7,12.54,131.0,35.7,Normal
92.9,34.7,5.2,12.49,188.0,36.6,Normal
87.8,46.9,8.6,13.48,66.0,30.1,Normal
106.5,39.8,6.3,12.26,185.0,32.3,Normal
104.6,43.4,9.6,12.49,66.0,36.1,Normal
93.2,31.2,9.4,12.08,170.0,40.1,Warning
89.6,42.3,5.8,12.83,83.0,30.1,Normal
92.5,48.5,11.9,12.61,68.0,37.9,Normal
93.1,52.7,9.5,12.22,176.0,35.7,Normal
96.4,43.2,9.0,12.29,40.0,31.3,Normal
98.9,25.7,9.5,12.26,101.0,34.4,Normal
97.1,32.3,5.9,12.49,178.0,29.8,Normal
98.0,27.2,4.4,13.56,87.0,33.5,Normal
99.4,42.2,11.5,12.25,71.0,37.0,Normal
111.8,32.1,3.9,13.82,151.0,30.0,Warning
81.3,31.8,5.3,11.88,188.0,36.5,Warning
90.8,35.9,2.3,12.78,88.0,32.9,Critical
100.9,27.0,7.2,12.92,67.0,36.9,Normal
101.5,43.2,4.1,12.01,60.0,31.0,Normal
87.6,40.4,3.2,11.98,123.0,35.4,Warning
98.6,45.1,11.5,13.09,188.0,29.2,Normal
76.3,36.6,10.6,12.41,11.0,30.6,Normal
91.4,27.7,5.2,13.27,158.0,34.9,Normal
100.2,42.5,11.9,12.45,164.0,31.9,Normal
88.4,36.6,10.4,13.26,57.0,30.0,Normal
97.4,39.3,3.0,12.96,18.0,31.5,Warning
94.4,35.6,9.6,12.25,176.0,32.4,Normal
89.4,46.9,12.0,12.54,119.0,32.2,Normal
87.9,43.7,11.1,11.67,17.0,39.1,Warning
97.0,38.2,9.6,12.69,149.0,33.7,Normal
78.9,28.1,2.3,13.2,21.0,35.3,Critical
111.2,45.4,7.1,13.29,48.0,31.5,Critical
87.3,16.4,3.7,12.49,90.0,35.7,Critical
109.3,40.2,4.7,12.92,63.0,33.1,Warning
104.6,39.4,5.5,12.18,74.0,33.1,Normal
89.0,26.3,7.8,13.19,99.0,34.4,Normal
94.8,28.1,4.0,12.75,48.0,37.4,Normal
101.3,43.4,11.2,13.37,63.0,31.1,Normal
94.2,40.9,4.0,12.02,61.0,30.1,Normal
94.5,48.5,6.0,12.11,30.0,35.6,Normal
92.2,41.1,4.1,12.39,66.0,32.7,Normal
93.6,32.8,9.7,12.94,21.0,30.8,Normal
98.7,36.5,7.4,12.61,11.0,32.9,Normal
98.6,52.1,10.1,12.42,36.0,22.6,Warning
97.7,35.3,7.3,12.58,171.0,32.1,Normal
107.9,30.5,5.8,12.61,25.0,30.0,Normal
99.6,40.4,5.4,12.87,177.0,31.0,Normal
89.2,29.1,11.6,12.38,9.0,32.0,Normal
84.1,51.0,5.1,12.25,124.0,36.1,Normal
89.8,41.8,6.8,12.94,141.0,33.6,Critical
105.0,51.3,5.7,12.66,195.0,34.4,Normal
101.3,37.3,8.2,12.24,198.0,34.3,Normal
88.8,36.9,7.0,12.28,135.0,30.2,Normal
83.7,23.9,6.4,12.61,120.0,35.7,Warning
105.3,49.2,3.0,12.25,11.0,29.9,Warning
90.8,42.6,9.9,13.27,195.0,29.8,Normal
92.6,43.1,6.1,12.04,144.0,37.6,Normal
99.1,27.8,6.3,12.24,117.0,32.1,Normal
91.1,55.1,5.5,11.65,188.0,32.6,Warning
96.3,36.5,5.7,12.1,191.0,34.8,Normal
82.3,41.6,6.0,12.24,184.0,32.1,Normal
101.5,53.0,6.0,13.56,195.0,24.6,Warning
84.0,36.7,7.4,11.9,30.0,35.7,Warning
93.8,51.5,2.1,12.44,61.0,29.5,Critical
102.3,43.6,10.1,13.35,105.0,33.6,Normal
100.2,39.0,11.8,12.72,67.0,35.2,Normal
91.3,40.5,9.3,11.87,32.0,29.2,Warning
108.4,40.5,3.6,12.19,11.0,32.6,Warning
103.8,31.2,2.1,12.81,132.0,33.6,Critical
103.5,38.6,10.0,12.82,126.0,31.1,Normal
103.4,39.8,7.2,12.02,63.0,28.0,Normal
86.1,44.4,3.6,12.11,182.0,31.2,Warning
93.4,58.9,5.0,13.81,63.0,36.3,Normal
97.8,36.7,3.8,12.59,176.0,35.0,Warning
94.4,45.4,10.3,12.65,121.0,32.9,Normal
86.5,39.7,2.1,12.91,163.0,29.9,Critical
109.2,38.5,4.1,12.04,160.0,31.3,Warning
113.6,47.6,4.5,13.03,16.0,33.8,Warning
96.7,34.6,8.7,13.37,178.0,31.6,Normal
95.2,34.3,9.8,12.63,40.0,30.4,Normal
111.2,45.8,5.9,12.69,109.0,32.6,Warning
102.2,36.5,6.2,12.22,55.0,34.5,Normal
94.4,29.0,4.9,12.75,30.0,33.1,Normal
91.1,51.3,6.1,12.59,74.0,35.4,Normal
102.0,40.6,3.3,12.08,53.0,31.2,Warning
89.8,32.1,7.1,12.44,16.0,32.3,Normal
83.4,33.9,7.4,12.88,179.0,29.7,Normal
90.9,36.6,5.0,11.95,29.0,27.8,Warning
93.9,47.0,4.0,13.1,114.0,34.1,Normal
112.1,45.6,4.6,13.57,154.0,36.8,Warning
87.2,34.4,5.2,12.14,12.0,36.0,Normal
92.2,47.6,7.4,11.72,135.0,33.4,Warning
99.6,44.6,10.0,12.55,95.0,33.9,Normal
113.1,53.9,9.2,11.24,24.0,35.0,Critical
82.0,42.2,5.1,12.15,77.0,31.9,Normal
82.0,52.0,8.2,12.61,56.0,35.5,Warning
91.4,37.1,9.3,12.74,133.0,33.7,Normal
88.4,46.5,4.9,12.4,85.0,33.0,Normal
84.2,48.2,3.9,13.23,148.0,34.5,Warning
94.5,32.1,8.4,13.05,82.0,33.1,Normal
102.8,33.4,10.6,12.0,16.0,37.3,Normal
92.2,30.8,5.7,12.24,126.0,34.7,Normal
100.1,42.8,2.1,12.85,193.0,34.5,Critical
81.1,39.5,8.3,12.62,94.0,32.2,Normal
99.5,53.4,11.8,12.33,13.0,37.6,Normal
105.6,31.4,4.1,11.46,79.0,34.6,Warning
88.6,48.6,8.4,12.63,33.0,33.4,Normal
87.7,38.3,3.2,13.2,172.0,37.2,Warning
107.5,44.4,10.2,12.51,108.0,29.3,Normal
94.9,40.7,8.2,12.86,45.0,32.9,Normal
107.6,58.6,2.9,12.61,37.0,32.1,Warning
104.5,48.7,2.7,12.76,43.0,30.7,Warning
97.6,41.6,9.3,12.96,163.0,34.4,Normal
104.4,42.5,5.3,12.65,190.0,37.2,Normal
103.3,44.8,8.0,11.96,47.0,31.4,Warning
83.1,41.3,6.1,12.79,167.0,32.9,Warning
110.1,34.1,11.4,12.01,64.0,33.3,Warning
107.2,49.3,6.5,12.19,20.0,33.6,Normal
108.7,42.9,7.6,12.87,31.0,34.0,Warning
91.5,37.4,2.0,12.38,194.0,32.3,Critical
93.6,29.0,11.3,11.61,36.0,36.2,Warning
89.4,51.1,3.6,12.01,89.0,34.1,Warning
93.4,42.9,4.8,12.83,190.0,34.3,Normal
93.3,44.4,4.1,11.75,8.0,28.9,Warning
101.7,39.8,4.2,13.56,100.0,34.1,Normal
106.4,41.9,4.4,13.24,149.0,34.6,Normal
100.7,35.0,6.3,12.57,78.0,37.9,Normal
94.0,51.0,11.4,12.59,157.0,30.3,Normal
92.1,42.3,7.9,12.76,48.0,32.1,Normal
94.5,44.6,2.5,11.98,100.0,35.6,Critical
91.3,32.2,8.4,12.95,177.0,31.8,Normal
88.3,35.1,11.7,12.14,46.0,33.8,Normal
101.8,37.2,8.0,12.27,12.0,35.9,Normal
93.6,43.8,5.3,12.58,42.0,30.6,Normal
99.6,35.7,9.7,12.44,114.0,37.8,Normal
94.6,33.8,8.6,12.64,35.0,28.7,Normal
97.9,32.1,8.5,12.24,167.0,36.4,Normal
100.2,30.7,4.0,12.2,129.0,35.5,Critical
85.5,40.0,4.0,12.31,150.0,35.8,Warning
107.2,37.9,9.8,11.99,144.0,37.3,Warning
110.4,33.2,4.3,12.63,193.0,33.9,Warning
95.3,44.4,5.4,12.05,162.0,33.0,Normal
86.2,42.6,7.2,12.1,18.0,29.9,Normal
112.6,26.3,4.0,13.53,18.0,35.1,Warning
101.2,41.5,8.7,12.61,197.0,34.8,Normal
120.4,38.1,6.5,13.17,106.0,32.9,Critical
92.1,47.4,10.8,12.61,177.0,34.7,Normal
98.1,48.2,8.4,12.58,48.0,33.1,Normal
96.7,39.8,10.0,13.46,181.0,39.6,Normal
87.9,44.4,3.6,12.74,83.0,37.7,Warning
91.8,50.6,5.0,13.22,187.0,37.4,Normal
95.5,38.9,9.8,12.68,38.0,32.1,Normal
101.0,31.8,11.9,12.61,116.0,30.5,Warning
84.7,41.1,11.2,13.04,128.0,36.4,Normal
98.7,50.4,3.6,13.23,28.0,37.2,Warning
72.9,29.2,10.1,12.41,78.0,34.5,Warning
78.8,42.8,2.7,12.48,19.0,35.3,Warning
71.6,37.1,7.7,13.03,17.0,34.0,Warning
82.4,43.8,5.5,13.5,38.0,31.7,Normal
95.1,36.6,7.6,13.02,20.0,38.1,Normal
93.8,40.2,11.3,12.17,118.0,32.5,Normal
86.1,15.2,4.0,12.62,148.0,36.6,Critical
99.5,49.7,2.1,13.27,173.0,30.2,Critical
79.7,48.2,5.6,13.18,125.0,30.1,Normal
103.8,53.8,11.5,12.59,34.0,36.8,Warning
94.0,39.8,6.1,12.46,118.0,34.1,Normal
106.4,37.4,9.9,12.86,109.0,34.2,Normal
90.0,53.0,6.0,12.33,33.0,34.4,Normal
91.9,30.4,10.3,12.11,57.0,32.9,Normal
93.1,38.0,9.6,11.54,61.0,36.0,Warning
89.1,40.6,10.4,12.72,147.0,35.6,Normal
100.1,45.5,11.2,12.97,154.0,32.9,Normal
105.1,39.8,2.4,13.97,159.0,36.5,Critical
98.0,42.7,4.0,12.33,19.0,36.0,Warning
99.6,44.7,6.9,12.13,96.0,33.3,Normal
105.7,33.7,4.6,11.96,118.0,30.2,Warning
86.2,53.5,3.1,13.14,62.0,34.9,Warning
76.0,43.1,9.6,11.55,52.0,33.6,Warning
93.5,45.1,7.0,12.84,69.0,30.6,Normal
103.6,25.0,3.8,11.93,152.0,30.5,Warning
97.7,43.1,10.9,13.2,118.0,31.3,Normal
99.9,43.5,3.1,12.54,165.0,39.2,Warning
104.1,47.5,8.5,12.27,173.0,31.0,Normal
89.8,39.8,10.9,13.45,59.0,37.6,Normal
107.8,44.3,5.9,13.09,58.0,28.9,Normal
98.8,36.7,9.6,12.62,90.0,31.0,Normal
98.1,29.2,4.5,11.95,173.0,33.1,Warning
102.1,38.4,6.1,12.61,152.0,35.1,Normal
100.7,35.6,3.3,12.76,126.0,31.2,Warning
97.7,28.0,3.1,12.76,156.0,32.3,Warning
107.0,50.2,4.8,12.51,48.0,31.1,Normal
103.4,39.3,3.1,12.49,180.0,38.8,Warning
88.6,31.7,8.1,13.12,145.0,32.7,Normal
93.7,39.7,10.4,12.27,178.0,34.8,Normal
89.1,35.2,8.8,12.83,32.0,26.7,Warning
97.3,45.2,2.1,12.24,51.0,33.8,Critical
98.4,41.2,3.1,12.69,16.0,30.7,Warning
103.3,43.7,4.6,12.48,154.0,29.9,Normal
98.0,30.2,9.8,12.61,69.0,29.9,Normal
81.5,36.4,8.5,12.87,23.0,32.5,Normal
103.4,36.3,9.7,12.75,185.0,34.0,Normal
79.0,36.2,12.0,12.36,55.0,34.9,Normal
87.7,36.9,5.7,13.03,26.0,31.5,Normal
90.0,44.7,4.4,12.64,100.0,33.3,Normal
93.8,35.7,10.1,12.38,10.0,39.2,Normal
106.8,52.5,6.1,12.82,137.0,37.7,Normal
106.3,32.6,2.8,12.61,42.0,30.4,Warning
82.6,34.5,10.3,12.13,124.0,33.7,Normal
94.4,37.3,2.3,13.01,184.0,36.6,Critical
89.8,39.8,5.0,12.43,50.0,32.9,Normal
103.3,44.6,10.9,12.97,177.0,36.0,Normal
104.0,35.7,3.4,13.06,175.0,33.0,Warning
89.7,34.5,10.3,12.45,70.0,32.9,Normal
92.4,37.9,9.2,12.3,99.0,35.7,Normal
108.1,24.4,6.1,11.5,117.0,28.6,Warning
83.7,34.4,8.5,12.11,51.0,32.9,Normal
109.9,51.3,9.5,13.02,29.0,32.5,Warning
91.5,38.7,3.7,11.79,16.0,26.0,Warning
97.2,22.3,11.3,12.71,106.0,28.8,Warning
79.4,45.3,10.2,12.25,161.0,36.4,Normal
89.2,35.8,2.9,12.75,173.0,29.1,Warning
91.4,41.1,10.0,12.36,69.0,28.4,Normal
98.3,31.8,11.6,12.71,122.0,33.6,Normal
90.8,41.9,5.1,12.16,166.0,35.0,Normal
97.7,22.2,3.5,12.02,35.0,31.0,Warning
82.3,40.2,11.9,12.3,96.0,34.2,Normal
93.3,41.2,9.9,12.57,102.0,27.0,Warning
93.0,37.6,6.1,11.67,198.0,29.4,Warning
89.8,32.5,10.2,11.96,93.0,36.4,Warning
103.4,49.7,7.4,13.09,130.0,33.3,Normal
88.3,55.1,8.3,13.58,51.0,31.7,Normal
93.2,51.7,11.6,13.33,19.0,31.1,Normal
84.4,32.0,11.5,12.45,110.0,30.2,Normal
107.9,38.3,3.3,13.01,140.0,31.3,Warning
99.4,43.8,6.1,12.61,52.0,32.4,Normal
92.8,48.1,9.8,12.79,65.0,35.0,Normal
105.9,56.3,10.3,13.3,146.0,35.5,Normal
94.5,40.8,2.3,13.07,190.0,35.0,Critical
101.3,41.1,9.3,12.94,192.0,34.2,Normal
98.6,29.3,7.9,12.59,69.0,37.3,Normal
96.1,38.5,11.9,12.1,41.0,22.4,Warning
97.5,45.1,10.3,13.19,20.0,30.5,Normal
99.9,43.7,9.2,12.25,178.0,36.8,Normal
100.8,39.8,9.8,11.8,172.0,33.2,Warning
87.2,39.7,3.6,13.03,107.0,28.7,Warning
107.8,40.2,11.3,12.97,41.0,30.8,Normal
94.3,38.2,3.5,11.83,49.0,37.0,Critical
97.2,34.8,3.0,13.09,23.0,31.1,Warning
88.9,35.6,11.5,11.88,168.0,31.2,Warning
89.7,34.2,4.4,12.92,161.0,38.3,Normal
95.1,43.7,10.5,12.29,191.0,32.2,Normal
93.7,31.0,11.7,12.64,161.0,28.6,Normal
98.7,43.7,7.9,12.44,169.0,35.6,Normal
92.6,44.3,10.9,12.58,167.0,33.3,Normal
94.2,32.6,11.5,12.61,193.0,34.7,Normal
93.2,37.5,7.0,12.44,134.0,32.1,Normal
96.0,30.5,7.7,12.52,8.0,34.4,Normal
92.4,43.7,7.3,12.52,30.0,30.6,Normal
98.1,44.3,9.5,12.8,188.0,36.4,Normal
106.5,44.2,4.3,12.18,24.0,39.6,Normal
103.0,38.3,10.6,12.08,12.0,29.7,Normal
103.8,54.9,9.8,12.61,173.0,29.6,Normal
90.0,50.6,7.0,12.09,105.0,26.6,Warning
96.7,39.7,4.2,12.18,58.0,32.9,Normal
117.8,35.3,11.5,12.3,148.0,32.7,Warning
99.4,35.9,3.0,13.1,78.0,32.3,Warning
96.2,53.4,8.9,11.93,52.0,33.0,Warning
92.2,41.9,6.1,12.72,91.0,37.1,Normal
110.2,38.5,11.9,12.71,8.0,32.9,Warning
100.0,44.9,9.8,13.16,125.0,28.0,Normal
93.6,33.3,11.9,12.13,96.0,32.9,Normal
81.7,44.4,3.6,12.67,36.0,31.7,Warning
105.6,34.3,9.8,12.91,93.0,32.9,Normal
111.4,23.2,4.8,12.65,183.0,33.0,Critical
96.2,49.1,9.0,12.45,26.0,29.0,Normal
96.5,54.1,2.4,12.32,127.0,34.9,Critical
90.8,36.3,7.5,12.23,184.0,35.9,Normal
94.0,35.1,4.4,13.01,89.0,30.9,Normal
78.6,49.4,6.4,12.36,168.0,27.1,Warning
91.3,45.4,2.8,12.42,43.0,36.1,Warning
93.8,50.5,6.6,12.62,143.0,29.9,Normal
95.3,47.3,6.3,12.59,156.0,33.5,Normal
98.1,34.3,6.1,11.54,116.0,28.3,Warning
95.3,50.2,3.9,12.59,85.0,35.8,Warning
92.7,41.8,7.8,13.08,84.0,33.7,Normal
81.3,36.9,6.1,13.78,156.0,33.2,Normal
98.0,42.3,9.5,11.83,173.0,36.3,Warning
93.6,51.8,9.0,12.5,97.0,32.8,Normal
112.1,22.4,10.8,11.08,75.0,30.6,Critical
98.4,46.2,6.0,11.68,198.0,36.8,Warning
101.4,49.2,11.9,13.31,145.0,32.6,Normal
88.6,48.1,11.3,12.14,76.0,35.5,Normal
93.1,39.8,5.9,12.77,115.0,32.7,Normal
100.8,44.4,8.3,13.36,36.0,34.8,Normal
105.3,37.0,10.4,13.05,148.0,31.6,Normal
98.2,37.9,5.3,12.93,176.0,26.5,Warning
88.7,44.5,10.8,13.48,9.0,30.0,Normal
87.0,44.4,9.5,12.72,32.0,30.7,Normal
84.4,26.7,10.0,13.49,186.0,37.4,Normal
83.3,39.8,9.9,11.9,100.0,33.9,Warning
93.9,47.0,6.0,13.08,157.0,34.7,Normal
115.4,33.2,7.3,11.68,38.0,31.5,Warning
101.4,33.9,7.5,12.68,182.0,37.0,Normal
104.0,36.3,4.3,13.0,149.0,34.1,Normal
75.6,37.3,11.2,12.64,138.0,32.5,Normal
97.9,31.7,5.6,13.34,35.0,30.1,Normal
97.3,39.1,5.0,12.84,167.0,35.1,Normal
93.0,50.2,6.6,13.24,140.0,35.0,Normal
93.4,23.2,11.6,11.86,22.0,27.2,Warning
92.9,40.5,5.6,12.27,11.0,32.3,Normal
84.7,45.9,7.0,12.7,61.0,30.4,Normal
88.2,46.1,5.0,11.68,18.0,31.9,Warning
86.1,32.3,3.8,13.09,18.0,29.9,Warning
92.0,35.5,11.4,13.37,122.0,35.0,Normal
95.5,40.3,9.9,12.14,31.0,32.9,Normal
76.8,49.5,10.4,11.46,175.0,34.5,Warning
95.2,31.1,4.8,13.29,145.0,32.9,Normal
97.9,60.9,10.0,11.33,98.0,29.4,Warning
102.5,39.5,11.8,11.62,142.0,28.5,Warning
96.3,34.3,3.0,12.22,61.0,35.1,Warning
95.8,44.2,3.3,13.15,123.0,32.5,Warning
87.9,39.8,4.7,12.47,164.0,35.0,Normal
101.9,40.8,9.9,12.9,193.0,34.2,Normal
92.2,29.6,4.0,12.68,49.0,32.4,Normal
99.6,39.5,10.7,12.81,89.0,39.0,Normal
95.4,41.2,6.6,12.61,76.0,33.1,Normal
96.3,42.2,8.3,12.36,14.0,33.0,Normal
92.8,26.5,6.6,12.61,68.0,33.0,Normal
91.4,37.2,3.8,12.74,109.0,34.5,Warning
90.3,42.5,4.4,12.21,29.0,32.8,Normal
111.6,44.0,4.5,12.19,140.0,31.6,Warning
99.1,32.1,4.0,12.27,188.0,38.2,Warning
94.3,48.6,4.5,12.77,45.0,32.5,Normal
93.7,39.8,7.0,12.55,149.0,31.5,Normal
85.5,43.7,7.6,12.38,25.0,32.9,Warning
98.9,39.2,5.8,13.24,200.0,30.2,Normal
88.5,53.0,9.3,13.14,11.0,29.4,Normal
107.2,41.5,8.5,12.6,195.0,33.8,Normal
105.8,41.8,8.7,12.34,86.0,26.5,Warning
98.9,49.3,10.1,12.72,147.0,34.7,Normal
95.8,31.1,3.0,12.45,115.0,32.4,Warning
93.3,49.2,11.0,12.69,87.0,29.2,Normal
96.6,31.3,3.0,12.84,35.0,31.3,Warning
91.8,39.6,8.5,11.92,56.0,34.7,Warning
94.2,35.4,7.7,12.24,59.0,30.4,Normal
91.5,34.7,10.0,13.11,77.0,32.9,Normal
77.7,40.7,2.9,12.44,54.0,29.6,Warning
96.6,34.3,2.3,11.47,66.0,32.9,Critical
95.9,52.7,2.6,12.22,22.0,29.8,Warning
92.7,47.3,11.3,12.72,196.0,34.6,Normal
98.1,46.0,7.5,13.51,187.0,27.8,Warning
94.5,39.8,5.7,12.14,105.0,34.1,Normal
92.3,51.1,9.5,13.35,194.0,35.8,Normal
100.7,35.8,2.6,12.61,63.0,30.6,Warning
92.6,39.8,10.5,11.18,77.0,31.5,Critical
90.4,33.5,2.7,12.39,49.0,35.4,Warning
98.1,53.0,10.0,13.05,73.0,34.5,Normal
119.2,49.6,6.7,12.68,156.0,32.5,Critical
104.2,46.1,8.8,12.27,143.0,29.1,Normal
92.2,57.5,10.8,12.47,74.0,31.6,Normal
78.0,26.9,4.6,12.19,18.0,39.2,Normal
83.0,33.0,10.7,13.14,12.0,32.3,Normal
92.9,36.1,3.3,12.58,6.0,34.3,Warning
106.6,42.3,3.0,12.75,66.0,28.5,Warning
82.0,23.6,11.4,12.22,8.0,35.2,Warning
101.6,43.4,9.0,12.83,140.0,31.2,Normal
85.6,36.1,10.3,12.0,25.0,29.9,Normal
86.5,36.9,11.2,12.25,156.0,35.7,Normal
89.0,30.9,4.8,12.94,176.0,30.7,Normal
101.7,34.2,2.3,12.5,191.0,40.6,Critical
81.1,37.5,6.0,12.13,162.0,34.6,Normal
109.6,35.5,4.8,12.61,28.0,31.5,Warning
102.6,37.1,10.9,12.79,80.0,39.0,Normal
91.9,28.2,9.8,13.06,125.0,32.9,Normal
95.5,40.6,10.0,12.51,112.0,32.9,Normal
88.6,37.7,8.8,13.45,59.0,29.2,Normal
98.1,38.2,7.8,12.31,83.0,31.8,Normal
89.6,28.4,2.5,13.16,61.0,34.3,Warning
91.7,34.5,6.3,13.08,174.0,32.3,Normal
89.1,39.5,4.4,13.12,171.0,37.4,Normal
90.5,41.8,6.5,12.32,105.0,25.4,Warning
79.8,46.7,11.5,12.75,82.0,32.7,Normal
81.2,33.4,3.3,11.99,139.0,30.0,Warning
97.2,41.4,9.3,12.7,77.0,31.2,Normal
97.6,44.0,2.1,11.95,140.0,30.0,Warning
96.6,39.6,6.7,12.31,15.0,32.4,Normal
92.4,57.1,10.8,11.87,114.0,32.0,Warning
78.7,34.1,10.2,12.73,141.0,29.3,Normal
104.7,48.2,10.5,12.8,161.0,28.9,Normal
82.6,44.3,3.0,12.94,149.0,32.9,Warning
88.4,26.3,7.2,12.72,99.0,36.5,Normal
90.5,39.8,6.6,12.65,146.0,31.7,Normal
96.3,42.2,2.3,12.56,16.0,33.0,Critical
91.6,41.5,7.0,12.62,94.0,32.6,Normal
83.6,39.3,11.8,11.78,139.0,30.1,Warning
96.7,53.7,4.5,12.44,112.0,30.9,Normal
87.7,56.1,6.5,12.29,181.0,32.4,Normal
95.0,41.9,4.6,12.39,75.0,36.3,Normal
104.0,45.8,4.8,12.56,117.0,29.3,Normal
94.5,32.2,9.9,13.31,27.0,31.5,Normal
100.2,26.9,10.5,13.1,98.0,31.9,Normal
85.6,33.3,9.3,11.91,151.0,26.7,Warning
105.4,39.8,8.1,12.54,152.0,33.6,Normal
103.1,44.6,7.1,12.68,113.0,29.2,Normal
107.6,37.9,9.5,12.1,171.0,36.0,Normal
103.4,49.5,5.1,12.91,166.0,33.4,Normal
86.9,44.7,7.2,13.35,71.0,30.4,Normal
83.0,33.3,3.9,12.38,113.0,37.4,Warning
87.1,36.4,2.0,12.53,155.0,33.2,Critical
91.2,42.8,6.3,12.6,194.0,34.4,Normal
93.3,39.6,5.1,13.16,95.0,21.6,Warning
98.9,47.2,3.9,12.9,27.0,31.5,Warning
80.7,45.5,6.7,12.63,107.0,28.8,Normal
98.1,37.3,9.9,12.38,174.0,30.1,Normal
90.0,39.5,11.5,12.71,47.0,37.6,Normal
109.2,35.0,10.3,13.96,93.0,30.6,Warning
93.2,32.3,7.9,12.83,24.0,30.8,Normal
99.7,36.3,6.7,12.79,62.0,34.0,Normal
101.0,42.1,4.0,12.72,41.0,32.9,Normal
89.7,57.8,7.8,12.3,161.0,30.9,Normal
93.9,46.6,5.6,12.77,153.0,38.9,Normal
91.4,42.6,8.6,11.93,29.0,28.8,Warning
102.8,18.9,8.7,11.75,180.0,31.9,Warning
95.8,46.2,4.2,11.48,149.0,33.7,Warning
97.7,41.9,8.1,13.18,126.0,34.4,Normal
95.7,33.3,9.1,13.34,69.0,33.1,Normal
101.5,41.2,4.8,13.2,16.0,28.7,Normal
98.4,38.9,11.7,12.26,24.0,35.5,Normal
96.8,38.3,6.6,11.43,51.0,29.1,Warning
87.7,49.6,11.2,13.82,185.0,32.5,Normal
87.3,52.9,8.3,13.02,18.0,34.1,Normal
98.5,37.7,8.6,12.44,29.0,31.1,Normal
96.1,26.4,8.6,12.38,199.0,32.7,Normal
82.8,55.4,9.7,12.96,192.0,26.7,Warning
91.5,38.5,10.9,12.83,121.0,24.8,Warning
87.7,48.6,3.7,13.2,115.0,38.6,Warning
81.2,42.6,7.0,12.91,63.0,30.4,Normal
90.7,44.6,8.9,13.8,34.0,34.7,Normal
94.0,25.1,2.4,13.26,13.0,39.1,Critical
93.1,44.3,6.4,13.27,163.0,34.8,Normal
91.6,44.7,6.2,13.44,194.0,30.5,Normal
90.7,39.8,3.2,12.47,60.0,37.6,Warning
78.2,50.6,2.8,12.61,173.0,30.4,Warning
95.8,40.8,9.9,12.77,182.0,23.5,Warning
96.5,51.0,2.0,12.62,93.0,34.8,Critical
91.6,31.1,10.7,12.91,158.0,32.2,Normal
104.9,36.7,10.6,12.48,6.0,34.0,Normal
94.8,33.4,3.1,13.8,30.0,31.7,Warning
95.5,39.8,4.9,12.88,9.0,31.9,Normal
97.4,36.0,7.6,12.38,157.0,33.1,Normal
106.6,34.8,9.5,13.11,36.0,32.6,Normal
100.2,38.5,4.5,12.89,139.0,32.7,Normal
103.0,38.9,11.8,12.62,105.0,30.4,Normal
105.9,45.8,10.6,13.71,183.0,37.4,Normal
84.0,31.2,9.6,12.39,157.0,38.2,Normal
70.0,34.3,3.7,12.02,85.0,34.0,Warning
101.1,30.7,9.1,12.38,121.0,32.0,Normal
103.2,34.5,4.3,11.92,6.0,32.9,Warning
111.0,21.8,2.5,12.49,94.0,35.3,Critical
86.2,33.4,9.8,12.72,16.0,31.0,Normal
88.3,29.3,4.3,12.07,99.0,32.2,Normal
83.6,46.1,6.4,12.27,194.0,31.3,Normal
89.2,52.7,10.4,11.29,33.0,31.9,Critical
100.1,41.3,7.1,13.12,85.0,31.3,Normal
102.7,28.7,6.9,13.32,162.0,31.4,Normal
100.8,24.5,7.2,11.99,151.0,35.6,Warning
86.0,35.8,6.0,12.92,67.0,30.1,Normal
107.6,39.0,8.8,12.31,46.0,31.9,Normal
102.8,38.9,8.8,12.35,83.0,30.1,Normal
106.5,48.5,7.8,12.72,169.0,35.6,Normal
103.2,36.3,8.5,13.2,34.0,25.9,Warning
83.1,46.3,9.2,12.24,199.0,34.9,Normal
81.5,45.1,6.1,12.8,153.0,32.4,Normal
86.6,38.2,11.9,13.24,65.0,35.9,Normal
94.8,40.7,7.0,13.15,182.0,29.3,Normal
114.1,17.2,3.7,13.29,77.0,31.4,Critical
84.9,49.4,2.1,11.71,196.0,31.0,Critical
92.3,35.9,7.7,12.35,170.0,35.8,Normal
105.0,42.1,5.2,12.36,19.0,30.7,Normal
103.5,44.9,8.5,12.21,88.0,36.4,Normal
92.7,26.9,2.2,12.96,134.0,29.6,Critical
101.9,29.3,8.2,12.91,74.0,31.8,Normal
101.2,44.4,4.1,12.77,155.0,30.5,Normal
84.4,51.8,10.2,11.69,28.0,32.9,Warning
90.1,42.3,11.4,12.28,171.0,28.0,Critical
95.7,49.8,5.2,12.81,122.0,30.8,Normal
85.8,39.8,8.9,12.08,62.0,39.1,Normal
99.6,29.7,4.5,10.5,32.0,30.7,Critical
101.4,25.8,10.5,13.05,53.0,30.5,Normal
100.1,45.9,6.8,12.51,189.0,34.8,Normal
103.2,55.9,2.4,12.14,112.0,30.3,Critical
101.6,45.4,9.8,12.61,93.0,31.5,Normal
97.6,32.3,5.7,12.76,56.0,39.2,Normal
94.2,33.7,10.3,12.81,190.0,36.3,Normal
90.2,38.2,9.5,12.68,151.0,33.1,Normal
99.4,34.1,5.1,12.61,35.0,32.9,Critical
85.1,32.9,9.9,13.19,60.0,36.7,Normal
77.9,41.6,11.3,13.57,72.0,33.4,Normal
95.1,24.1,7.6,12.67,66.0,31.3,Warning
90.4,31.0,9.6,12.68,150.0,34.7,Normal
97.6,41.0,2.7,13.03,80.0,28.2,Warning
105.4,42.0,11.9,13.25,114.0,29.1,Normal
95.3,28.0,6.7,12.09,155.0,31.6,Normal
106.7,39.0,8.7,13.63,106.0,35.0,Normal
95.6,44.1,2.5,13.08,178.0,38.4,Warning
95.6,30.2,11.4,12.56,184.0,29.2,Normal
103.8,30.8,6.6,12.97,168.0,32.7,Normal
84.5,35.9,9.9,13.13,19.0,32.1,Normal
88.0,42.4,2.8,13.77,27.0,32.8,Normal
88.0,36.2,6.0,12.72,185.0,32.3,Normal
85.5,50.6,10.5,12.12,103.0,32.3,Normal
102.0,37.9,6.1,12.98,8.0,35.7,Normal
99.3,32.4,3.9,12.15,40.0,35.1,Warning
91.8,50.0,11.2,12.3,51.0,34.0,Normal
97.1,35.9,5.0,13.37,51.0,32.9,Warning
93.6,37.5,3.1,12.28,91.0,32.3,Warning
101.2,28.1,3.7,12.61,184.0,35.5,Warning
93.7,28.0,11.4,12.62,58.0,41.6,Warning
101.4,32.1,3.7,12.48,107.0,35.9,Warning
86.9,49.0,4.9,12.48,103.0,32.4,Normal
96.0,35.8,6.8,13.61,144.0,31.5,Normal
78.3,46.3,8.8,12.64,118.0,28.2,Normal
100.8,34.1,5.7,12.76,24.0,34.2,Normal
95.6,49.5,4.8,12.68,64.0,28.0,Normal
111.6,39.3,3.7,12.38,26.0,33.5,Warning
99.7,39.7,3.4,12.06,95.0,33.2,Warning
93.7,35.3,9.1,12.7,122.0,33.4,Normal
99.2,41.4,6.4,12.47,165.0,34.4,Normal
82.7,41.9,7.0,13.34,200.0,31.7,Normal
89.6,39.1,8.3,12.86,79.0,37.6,Normal
95.8,38.2,5.2,13.05,66.0,29.2,Normal
80.7,44.8,4.4,12.74,28.0,35.2,Normal
98.3,36.5,11.9,12.52,127.0,32.9,Normal
110.9,39.4,4.6,12.18,134.0,29.0,Warning
110.4,46.5,4.8,12.64,198.0,32.6,Warning
70.0,44.9,5.0,11.16,29.0,36.3,Critical
82.9,48.7,3.6,12.15,189.0,32.5,Warning
104.2,48.4,9.8,12.01,168.0,33.7,Normal
100.1,29.6,7.1,13.66,187.0,28.7,Normal
105.6,36.2,11.3,11.61,115.0,35.1,Warning
97.0,20.3,5.3,12.24,74.0,32.2,Warning
95.6,49.9,5.2,12.21,38.0,33.8,Normal
85.6,33.8,8.6,14.05,154.0,32.6,Normal
97.6,32.2,10.1,12.08,84.0,33.3,Normal
95.6,32.2,7.3,11.83,175.0,32.5,Warning
82.6,39.7,4.8,12.15,26.0,34.4,Normal
89.4,47.5,7.8,12.51,9.0,34.8,Normal
98.1,30.9,9.5,12.4,181.0,40.6,Warning
99.6,50.2,5.3,12.44,44.0,32.0,Normal
92.7,33.7,9.8,12.62,97.0,31.1,Normal
80.2,35.1,3.0,12.02,139.0,30.7,Warning
100.1,48.2,5.9,12.51,149.0,36.5,Normal
81.4,38.5,11.3,12.61,32.0,35.1,Normal
97.7,38.0,10.0,13.02,23.0,33.6,Normal
98.1,37.6,8.0,12.96,120.0,34.4,Normal
74.9,49.1,9.8,11.8,43.0,27.8,Warning
85.9,42.7,8.6,13.0,38.0,35.6,Normal
101.8,46.7,3.4,12.33,144.0,33.6,Warning
76.8,43.1,10.2,12.85,152.0,28.9,Normal
89.2,41.5,2.1,12.01,98.0,29.9,Critical
103.6,24.9,11.8,11.91,8.0,31.8,Warning
107.0,40.2,4.6,12.41,176.0,33.1,Normal
95.8,47.6,6.9,14.25,133.0,32.1,Normal
91.5,43.1,8.5,12.67,161.0,33.5,Normal
98.6,42.4,4.0,12.34,63.0,32.5,Warning
95.4,41.7,2.7,13.04,98.0,28.8,Warning
98.8,37.5,2.7,12.2,45.0,34.8,Warning
87.4,35.4,7.7,12.68,171.0,33.6,Normal
93.0,62.6,11.7,12.69,185.0,38.3,Normal
94.2,51.7,6.4,14.03,13.0,34.0,Normal
97.5,56.5,11.0,12.61,47.0,28.8,Normal
92.6,43.6,8.4,12.29,133.0,33.3,Normal
93.4,52.8,4.7,12.47,130.0,39.2,Normal
92.4,29.7,4.8,12.43,20.0,35.0,Normal
97.0,32.0,2.3,13.48,31.0,27.9,Critical
85.5,46.7,2.9,13.26,36.0,32.7,Warning
85.3,33.8,8.3,12.61,68.0,32.9,Normal
104.7,45.1,4.8,12.82,19.0,37.7,Normal
98.8,39.8,2.4,12.81,92.0,37.9,Critical
100.1,45.5,3.6,12.67,143.0,32.2,Warning
85.1,33.7,5.0,12.08,41.0,36.2,Normal
98.6,46.2,7.1,13.31,186.0,35.6,Normal
75.0,37.8,3.2,13.28,129.0,31.4,Warning
79.5,29.6,10.1,13.04,154.0,35.1,Normal
110.9,39.8,4.9,13.45,54.0,33.7,Warning
95.9,24.3,6.8,12.6,93.0,33.7,Warning
89.6,49.3,10.2,12.95,32.0,29.9,Normal
95.7,47.6,12.0,11.77,82.0,32.1,Warning
96.7,55.8,5.6,12.98,92.0,34.4,Normal
94.8,46.3,2.4,12.87,57.0,28.0,Critical
96.7,44.8,9.1,11.98,23.0,35.0,Warning
109.4,51.3,3.8,12.61,139.0,37.4,Warning
87.8,55.2,5.4,12.59,144.0,37.9,Normal
95.5,41.6,4.2,12.45,133.0,30.2,Normal
107.5,48.7,2.4,13.04,45.0,35.1,Critical
92.9,39.3,10.8,12.05,109.0,32.7,Normal
103.2,46.7,6.7,12.97,128.0,29.1,Normal
93.2,34.8,9.1,12.14,97.0,35.9,Normal
97.2,50.2,9.5,12.98,6.0,34.9,Normal
102.9,26.1,9.7,13.27,54.0,28.5,Normal
90.5,49.8,2.2,12.27,119.0,32.6,Critical
104.6,35.5,4.2,12.27,93.0,31.3,Normal
88.1,15.3,8.8,12.73,32.0,30.2,Critical
101.2,35.0,7.0,12.86,12.0,26.3,Warning
94.9,50.4,3.9,12.56,104.0,35.4,Warning
100.9,27.2,2.3,13.18,29.0,38.7,Critical
96.2,52.5,5.9,12.81,112.0,34.1,Normal
94.2,43.8,5.6,12.78,101.0,29.7,Critical
100.7,46.5,7.3,13.01,184.0,36.1,Normal
98.5,29.3,5.0,12.16,141.0,34.2,Normal
110.9,34.3,9.4,12.58,94.0,32.9,Warning
92.5,44.5,11.1,13.24,163.0,29.5,Normal
90.7,24.0,12.0,12.63,22.0,26.8,Warning
83.3,54.7,8.0,12.44,192.0,32.5,Normal
78.6,45.2,6.3,13.28,122.0,31.7,Normal
91.4,32.3,11.4,12.4,66.0,32.7,Normal
96.0,46.7,8.0,12.93,36.0,36.0,Normal
104.2,26.8,7.1,13.19,197.0,26.7,Warning
94.3,35.1,6.4,12.85,69.0,30.7,Normal
97.9,48.8,5.1,12.44,14.0,33.2,Normal
87.9,50.1,6.9,12.17,24.0,35.4,Normal
92.2,33.0,11.6,11.9,50.0,32.3,Warning
98.5,38.3,11.9,12.58,67.0,35.2,Normal
112.0,41.7,8.7,12.72,121.0,37.2,Warning
101.1,39.2,7.6,12.69,49.0,33.9,Normal
83.9,40.8,7.5,12.76,103.0,38.3,Normal
96.6,39.5,7.7,12.48,47.0,29.9,Normal
108.7,37.7,6.1,12.67,116.0,27.4,Warning
99.0,41.6,8.9,12.2,87.0,33.0,Normal
96.4,30.7,7.4,12.88,63.0,35.7,Normal
103.7,51.7,6.7,12.5,65.0,32.9,Normal
87.8,30.9,7.1,12.59,112.0,28.0,Normal
95.2,30.9,2.8,13.49,68.0,32.1,Warning
86.6,33.1,7.0,12.29,70.0,27.5,Warning
97.2,26.4,5.6,12.92,54.0,28.2,Normal
92.7,43.7,4.6,13.39,115.0,29.5,Normal
93.7,35.6,3.3,13.31,81.0,30.1,Warning
106.8,39.8,6.9,11.83,26.0,33.9,Warning
111.8,55.7,10.7,12.94,182.0,29.3,Critical
104.0,26.7,3.9,12.89,81.0,37.3,Warning
103.5,48.7,6.7,11.84,51.0,27.6,Warning
91.9,37.8,3.4,13.04,121.0,28.8,Warning
95.3,33.4,6.0,12.52,62.0,37.0,Normal
93.3,35.2,2.4,12.35,108.0,35.5,Critical
102.1,41.5,7.2,12.61,73.0,36.3,Normal
90.7,44.4,4.9,12.81,74.0,35.4,Normal
83.6,38.1,10.5,12.96,76.0,32.2,Normal
101.2,41.2,10.4,13.02,92.0,34.6,Normal
89.9,34.0,6.9,13.17,103.0,33.1,Normal
99.3,31.2,4.0,12.3,20.0,32.9,Normal
94.9,52.2,5.2,12.63,146.0,40.9,Warning
109.1,57.1,2.3,12.22,175.0,30.3,Critical
90.3,35.8,5.2,12.61,124.0,29.7,Normal
88.1,28.8,2.4,12.39,141.0,30.1,Critical
94.0,34.4,7.5,12.32,56.0,27.9,Warning
100.9,55.9,5.3,12.48,11.0,32.0,Normal
87.8,34.2,9.9,12.24,41.0,32.4,Normal
105.8,28.0,3.2,13.02,102.0,32.9,Warning
89.8,28.5,5.3,12.18,182.0,32.3,Normal
85.7,46.9,8.6,13.56,100.0,37.2,Normal
101.1,27.7,11.2,13.28,42.0,32.3,Normal
86.3,38.4,4.0,12.68,80.0,34.0,Warning
101.6,36.3,4.1,13.41,7.0,30.7,Normal
86.8,27.8,11.2,12.61,140.0,32.6,Normal
80.5,30.0,3.4,12.28,77.0,30.8,Warning
92.8,36.4,6.5,13.22,182.0,30.2,Normal
96.9,44.3,3.2,12.11,162.0,30.5,Warning
97.7,44.5,4.2,11.89,79.0,30.2,Warning
85.4,38.7,11.1,13.57,51.0,33.7,Normal
99.9,38.9,2.7,11.89,135.0,31.6,Warning
87.5,40.3,6.7,12.51,140.0,32.2,Normal
98.0,43.2,11.8,12.74,42.0,32.3,Normal
83.4,48.4,5.0,14.16,156.0,27.6,Warning
95.7,34.5,7.4,13.65,102.0,36.4,Normal
99.7,41.4,4.9,13.45,167.0,34.6,Normal
91.7,40.8,5.0,11.41,150.0,36.4,Warning
102.1,38.6,8.4,12.79,10.0,32.1,Normal
83.4,31.8,11.4,12.35,9.0,31.0,Normal
104.7,41.3,10.3,13.14,62.0,36.2,Normal
93.2,49.7,7.9,12.33,150.0,32.9,Normal
94.7,45.3,2.4,12.28,111.0,36.6,Critical
101.5,51.9,11.4,12.07,45.0,29.4,Normal
104.1,28.3,9.1,12.61,138.0,34.1,Normal
98.7,34.1,11.5,12.73,178.0,26.8,Warning
89.3,31.3,10.1,12.41,127.0,34.5,Normal
100.9,42.5,9.7,12.11,103.0,32.3,Normal
96.8,38.2,3.1,11.97,151.0,29.4,Warning
90.1,29.2,7.5,13.16,151.0,31.1,Normal
99.8,36.5,11.8,13.1,182.0,31.2,Normal
91.4,44.0,11.8,12.86,34.0,30.4,Normal
100.6,35.5,5.2,12.3,177.0,32.9,Normal
85.2,39.2,3.6,13.08,136.0,32.4,Warning
101.0,37.8,11.6,11.98,177.0,34.9,Warning
109.2,38.5,5.8,12.28,34.0,35.6,Warning
114.7,33.0,8.4,12.49,172.0,31.9,Warning
86.4,25.0,7.2,12.5,10.0,30.5,Normal
84.3,39.8,8.8,13.02,25.0,27.5,Warning
100.7,51.6,4.3,12.52,95.0,33.1,Normal
98.4,34.4,9.2,12.77,27.0,38.9,Normal
95.1,40.8,11.8,12.66,29.0,34.8,Normal
94.7,55.5,8.1,13.33,195.0,35.8,Normal
107.6,39.8,4.2,13.14,185.0,32.0,Normal
87.9,52.7,2.2,12.15,81.0,36.5,Critical
90.2,35.6,10.5,12.61,30.0,29.1,Normal
84.3,38.8,7.2,12.61,175.0,31.5,Normal
80.6,39.2,10.1,13.25,174.0,31.1,Normal
93.3,33.4,6.3,12.75,133.0,28.3,Normal
94.1,33.2,9.0,12.61,181.0,32.6,Normal
101.0,39.1,9.6,12.38,79.0,30.7,Normal
87.4,45.2,11.1,12.46,195.0,35.6,Normal
104.7,34.1,2.1,13.08,184.0,36.6,Critical
96.7,31.4,8.4,12.61,199.0,36.5,Normal
94.5,28.2,6.3,12.21,190.0,32.6,Normal
98.4,39.0,2.8,12.32,11.0,29.2,Warning
94.4,35.6,9.8,11.98,141.0,35.4,Warning
97.4,44.4,6.1,12.37,66.0,32.9,Normal
95.3,36.7,4.2,13.48,83.0,32.2,Normal
92.3,39.8,3.5,12.62,161.0,28.8,Warning
88.2,38.1,9.2,12.9,85.0,33.3,Normal
86.9,43.1,4.7,12.77,149.0,30.7,Normal
86.1,18.8,8.3,12.61,27.0,30.7,Warning
100.3,46.8,9.6,12.3,30.0,33.2,Normal
92.7,50.0,10.0,12.03,9.0,32.8,Normal
90.6,48.7,10.1,12.77,140.0,32.9,Normal
91.5,43.7,10.0,12.75,74.0,29.5,Normal
92.8,31.6,5.6,11.77,142.0,34.7,Warning
104.3,32.1,7.5,11.68,197.0,35.6,Warning
89.4,44.4,7.7,11.95,123.0,26.3,Warning
96.9,20.9,8.5,11.61,17.0,33.9,Warning
91.3,31.3,4.5,12.68,80.0,30.4,Normal
96.7,44.2,4.1,12.45,48.0,34.3,Normal
90.5,24.6,6.4,13.35,59.0,31.0,Warning
93.9,44.6,11.2,12.18,83.0,31.0,Critical
111.4,44.6,6.2,12.56,176.0,32.9,Warning
93.0,46.0,8.6,11.96,194.0,36.1,Warning
102.5,39.9,3.6,12.91,163.0,34.9,Warning
89.1,31.2,2.5,12.13,82.0,34.0,Warning
102.8,31.3,5.1,14.01,85.0,38.2,Critical
88.6,45.0,3.8,12.74,49.0,32.2,Warning
90.0,41.5,3.9,12.97,105.0,31.4,Warning
91.5,44.3,2.6,12.38,70.0,35.1,Warning
89.2,36.6,7.4,12.0,136.0,33.3,Normal
94.3,31.0,6.0,12.72,47.0,31.4,Normal
92.8,43.3,5.7,12.12,18.0,31.3,Normal
93.1,55.0,10.2,13.69,57.0,35.7,Normal
83.3,51.8,11.8,12.16,78.0,38.5,Normal
94.6,21.2,2.9,12.89,51.0,31.5,Warning
98.8,50.3,6.8,11.76,118.0,33.8,Warning
94.9,34.7,2.6,13.17,190.0,34.4,Warning
80.5,28.6,6.1,11.81,161.0,32.0,Warning
94.0,34.3,6.8,12.39,19.0,21.6,Warning
108.8,37.9,5.7,13.03,56.0,36.2,Warning
106.3,34.5,2.7,12.51,113.0,37.0,Warning
86.9,52.8,10.1,12.23,77.0,29.9,Normal
114.8,39.8,3.6,12.35,17.0,37.0,Warning
86.7,31.3,10.0,13.31,179.0,36.2,Normal
95.9,29.9,9.4,12.15,93.0,38.8,Normal
108.1,33.1,6.9,13.24,71.0,31.2,Warning
98.4,35.0,11.9,12.92,96.0,35.6,Normal
92.6,35.6,8.4,11.75,151.0,29.5,Warning
87.4,41.2,9.0,12.58,17.0,30.7,Normal
101.4,41.1,8.9,12.73,28.0,32.1,Normal
92.4,41.4,11.0,12.73,16.0,35.4,Normal
100.0,33.2,10.0,13.48,149.0,26.5,Warning
83.0,34.9,9.4,12.34,29.0,34.8,Normal
85.7,35.0,10.3,12.97,110.0,32.6,Normal
81.5,36.7,6.8,12.94,66.0,25.9,Warning
98.4,49.9,2.9,12.77,92.0,32.9,Warning
102.4,28.0,3.9,12.57,148.0,33.5,Warning
94.7,50.8,4.2,11.72,83.0,34.6,Warning
105.4,39.6,10.4,12.31,190.0,33.2,Normal
91.7,38.0,8.6,12.28,38.0,31.1,Normal
88.5,39.4,11.2,12.07,137.0,27.7,Warning
93.3,26.8,10.2,12.85,182.0,36.6,Normal
76.0,41.1,7.5,13.09,15.0,31.9,Normal
94.9,42.1,9.4,12.44,173.0,34.3,Normal
89.7,37.0,5.2,13.32,184.0,35.7,Normal
96.5,40.8,2.4,12.92,83.0,31.5,Critical
88.2,39.8,8.4,13.18,194.0,37.7,Normal
72.0,54.3,6.6,12.3,19.0,30.3,Warning
94.6,50.1,6.1,11.89,36.0,29.7,Warning
97.0,37.9,8.0,11.53,12.0,32.3,Warning
93.9,35.4,10.8,12.91,83.0,31.8,Normal
93.3,47.5,6.2,12.11,50.0,32.9,Normal
80.1,41.5,6.2,12.25,63.0,33.7,Normal
84.8,37.5,7.8,12.64,182.0,39.4,Normal
89.0,32.7,4.0,13.63,88.0,36.8,Warning
93.5,48.8,6.4,13.07,55.0,35.1,Normal
99.6,31.5,6.0,12.81,94.0,34.3,Normal
104.7,54.2,3.5,13.25,84.0,36.0,Warning
103.5,57.2,11.1,13.34,23.0,36.7,Normal
87.9,32.5,7.3,13.29,48.0,28.0,Normal
88.5,51.5,7.2,12.04,163.0,34.3,Normal
88.4,31.5,10.4,12.22,143.0,32.4,Normal
96.2,49.5,6.7,12.58,171.0,31.6,Normal
90.1,45.8,2.0,12.36,116.0,30.5,Critical
92.2,54.0,8.3,12.89,89.0,32.2,Normal
117.5,35.8,11.6,12.49,128.0,31.3,Warning
96.6,42.3,9.6,13.17,40.0,33.4,Normal
95.4,36.4,3.4,11.96,175.0,34.4,Warning
90.3,32.9,9.9,12.77,177.0,40.0,Normal
99.7,45.6,7.6,13.38,153.0,27.9,Warning
88.6,43.5,6.7,12.54,169.0,35.0,Normal
93.4,29.1,9.2,12.86,28.0,32.3,Normal
85.7,32.6,2.2,12.61,133.0,31.6,Critical
101.9,39.8,5.6,12.03,129.0,30.5,Normal
100.0,46.1,2.7,11.95,47.0,28.6,Warning
106.8,42.0,8.5,12.78,80.0,35.7,Normal
90.1,48.9,5.6,12.27,84.0,32.0,Normal
99.7,38.8,4.7,12.48,46.0,35.0,Normal
81.6,34.1,7.0,12.81,103.0,35.3,Normal
101.1,39.8,8.3,13.02,180.0,33.1,Normal
96.1,22.3,6.8,12.12,165.0,35.9,Warning
85.6,56.9,9.5,12.91,68.0,34.7,Normal
88.2,34.6,6.6,11.84,106.0,30.9,Warning
93.6,37.3,10.2,11.97,170.0,31.8,Warning
89.8,48.2,8.6,12.61,31.0,30.7,Normal
100.7,28.6,6.7,11.91,111.0,27.9,Warning
86.4,35.6,11.1,12.08,118.0,30.3,Normal
86.6,37.2,11.5,12.96,122.0,36.5,Normal
99.4,43.1,4.1,12.07,154.0,33.2,Normal
88.1,35.7,8.9,12.61,95.0,35.2,Normal
94.6,34.5,12.0,12.04,150.0,37.1,Normal
80.1,44.8,2.9,12.73,43.0,35.7,Warning
87.8,40.7,6.3,12.31,121.0,29.0,Normal
91.9,33.5,2.6,12.75,46.0,30.6,Warning
92.9,52.0,7.2,12.66,129.0,30.6,Normal
90.4,29.4,5.7,12.98,156.0,29.6,Normal
98.6,45.5,8.9,12.76,17.0,38.1,Normal
102.3,51.5,11.8,13.34,11.0,31.1,Normal
107.8,40.3,9.4,13.8,42.0,33.8,Normal
94.3,35.4,7.1,12.48,35.0,32.9,Normal
107.6,36.2,4.1,12.96,178.0,33.4,Normal
95.8,19.7,9.6,12.23,110.0,28.4,Warning
92.2,41.9,4.0,12.07,14.0,31.8,Normal
98.3,36.1,2.2,12.4,54.0,30.9,Critical
102.8,35.2,3.4,12.43,10.0,34.6,Warning
91.9,32.3,6.1,12.6,69.0,26.4,Warning
95.5,35.0,2.6,12.61,29.0,33.4,Warning
89.0,39.4,3.8,12.08,115.0,33.3,Warning
98.0,45.6,5.6,12.44,142.0,32.9,Normal
99.4,39.8,7.5,12.92,39.0,32.9,Normal
99.8,33.9,4.6,12.34,194.0,30.2,Normal
98.8,43.4,2.7,12.27,65.0,30.8,Warning
109.8,34.2,4.3,12.82,56.0,31.5,Warning
91.4,45.4,7.5,12.71,27.0,31.3,Normal
107.0,50.1,9.7,12.89,70.0,31.2,Normal
86.3,37.6,3.6,12.88,183.0,34.3,Warning
94.0,37.4,9.8,13.27,192.0,34.0,Normal
90.8,45.1,8.4,12.58,121.0,36.2,Normal
97.0,53.8,4.0,12.43,66.0,29.8,Warning
95.7,30.8,8.0,12.0,103.0,32.2,Warning
98.0,43.4,9.5,12.09,150.0,33.1,Normal
103.5,51.7,5.0,11.78,47.0,34.3,Warning
92.7,43.5,4.4,12.33,171.0,35.3,Normal
93.4,35.7,7.1,14.01,104.0,30.3,Normal
101.0,39.3,6.1,12.03,101.0,32.9,Normal
86.2,43.2,5.0,11.15,18.0,31.2,Critical
88.3,51.3,10.1,11.46,49.0,36.1,Warning
92.5,36.7,4.2,12.54,50.0,32.1,Normal
98.8,49.6,8.3,11.6,45.0,31.6,Warning
84.8,54.3,7.5,12.61,146.0,28.4,Normal
89.8,39.5,5.5,12.61,138.0,29.8,Normal
92.6,25.7,5.6,12.92,66.0,35.2,Normal
87.1,39.8,6.5,13.01,78.0,31.2,Normal
98.8,38.1,3.4,12.49,58.0,30.9,Warning
93.9,44.5,11.8,12.34,198.0,32.2,Normal
84.6,15.0,3.3,12.4,84.0,31.7,Critical
96.0,39.2,7.6,13.06,21.0,33.4,Normal
96.5,42.0,8.0,12.81,184.0,34.9,Normal
94.3,39.3,6.7,12.78,169.0,33.6,Normal
89.8,43.2,4.9,12.54,112.0,32.2,Normal
99.3,41.0,3.7,13.17,85.0,26.9,Warning
83.3,32.7,11.6,12.07,18.0,34.2,Normal
114.7,29.5,10.4,13.22,189.0,35.8,Warning
109.7,28.0,10.8,13.13,193.0,35.7,Warning
97.8,36.5,10.6,13.17,75.0,37.7,Normal
89.7,43.7,11.8,12.97,113.0,39.2,Normal
93.4,46.5,8.4,12.37,27.0,38.2,Normal
108.7,46.7,11.1,12.13,166.0,30.8,Warning
95.3,58.7,7.1,12.59,85.0,40.8,Warning
93.1,38.1,6.1,13.68,196.0,37.1,Normal
88.3,34.3,10.2,12.56,84.0,35.4,Critical
92.8,41.5,7.7,12.61,168.0,34.2,Normal
95.1,36.3,10.1,13.56,57.0,39.6,Normal
111.5,31.2,6.2,12.59,120.0,30.4,Warning
97.4,38.1,7.4,12.12,122.0,34.6,Normal
97.4,29.1,2.1,12.24,11.0,34.9,Critical
99.5,39.8,5.6,13.05,188.0,34.1,Normal
106.6,36.8,8.7,13.13,62.0,33.4,Normal
84.7,19.9,10.6,12.17,81.0,30.3,Warning
97.2,44.0,11.3,12.7,55.0,33.6,Normal
93.1,33.7,7.3,12.58,130.0,34.5,Normal
86.6,47.4,9.2,12.67,43.0,36.1,Normal
94.9,40.7,10.7,13.26,47.0,37.6,Normal
93.2,55.2,9.5,12.52,138.0,34.2,Normal
87.8,35.0,10.0,12.99,128.0,34.4,Normal
85.4,36.1,5.8,13.12,99.0,30.3,Normal
94.8,41.5,8.2,12.59,161.0,32.1,Normal
93.6,39.2,8.4,12.96,15.0,31.4,Normal
90.2,30.3,8.1,13.66,60.0,32.4,Normal
107.1,35.5,2.7,12.36,141.0,37.2,Warning
87.3,28.4,11.3,12.92,130.0,35.1,Normal
90.5,46.5,8.9,12.61,13.0,32.3,Normal
92.8,40.8,11.4,13.54,143.0,34.4,Normal
83.1,46.2,8.3,12.42,173.0,32.4,Normal
105.8,27.3,11.5,12.84,181.0,32.3,Normal
89.4,58.3,4.1,13.34,158.0,32.9,Normal
99.3,30.8,10.5,12.66,174.0,32.8,Normal
93.6,49.2,11.9,12.41,164.0,35.0,Normal
88.1,41.9,9.0,12.68,119.0,35.6,Normal
79.9,30.9,4.9,12.32,79.0,35.8,Normal
85.9,31.7,9.3,12.19,103.0,30.7,Normal
104.1,39.8,8.1,12.78,112.0,37.0,Normal
100.0,41.6,7.7,13.51,133.0,34.8,Warning
96.8,44.0,8.4,12.3,192.0,33.6,Normal
103.3,49.9,9.6,12.63,158.0,31.1,Normal
86.6,31.0,6.1,12.27,186.0,36.0,Normal
101.8,32.2,5.2,12.61,154.0,26.1,Warning
96.2,39.8,10.5,13.78,26.0,38.4,Normal
87.7,43.6,9.1,12.96,134.0,35.8,Normal
94.7,41.6,10.1,12.42,144.0,31.0,Normal
91.1,28.4,7.7,13.82,164.0,28.0,Warning
91.8,34.6,11.9,11.7,124.0,35.6,Normal
98.0,40.1,4.3,12.32,148.0,35.4,Normal
99.8,26.9,10.1,12.61,94.0,34.3,Warning
93.7,36.4,7.3,11.75,188.0,32.0,Warning
94.9,34.1,10.8,12.63,155.0,36.6,Normal
93.8,30.2,11.7,13.58,47.0,26.3,Warning
82.5,35.3,7.8,12.43,103.0,31.9,Normal
99.0,42.2,10.7,13.13,22.0,34.4,Normal
93.0,52.0,6.9,12.77,185.0,32.6,Normal
95.7,55.8,10.9,12.61,142.0,34.0,Normal
102.0,49.5,11.6,12.52,128.0,34.5,Critical
105.9,39.4,3.2,12.48,89.0,35.2,Warning
119.5,49.5,5.2,12.81,136.0,25.1,Critical
116.3,33.4,4.2,12.38,55.0,29.1,Warning
86.4,39.7,2.0,13.37,166.0,33.6,Critical
112.3,21.1,5.0,12.66,92.0,30.7,Critical
99.9,38.7,10.3,12.01,5.0,28.4,Normal
106.1,19.5,6.2,12.32,117.0,36.5,Warning
106.4,28.8,6.6,12.72,191.0,35.4,Normal
105.0,43.2,5.6,12.57,40.0,31.3,Normal
89.6,27.7,10.0,11.53,30.0,36.6,Warning
100.3,41.6,7.1,12.59,48.0,34.0,Normal
93.8,48.3,7.0,12.6,59.0,33.4,Normal
108.0,38.5,2.8,12.64,6.0,32.2,Warning
99.7,42.6,6.5,12.38,130.0,30.4,Normal
96.8,34.8,9.2,12.64,180.0,32.9,Normal
93.0,45.3,10.7,12.66,83.0,35.1,Normal
109.5,42.0,6.0,12.65,192.0,35.0,Warning
83.8,39.8,7.9,12.02,68.0,35.8,Normal
87.3,35.4,11.7,12.77,47.0,30.7,Normal
98.5,22.1,11.4,13.51,113.0,31.2,Warning
92.5,48.7,3.5,13.01,60.0,34.7,Warning
89.3,42.6,3.1,12.64,172.0,29.7,Warning
84.1,40.8,10.8,13.08,132.0,30.5,Normal
91.3,39.4,8.4,12.47,42.0,30.7,Normal
98.1,56.1,5.0,13.45,24.0,37.3,Normal
104.8,47.0,4.3,12.55,34.0,31.7,Normal
92.9,32.6,11.4,12.4,180.0,39.4,Normal
111.3,47.5,11.1,12.16,42.0,36.1,Warning
101.1,45.0,10.8,12.86,180.0,32.5,Normal
84.1,38.9,8.8,13.11,188.0,33.8,Normal
97.7,38.9,2.8,13.41,198.0,35.6,Warning
86.2,42.1,6.2,13.94,35.0,31.1,Normal
101.7,39.1,3.1,11.94,140.0,34.1,Warning
101.0,25.7,3.3,13.24,47.0,36.0,Warning
90.0,40.7,9.0,12.63,60.0,29.4,Normal
82.2,43.3,5.9,13.11,129.0,32.3,Normal
85.3,37.2,2.6,12.59,47.0,31.8,Warning
88.4,45.7,4.1,12.88,43.0,28.4,Normal
92.3,45.7,6.0,12.06,174.0,36.2,Normal
83.0,47.0,7.4,13.0,54.0,33.4,Normal
90.9,37.4,3.9,12.13,58.0,35.9,Warning
110.0,47.5,4.7,13.17,103.0,34.1,Warning
102.4,59.8,4.4,12.01,101.0,28.2,Normal
87.1,47.8,8.2,12.61,142.0,32.3,Normal
102.7,33.1,5.4,12.54,158.0,34.4,Normal
90.5,43.4,3.9,13.0,89.0,33.6,Warning
90.7,50.4,7.9,12.97,88.0,35.5,Normal
82.3,27.9,5.2,13.0,107.0,29.8,Normal
101.8,36.4,7.9,13.2,39.0,35.4,Normal
96.3,33.1,5.8,12.54,168.0,33.4,Normal
95.3,39.2,8.8,11.65,151.0,36.0,Warning
100.5,34.5,11.9,11.73,5.0,32.6,Warning
89.3,37.1,8.9,12.35,169.0,30.4,Normal
96.7,39.8,9.8,11.73,23.0,31.8,Warning
96.3,28.2,2.3,12.19,32.0,28.7,Critical
92.6,41.0,5.8,13.49,45.0,33.9,Normal
89.7,32.5,8.1,13.9,186.0,32.9,Normal
84.8,47.0,9.8,12.6,192.0,34.6,Normal
86.7,34.2,3.3,13.06,42.0,34.2,Warning
93.5,41.7,10.4,13.03,18.0,33.1,Normal
86.8,54.0,11.7,13.42,103.0,32.5,Normal
96.9,39.8,3.2,12.55,101.0,29.5,Warning
101.7,20.6,3.7,12.79,105.0,35.2,Warning
97.7,30.8,10.1,12.27,145.0,27.9,Warning
110.1,43.0,11.8,13.24,125.0,33.3,Warning
99.5,30.0,6.3,12.62,178.0,36.8,Normal
97.1,43.3,3.1,12.68,90.0,32.9,Warning
107.9,39.8,7.3,12.16,179.0,33.1,Normal
83.1,35.5,11.3,13.18,17.0,34.8,Normal
85.7,35.9,11.8,12.79,189.0,32.9,Normal
94.9,39.3,2.2,11.85,64.0,34.4,Normal
78.1,36.5,4.3,13.28,159.0,34.3,Normal
107.0,49.5,6.3,12.17,156.0,35.8,Normal
99.1,27.6,2.6,12.61,153.0,34.2,Warning
111.0,43.6,3.6,12.46,170.0,32.4,Warning
100.1,44.4,5.8,12.37,81.0,30.1,Normal
98.8,44.0,7.6,12.62,185.0,30.5,Normal
101.3,50.7,8.7,12.91,37.0,32.6,Normal
97.1,31.0,4.5,12.61,115.0,32.6,Normal
86.3,39.6,9.3,13.27,181.0,34.9,Normal
92.3,43.3,10.1,12.75,107.0,31.6,Normal
94.4,31.4,6.1,12.18,99.0,29.0,Normal
109.3,57.5,4.9,12.55,153.0,32.8,Warning
96.6,49.3,2.9,11.75,183.0,32.1,Normal
90.0,44.1,5.2,12.93,18.0,27.0,Warning
86.4,46.1,3.3,11.84,12.0,28.7,Warning
97.7,39.4,11.4,12.73,157.0,39.7,Normal
85.6,46.8,10.7,13.1,103.0,34.5,Normal
86.8,42.0,9.7,12.58,66.0,35.2,Normal
114.6,43.2,7.3,11.98,197.0,36.2,Warning
76.2,48.6,3.0,13.1,114.0,34.1,Warning
100.2,34.6,7.0,12.31,117.0,36.3,Normal
92.0,36.5,8.7,13.11,118.0,34.8,Normal
98.1,50.1,11.4,12.73,145.0,29.6,Normal
88.3,28.9,9.6,13.0,121.0,33.0,Normal
87.0,38.1,6.1,13.56,31.0,32.5,Normal
89.5,31.9,10.5,12.25,44.0,31.4,Warning
106.1,32.2,6.2,12.61,122.0,34.7,Normal
91.7,38.1,10.7,12.69,138.0,31.7,Normal
102.4,32.1,10.0,11.79,77.0,29.1,Warning
92.2,47.1,5.2,13.17,131.0,34.3,Normal
103.4,39.8,3.4,12.05,28.0,33.0,Warning
97.9,39.2,4.1,12.68,106.0,30.9,Normal
84.7,36.7,3.5,12.8,156.0,32.2,Warning
93.6,47.9,9.9,13.25,192.0,29.1,Normal
105.9,28.6,3.0,12.5,182.0,37.2,Warning
86.1,38.5,6.4,12.45,148.0,33.1,Normal
95.2,31.9,4.0,12.1,76.0,31.6,Normal
97.0,36.5,4.1,12.61,53.0,32.9,Warning
88.0,30.6,3.3,12.92,176.0,28.3,Warning
98.4,42.3,9.2,12.64,79.0,27.6,Warning
80.1,44.2,3.0,12.31,166.0,33.8,Warning
95.1,51.1,11.2,12.61,82.0,27.1,Warning
91.2,44.1,8.9,13.51,60.0,34.6,Normal
92.1,48.1,10.4,12.72,199.0,28.9,Normal
92.1,54.1,7.6,12.2,61.0,33.9,Normal
106.7,35.5,9.2,12.55,48.0,39.8,Normal
94.8,41.4,10.5,13.04,27.0,23.4,Warning
87.5,38.7,9.0,12.89,83.0,33.1,Normal
101.4,31.9,11.3,12.38,167.0,36.0,Normal
97.1,32.0,5.5,12.34,44.0,33.9,Normal
87.7,41.1,10.5,13.38,60.0,36.1,Normal
90.5,46.7,2.0,12.74,121.0,29.8,Critical
104.0,27.0,3.3,12.32,37.0,32.8,Warning
115.4,52.0,3.2,12.7,25.0,30.2,Warning
83.8,33.4,4.3,12.18,86.0,27.8,Warning
94.2,48.2,7.9,12.87,19.0,26.4,Warning
98.4,42.7,10.4,12.54,22.0,37.2,Normal
97.7,40.2,8.7,12.93,61.0,34.8,Normal
103.5,51.0,11.2,13.15,7.0,31.8,Normal
86.2,44.7,4.6,13.38,63.0,35.6,Normal
91.3,45.0,6.8,12.33,141.0,29.7,Normal
83.9,33.6,4.1,12.88,124.0,35.8,Normal
80.0,33.1,3.8,12.87,107.0,32.4,Warning
99.4,38.8,9.8,12.61,130.0,33.2,Normal
101.5,35.5,5.7,12.61,71.0,32.2,Normal
97.0,38.0,11.0,13.03,21.0,25.7,Warning
88.6,26.8,7.3,12.27,54.0,30.2,Normal
86.1,51.0,9.0,12.91,112.0,32.7,Normal
96.2,55.9,5.5,12.06,108.0,27.6,Warning
90.7,42.9,11.0,12.61,109.0,30.1,Normal
90.4,40.9,4.7,13.29,98.0,30.9,Normal
96.9,40.0,6.9,12.61,139.0,33.6,Warning
97.2,31.3,3.4,12.62,198.0,32.9,Warning
101.4,41.7,8.7,12.7,131.0,29.9,Normal
97.9,39.8,4.5,11.79,170.0,36.2,Warning
95.9,39.8,2.2,12.51,115.0,32.9,Critical
83.5,40.5,3.5,12.47,106.0,26.8,Warning
85.1,40.4,9.6,13.33,20.0,33.7,Normal
100.5,35.5,3.1,12.72,13.0,31.4,Warning
91.8,54.8,5.7,12.65,51.0,32.9,Normal
95.5,51.3,7.9,12.61,46.0,32.4,Normal
96.6,54.1,8.3,12.78,74.0,35.5,Normal
94.6,42.3,3.2,12.78,187.0,30.0,Warning
86.8,26.1,5.4,13.49,77.0,33.9,Normal
104.1,39.8,2.2,13.39,69.0,36.5,Critical
101.6,49.9,3.7,12.51,118.0,30.5,Warning
91.4,40.4,7.4,12.47,110.0,37.5,Normal
95.1,32.8,4.5,11.74,57.0,37.5,Warning
103.9,29.4,6.0,12.63,9.0,35.4,Normal
85.2,40.6,5.3,12.14,126.0,31.4,Normal
92.5,38.2,3.6,12.42,182.0,32.2,Warning
104.4,39.2,6.6,12.41,112.0,34.6,Normal
94.3,43.1,4.9,13.15,115.0,31.1,Normal
82.8,41.6,6.2,13.41,26.0,33.5,Normal
95.2,45.1,2.5,12.29,82.0,30.6,Warning
86.7,33.7,5.2,12.36,38.0,38.3,Normal
88.3,38.3,2.4,12.3,85.0,29.2,Critical
90.3,50.5,6.2,13.11,47.0,33.4,Normal
104.0,37.1,10.9,12.82,180.0,34.0,Normal
110.6,40.6,9.1,13.83,180.0,30.8,Warning
98.4,31.4,5.1,12.34,92.0,31.9,Critical
97.8,46.9,5.7,12.07,161.0,35.1,Normal
95.3,45.3,7.4,13.7,31.0,31.5,Normal
98.8,29.5,8.6,11.36,46.0,32.4,Warning
96.3,32.1,3.1,12.46,150.0,35.9,Warning
93.0,30.2,2.8,12.61,198.0,32.4,Warning
89.8,42.6,5.5,12.46,85.0,27.4,Warning
91.6,38.6,7.7,11.96,173.0,33.6,Warning
106.1,45.7,2.2,12.36,175.0,34.7,Critical
91.7,45.7,7.5,12.15,182.0,33.6,Normal
88.0,49.6,2.2,12.55,8.0,34.8,Critical
90.8,39.8,4.9,13.24,199.0,34.3,Normal
98.1,37.4,4.1,13.52,178.0,34.2,Normal
86.6,40.4,2.4,12.73,60.0,33.5,Critical
91.4,49.0,9.7,13.2,86.0,31.4,Normal
95.7,35.4,6.9,12.91,142.0,32.3,Normal
99.2,37.3,6.1,12.71,67.0,31.9,Normal
92.5,47.6,7.9,12.46,45.0,34.5,Normal
106.9,29.8,7.2,12.43,45.0,32.5,Normal
101.1,35.0,3.5,12.24,176.0,33.8,Warning
99.5,35.8,10.8,12.52,18.0,35.5,Normal
88.7,40.6,8.8,12.76,38.0,30.7,Normal
107.4,31.8,5.5,12.18,127.0,30.6,Normal
97.9,37.1,3.8,11.91,71.0,32.4,Warning
104.3,46.8,9.7,12.45,13.0,27.0,Warning
89.2,39.8,4.9,11.81,93.0,32.3,Warning
101.7,35.6,10.9,12.54,127.0,35.7,Normal
103.0,39.8,7.6,12.88,46.0,34.6,Normal
82.0,40.8,10.7,12.39,107.0,30.3,Normal
104.8,26.9,2.8,11.89,21.0,32.8,Warning
83.0,37.4,6.2,12.61,57.0,30.0,Normal
100.1,40.5,11.0,11.93,85.0,32.9,Warning
95.1,51.2,3.0,13.18,128.0,34.9,Warning
101.9,33.4,7.2,11.7,113.0,32.8,Warning
98.4,45.0,9.2,13.38,157.0,34.3,Normal
82.5,44.5,7.3,12.43,143.0,34.5,Normal
85.9,40.1,5.3,12.79,115.0,29.4,Normal
103.5,28.3,11.1,13.22,75.0,35.5,Normal
101.8,36.7,8.1,12.93,22.0,35.8,Normal
83.0,42.2,5.8,12.71,103.0,34.9,Normal
95.3,51.7,3.4,13.56,34.0,39.2,Warning
107.8,41.4,4.8,12.01,59.0,32.9,Normal
92.2,35.1,7.0,12.23,140.0,31.8,Normal
107.4,38.9,6.4,12.56,191.0,35.1,Normal
84.0,38.7,10.3,12.02,190.0,28.6,Normal
109.9,24.5,11.9,11.7,98.0,29.8,Warning
94.5,46.5,6.3,11.74,13.0,34.5,Warning
88.7,49.6,8.3,12.98,70.0,29.5,Normal
84.6,29.6,7.3,12.6,140.0,29.1,Normal
103.1,39.8,7.5,12.09,74.0,35.4,Normal
103.4,31.0,7.2,13.55,51.0,32.2,Normal
97.2,32.7,7.6,12.94,111.0,32.4,Normal
95.7,43.5,7.8,13.45,37.0,31.4,Normal
90.4,26.9,5.2,12.79,38.0,26.3,Warning
107.2,17.0,7.1,11.91,13.0,32.9,Critical
101.0,19.7,9.6,13.13,144.0,32.9,Warning
95.2,37.6,7.8,11.64,36.0,31.4,Warning
97.2,38.5,2.2,12.26,6.0,30.5,Critical
97.0,44.4,5.6,12.77,195.0,33.2,Normal
87.4,34.3,10.5,11.91,167.0,36.3,Warning
102.7,40.8,4.0,12.6,52.0,29.9,Normal
101.6,38.1,3.3,12.64,163.0,37.1,Warning
116.7,42.9,4.3,12.27,94.0,29.5,Warning
83.0,40.7,6.4,13.12,192.0,32.7,Normal
89.0,32.2,9.8,12.0,20.0,29.0,Normal
88.2,59.9,11.2,13.73,67.0,34.8,Normal
106.1,37.2,4.1,12.11,147.0,22.8,Warning
89.6,21.2,7.9,13.72,49.0,31.4,Warning
90.3,29.0,4.3,12.4,53.0,31.5,Normal
89.1,39.1,10.2,12.61,55.0,31.3,Normal
95.7,59.8,3.1,11.27,159.0,31.6,Critical
92.2,42.7,6.8,12.53,24.0,28.9,Normal
99.9,43.7,11.4,13.08,137.0,32.3,Normal
106.1,42.9,7.7,11.95,25.0,37.1,Warning
92.9,40.6,7.4,12.41,29.0,34.1,Normal
94.1,26.3,10.8,11.99,147.0,33.9,Warning
89.5,39.0,3.9,12.05,74.0,37.0,Warning
88.2,39.5,2.1,12.52,34.0,35.8,Critical
98.4,39.3,3.3,12.7,166.0,31.9,Warning
94.5,48.0,10.8,13.22,125.0,29.5,Normal
89.3,40.9,8.0,12.25,107.0,32.3,Normal
89.6,53.7,8.8,12.18,149.0,32.6,Normal
95.6,32.1,3.4,11.92,19.0,31.9,Warning
88.4,33.0,8.1,12.84,144.0,36.4,Normal
87.0,29.5,6.4,12.33,88.0,32.1,Normal
103.9,37.1,11.1,12.12,189.0,34.0,Normal
86.7,31.0,6.9,12.88,77.0,30.7,Normal
84.5,40.1,4.0,12.52,97.0,34.1,Warning
100.3,50.3,4.4,13.38,198.0,30.8,Normal
103.2,40.0,3.9,12.22,73.0,28.2,Warning
95.8,37.4,4.0,12.61,168.0,35.1,Warning
97.5,52.8,5.9,12.74,140.0,28.6,Normal
82.2,25.3,10.3,12.38,157.0,37.0,Normal
91.7,42.8,7.6,12.55,182.0,27.8,Warning
86.1,39.5,6.2,12.87,87.0,30.8,Normal
92.3,34.7,2.4,12.27,63.0,33.8,Critical
91.2,39.8,9.0,12.7,166.0,29.5,Normal
93.0,37.6,10.9,12.57,150.0,32.5,Normal
100.0,33.9,5.0,13.26,81.0,31.1,Critical
86.9,36.8,7.7,13.17,20.0,29.8,Normal
105.5,34.4,8.1,12.31,17.0,35.5,Normal
94.1,45.4,2.9,12.18,88.0,34.8,Warning
92.9,36.6,9.4,12.7,160.0,37.1,Normal
108.0,54.1,2.4,11.26,156.0,34.6,Critical
106.5,44.6,11.3,12.73,148.0,32.5,Normal
99.5,37.7,3.0,13.01,129.0,32.3,Warning
94.7,32.6,8.5,12.65,103.0,31.0,Normal
95.0,52.0,4.6,12.36,169.0,30.8,Normal
92.2,51.1,5.8,12.37,132.0,32.9,Normal
101.1,39.1,8.0,13.35,29.0,31.9,Normal
85.9,34.6,8.3,12.36,135.0,34.0,Normal
96.8,34.9,10.3,12.52,105.0,31.4,Normal
96.4,39.8,4.3,12.08,113.0,31.4,Normal
91.4,54.7,8.4,12.21,105.0,35.1,Normal
90.8,37.9,10.8,12.61,128.0,36.9,Normal
99.9,26.7,10.3,12.32,124.0,36.8,Normal
91.5,33.0,9.9,12.36,183.0,30.2,Normal
95.8,47.5,4.4,12.6,47.0,35.1,Normal
88.0,53.1,2.7,12.58,44.0,38.3,Warning
103.2,43.7,7.1,12.65,110.0,30.9,Normal
90.4,54.8,6.2,13.06,200.0,30.2,Normal
108.4,39.8,4.6,11.81,96.0,32.9,Warning
94.2,43.8,10.5,12.51,109.0,34.0,Normal
88.2,42.5,3.3,13.06,177.0,32.9,Warning
95.0,43.5,3.9,11.81,18.0,36.1,Warning
109.7,39.8,4.1,13.69,61.0,28.7,Warning
94.5,28.6,5.4,12.66,101.0,34.9,Normal
100.0,53.6,10.5,13.48,150.0,29.2,Normal
96.8,41.2,5.4,12.3,170.0,33.4,Normal
84.3,40.2,10.6,11.98,145.0,33.5,Warning
88.9,63.7,10.6,12.18,119.0,34.7,Normal
82.5,35.3,12.0,12.07,54.0,30.1,Normal
95.2,51.8,6.6,12.07,44.0,32.2,Normal
90.9,55.2,3.5,12.7,11.0,31.8,Warning
98.1,35.7,9.6,12.69,90.0,32.6,Normal
114.4,39.4,9.1,12.97,186.0,29.6,Warning
95.1,35.7,3.4,12.61,35.0,32.3,Warning
96.6,43.0,10.4,12.56,26.0,30.4,Normal
85.6,40.6,2.2,11.98,98.0,32.2,Critical
93.2,50.1,7.2,12.81,63.0,30.2,Normal
101.4,28.8,8.7,13.04,100.0,34.4,Normal
106.4,49.5,9.5,12.24,80.0,27.8,Warning
103.3,45.4,9.3,12.66,41.0,35.0,Normal
90.1,35.1,8.1,12.75,107.0,36.0,Normal
110.0,29.2,9.0,11.43,156.0,29.2,Warning
92.3,36.5,4.3,12.99,27.0,35.4,Normal
109.2,46.6,9.6,13.14,122.0,32.9,Warning
81.6,44.7,9.4,12.56,144.0,32.2,Warning
89.7,39.8,2.1,12.36,71.0,33.2,Critical
101.5,41.4,7.2,12.05,91.0,30.3,Normal
89.8,33.9,8.2,12.6,124.0,36.5,Normal
92.0,44.8,5.4,12.82,190.0,37.6,Normal
102.8,26.9,6.9,12.91,152.0,30.0,Normal
104.4,40.7,4.3,13.24,160.0,30.0,Normal
90.4,38.1,5.4,11.76,104.0,36.4,Warning
76.5,36.7,5.6,13.57,121.0,32.9,Normal
92.9,29.5,8.5,13.03,66.0,31.6,Normal
83.5,27.1,9.8,13.35,25.0,31.8,Normal
94.8,48.2,10.7,11.24,138.0,31.5,Critical
93.5,32.3,10.7,12.61,141.0,31.1,Normal
103.1,38.3,4.0,12.72,73.0,32.4,Normal
101.8,52.8,7.0,13.53,82.0,39.6,Normal
100.0,25.1,4.4,13.49,12.0,32.3,Normal
94.4,29.9,3.1,13.03,111.0,31.1,Warning
94.6,35.1,11.0,11.82,143.0,35.2,Warning
102.4,51.9,11.2,13.73,28.0,31.2,Normal
87.8,32.2,9.7,12.63,124.0,35.2,Normal
87.7,39.5,4.7,14.2,93.0,40.0,Warning
106.4,32.9,6.9,12.47,137.0,34.4,Normal
77.5,38.6,2.7,13.1,73.0,30.1,Warning
96.1,49.2,10.9,13.13,121.0,29.2,Normal
94.4,60.4,8.7,12.6,174.0,30.2,Normal
77.2,50.4,3.6,12.61,54.0,34.9,Warning
92.4,37.4,9.5,13.35,107.0,32.0,Normal
106.4,41.5,11.7,12.5,139.0,36.7,Normal
98.5,33.5,5.4,12.73,136.0,30.9,Normal
87.1,52.5,6.6,13.45,39.0,33.8,Normal
114.6,39.0,6.1,12.61,56.0,32.9,Warning
89.9,37.4,9.6,13.63,186.0,35.4,Normal
84.1,40.7,6.3,12.2,125.0,24.4,Warning
109.3,32.6,5.6,12.28,45.0,32.2,Warning
104.1,36.2,4.4,11.66,73.0,31.1,Warning
94.4,48.1,3.2,12.36,177.0,31.4,Warning
111.1,40.2,2.9,12.22,75.0,30.9,Warning
102.7,40.6,10.0,11.69,182.0,34.1,Warning
96.6,38.3,10.7,12.57,24.0,34.6,Normal
89.2,39.2,4.5,11.61,131.0,39.0,Warning
103.3,32.6,5.6,13.67,120.0,32.9,Normal
90.5,50.2,3.2,12.43,9.0,28.3,Warning
80.7,48.5,6.2,11.72,104.0,34.2,Warning
101.8,40.5,6.7,12.44,147.0,35.0,Normal
88.4,39.8,2.3,12.84,73.0,34.1,Critical
104.6,44.8,8.6,12.89,140.0,28.5,Normal
84.9,42.6,6.5,12.8,64.0,35.6,Normal
106.7,50.0,8.6,13.42,65.0,30.4,Normal
87.7,42.2,11.6,12.32,156.0,35.6,Normal
101.9,47.5,5.6,11.93,25.0,33.2,Warning
97.8,49.9,4.9,12.67,161.0,34.2,Normal
95.3,51.2,10.7,12.82,17.0,29.8,Normal
89.8,47.8,8.9,13.05,117.0,33.5,Normal
95.7,32.5,5.3,12.38,120.0,36.2,Normal
94.1,36.5,4.4,13.13,132.0,37.3,Normal
100.1,30.2,4.8,12.35,64.0,33.6,Normal
84.0,37.6,6.1,12.6,111.0,33.0,Normal
92.0,33.3,4.2,11.4,180.0,31.5,Warning
91.2,46.7,10.9,13.58,91.0,26.4,Warning
98.2,36.5,5.1,13.14,59.0,27.4,Warning
85.3,44.1,11.2,12.37,99.0,28.7,Normal
91.0,41.5,11.4,12.97,47.0,26.3,Normal
99.5,30.8,3.9,11.97,143.0,27.8,Warning
104.2,41.6,7.7,12.86,166.0,33.2,Normal
101.2,41.6,7.1,13.32,23.0,36.5,Critical
91.1,44.8,8.7,12.61,60.0,31.7,Normal
97.7,37.1,11.7,13.25,20.0,30.5,Normal
100.3,43.2,9.2,12.65,153.0,31.1,Normal
94.5,27.8,10.9,12.72,117.0,26.7,Warning
102.0,43.6,8.4,12.48,199.0,34.1,Normal
98.6,34.2,11.8,12.97,62.0,25.6,Warning
91.7,23.1,8.4,13.03,20.0,34.3,Warning
86.6,54.2,11.6,13.06,144.0,30.2,Normal
104.9,37.2,3.7,13.01,35.0,31.9,Warning
105.9,39.8,6.8,13.05,130.0,31.0,Normal
117.9,39.9,6.9,12.84,36.0,30.2,Warning
87.8,41.3,7.6,13.74,42.0,32.3,Normal
90.6,39.0,3.3,12.85,69.0,33.1,Warning
99.6,53.0,10.9,12.22,162.0,36.9,Normal
98.9,37.8,9.4,12.59,19.0,34.4,Normal
92.1,39.8,8.7,12.61,104.0,34.2,Normal
95.0,47.6,9.4,12.42,179.0,33.7,Normal
87.0,46.4,3.5,12.39,150.0,33.3,Warning
98.7,32.6,6.5,12.37,192.0,27.8,Warning
100.4,48.8,11.0,13.28,109.0,27.9,Warning
96.9,45.9,6.5,12.62,125.0,28.4,Normal
97.7,31.1,7.4,12.44,31.0,35.5,Normal
97.8,39.4,2.8,11.86,142.0,28.4,Critical
85.8,34.6,11.2,11.51,46.0,32.9,Warning
102.9,28.5,8.4,12.89,10.0,23.5,Warning
80.3,42.8,10.1,12.57,120.0,33.3,Normal
83.6,36.0,3.9,13.61,85.0,38.5,Warning
96.4,30.1,3.9,12.06,36.0,32.5,Warning
98.9,33.0,5.2,12.3,176.0,31.3,Normal
78.9,35.7,5.2,12.35,73.0,34.5,Normal
93.9,45.0,5.3,12.07,159.0,31.1,Normal
91.9,25.0,8.9,12.71,154.0,34.8,Normal
89.3,52.1,4.9,12.46,188.0,28.1,Normal
102.6,39.4,3.2,12.99,17.0,30.5,Normal
90.6,47.6,3.3,12.45,74.0,34.0,Warning
84.5,39.4,3.1,12.96,199.0,31.9,Warning
109.6,36.3,10.0,12.66,11.0,34.0,Warning
85.5,55.8,9.1,12.59,74.0,32.3,Normal
75.4,35.0,3.3,12.59,82.0,34.2,Warning
85.2,40.9,6.4,12.7,120.0,30.4,Normal
87.3,39.8,2.7,11.97,177.0,33.1,Warning
95.9,30.0,8.9,11.65,47.0,31.9,Warning
97.5,37.1,3.4,12.86,16.0,29.6,Warning
103.2,35.5,7.7,12.97,167.0,34.1,Normal
72.8,36.7,11.7,11.99,69.0,32.9,Warning
105.1,46.7,2.8,12.1,59.0,34.4,Warning
89.3,48.3,6.7,11.67,52.0,31.4,Warning
108.4,38.7,3.1,12.61,90.0,33.0,Warning
109.5,40.8,5.4,12.85,190.0,30.5,Warning
103.3,37.5,8.5,12.54,83.0,36.4,Normal
90.8,29.5,6.6,13.38,151.0,30.8,Normal
89.9,48.8,8.3,11.79,152.0,31.7,Warning
97.0,41.6,2.6,12.6,21.0,37.8,Warning
85.3,26.5,3.7,12.17,130.0,37.1,Critical
102.8,37.5,8.7,12.5,61.0,37.9,Normal
89.7,39.2,3.4,13.43,109.0,30.2,Warning
100.3,33.0,6.0,12.43,173.0,34.1,Normal
83.3,47.4,2.2,12.77,111.0,35.8,Critical
98.3,29.7,7.3,13.18,149.0,26.6,Warning
95.9,46.0,4.5,12.34,193.0,31.3,Normal
83.1,41.4,8.5,12.36,195.0,30.4,Normal
91.5,43.8,2.7,12.48,176.0,32.8,Warning
85.5,36.3,11.8,12.1,71.0,27.5,Warning
103.9,40.2,10.7,12.41,111.0,36.4,Normal
86.1,31.9,8.2,13.11,63.0,32.7,Normal
99.1,35.7,7.8,12.16,127.0,36.5,Normal
89.8,40.3,11.2,12.51,52.0,35.4,Normal
106.9,49.3,5.7,12.65,99.0,32.9,Normal
108.9,39.8,9.9,12.08,21.0,29.6,Warning
100.5,46.6,4.7,12.79,112.0,31.4,Normal
86.3,40.8,11.5,12.02,33.0,32.0,Normal
92.6,46.3,11.4,12.89,146.0,34.3,Normal
94.3,35.5,3.9,12.51,161.0,32.9,Warning
89.2,34.0,9.7,12.84,110.0,34.9,Normal
107.9,25.4,11.7,12.69,173.0,33.5,Normal
101.2,52.3,4.4,12.5,162.0,27.2,Warning
93.7,57.4,3.9,13.32,129.0,27.7,Warning
102.4,37.3,10.3,12.02,83.0,32.1,Normal
97.1,24.3,9.3,13.15,103.0,34.0,Warning
72.8,40.1,3.8,12.78,187.0,29.4,Warning
89.0,33.2,3.8,12.03,167.0,35.9,Warning
95.4,46.1,4.7,13.18,57.0,32.5,Normal
91.5,45.6,10.0,11.81,130.0,35.7,Warning
96.1,44.3,3.2,13.06,142.0,37.3,Warning
88.9,42.4,3.4,12.6,139.0,31.2,Warning
96.5,38.7,12.0,12.51,157.0,33.3,Normal
108.2,42.2,5.3,12.8,117.0,38.0,Warning
86.3,42.1,7.1,13.37,42.0,27.4,Warning
98.2,46.6,5.5,12.77,138.0,29.7,Normal
91.1,38.4,4.0,12.85,29.0,33.0,Normal
91.3,36.5,8.8,11.96,111.0,30.1,Warning
103.3,39.8,9.5,12.23,16.0,32.8,Normal
91.7,38.5,8.1,12.49,25.0,35.2,Normal
106.5,28.0,10.6,12.07,6.0,31.9,Normal
95.0,39.4,10.2,12.61,94.0,26.7,Warning
95.6,34.5,11.8,12.81,86.0,32.7,Normal
102.3,38.3,10.2,11.79,145.0,27.6,Warning
92.0,39.8,2.5,12.68,51.0,30.6,Critical
97.4,48.0,5.0,12.16,24.0,35.6,Normal
106.5,36.2,5.8,12.3,124.0,37.7,Normal
92.7,44.4,11.3,12.27,129.0,35.7,Normal
101.6,39.8,10.5,12.61,60.0,34.3,Critical
87.1,45.8,11.8,11.92,154.0,33.2,Warning
91.0,37.0,8.1,12.61,34.0,34.7,Normal
101.7,31.9,6.9,12.57,108.0,29.9,Normal
95.1,36.1,11.8,13.29,69.0,31.8,Normal
89.8,34.7,7.8,12.1,189.0,34.9,Warning
72.1,39.8,10.0,12.3,154.0,31.1,Warning
97.5,42.1,8.2,12.01,123.0,37.7,Normal
89.5,39.8,6.6,13.2,138.0,32.9,Normal
88.8,42.7,4.5,12.64,137.0,32.9,Normal
106.8,51.1,2.8,12.34,146.0,28.8,Warning
100.0,42.7,2.3,12.61,125.0,32.9,Critical
92.7,40.8,8.9,13.65,177.0,35.6,Normal
98.1,36.4,7.3,12.32,54.0,33.4,Normal
90.7,53.2,3.6,11.49,112.0,32.7,Warning
95.4,23.2,10.1,12.54,170.0,32.9,Warning
74.5,37.0,11.3,12.97,116.0,38.0,Warning
104.3,49.2,2.4,13.31,34.0,35.6,Critical
86.3,46.5,3.6,12.61,48.0,30.9,Warning
94.2,42.5,2.2,12.23,38.0,33.4,Critical
85.4,36.5,10.0,12.54,53.0,32.5,Normal
95.4,52.2,6.4,13.4,170.0,38.1,Normal
96.1,41.2,4.5,13.09,149.0,34.3,Normal
96.4,44.2,4.6,12.19,123.0,38.0,Normal
93.5,37.9,3.2,12.42,110.0,31.9,Warning
109.1,56.5,11.2,12.7,11.0,30.7,Warning
87.2,33.2,8.5,13.03,120.0,30.8,Normal
97.3,40.3,6.6,12.27,47.0,33.9,Normal
97.9,40.2,4.4,12.83,172.0,30.6,Normal
98.1,31.7,9.5,13.08,51.0,33.3,Normal
88.0,33.9,11.5,11.93,118.0,38.0,Warning
81.1,63.7,9.8,12.44,91.0,28.7,Normal
99.4,33.8,7.8,11.76,90.0,35.7,Warning
89.2,32.6,5.3,12.0,85.0,33.3,Normal
91.3,38.9,10.6,12.52,64.0,34.0,Normal
96.9,47.0,11.8,12.05,104.0,33.6,Normal
104.7,39.7,11.3,12.09,110.0,35.4,Normal
96.0,40.8,7.7,13.17,179.0,32.3,Normal
89.6,27.5,5.5,11.95,103.0,34.2,Warning
78.5,37.4,2.9,12.23,134.0,33.5,Warning
95.8,39.8,4.2,12.68,134.0,35.4,Normal
96.0,45.2,6.3,12.46,145.0,36.6,Normal
104.5,31.6,10.8,12.55,127.0,28.5,Normal
74.1,51.3,2.5,12.8,12.0,33.3,Warning
105.5,46.5,2.5,12.63,52.0,36.5,Warning
92.0,37.5,10.3,12.31,144.0,34.7,Normal
84.8,37.4,3.5,12.61,122.0,32.5,Warning
92.6,36.5,10.6,12.45,27.0,31.8,Normal
98.8,39.8,5.7,12.69,67.0,35.0,Normal
80.1,46.9,2.7,12.72,177.0,36.9,Warning
86.9,38.4,4.7,12.92,42.0,31.8,Normal
100.0,35.5,10.4,13.09,34.0,30.2,Normal
115.2,47.8,5.0,12.15,159.0,30.5,Warning
103.1,53.9,8.9,11.93,134.0,35.0,Normal
90.9,34.2,11.8,12.61,166.0,30.3,Warning
78.2,47.6,8.2,12.04,168.0,35.9,Normal
74.0,30.6,6.1,12.67,76.0,32.5,Warning
93.2,29.0,5.0,12.81,63.0,34.3,Normal
96.1,46.2,6.2,12.03,184.0,36.3,Normal
94.2,25.3,7.8,12.28,84.0,34.4,Normal
101.4,33.5,2.5,13.13,31.0,28.9,Warning
96.1,44.7,3.3,11.75,33.0,31.8,Warning
91.5,39.5,3.5,12.7,25.0,31.5,Warning
86.3,34.4,4.1,12.5,148.0,29.6,Normal
105.4,41.9,3.5,11.99,185.0,29.0,Warning
85.4,29.5,7.1,11.29,197.0,36.0,Critical
100.1,39.3,10.6,12.83,116.0,33.5,Normal
100.5,37.8,8.3,12.69,24.0,32.5,Normal
104.3,48.1,5.3,12.15,177.0,29.9,Normal
91.8,35.5,9.9,12.53,140.0,34.3,Normal
93.9,31.1,5.5,12.15,120.0,28.4,Normal
75.5,42.2,2.3,12.76,193.0,34.7,Critical
98.8,41.7,2.1,12.82,14.0,31.1,Critical
79.6,34.2,6.0,12.5,22.0,35.7,Normal
96.5,34.3,5.1,13.0,33.0,30.3,Normal
97.4,39.1,5.5,11.37,169.0,32.9,Warning
95.1,44.9,10.1,12.3,172.0,36.6,Normal
90.0,49.5,6.3,12.64,65.0,29.4,Normal
105.2,57.9,7.9,12.31,130.0,31.7,Normal
93.7,50.1,4.0,12.9,104.0,32.9,Warning
96.5,43.6,4.2,11.61,144.0,28.8,Warning
89.2,35.4,2.5,13.1,168.0,36.6,Critical
82.5,34.3,5.5,12.05,112.0,37.4,Normal
84.2,38.6,8.9,12.74,170.0,36.4,Normal
111.0,36.4,3.9,12.18,15.0,28.8,Warning
100.4,64.5,5.8,12.31,90.0,28.4,Normal
106.6,43.2,9.4,13.01,119.0,31.9,Normal
104.2,48.6,10.9,12.3,11.0,28.0,Normal
102.1,31.3,3.0,13.62,60.0,32.0,Warning
98.1,40.6,11.6,13.33,51.0,34.3,Normal
110.0,42.0,2.7,11.83,147.0,31.7,Warning
88.2,36.9,8.6,12.31,111.0,31.7,Normal
91.2,38.5,10.0,13.02,170.0,31.1,Normal
108.8,32.8,3.2,13.2,18.0,30.3,Warning
96.6,53.8,5.4,13.16,71.0,33.4,Normal
95.9,45.2,6.1,12.53,130.0,32.9,Normal
97.9,38.1,8.9,12.01,97.0,31.5,Normal
93.7,48.7,4.4,12.65,176.0,35.3,Normal
104.0,36.4,7.4,12.59,163.0,31.7,Normal
104.8,47.4,5.6,12.62,133.0,38.1,Normal
86.6,60.4,9.5,13.1,5.0,35.9,Normal
102.3,41.6,11.1,13.06,39.0,31.0,Normal
96.8,43.0,7.2,13.2,168.0,33.1,Normal
87.1,34.8,2.4,12.04,149.0,31.7,Critical
87.4,43.0,5.2,12.21,144.0,23.9,Warning
95.1,28.7,5.6,12.67,6.0,32.0,Normal
98.8,40.3,4.1,12.91,27.0,32.2,Normal
91.3,35.4,3.4,12.24,116.0,36.0,Warning
89.8,40.1,4.2,13.12,8.0,31.8,Normal
92.1,47.8,5.5,13.08,186.0,35.1,Normal
102.2,35.0,10.2,13.11,28.0,34.8,Normal
90.5,30.2,3.0,12.68,191.0,35.3,Warning
88.8,39.1,8.2,12.47,123.0,35.7,Normal
100.9,53.7,10.1,12.22,132.0,35.2,Normal
84.0,52.3,10.9,13.01,115.0,31.1,Normal
81.8,38.0,10.6,12.64,186.0,30.8,Normal
94.0,44.6,11.8,12.48,105.0,32.8,Normal
94.8,47.0,7.8,12.53,122.0,36.4,Normal
105.7,29.0,2.6,11.82,95.0,35.0,Warning
87.7,36.3,8.8,12.55,101.0,36.5,Normal
94.9,45.0,8.3,12.44,29.0,29.5,Normal
88.2,35.6,7.4,12.6,8.0,32.9,Normal
89.3,47.3,7.9,12.59,127.0,33.7,Normal
91.5,33.4,11.9,13.53,72.0,29.9,Normal
86.1,45.3,9.5,12.18,21.0,29.8,Normal
86.5,33.2,5.0,12.61,145.0,34.1,Warning
96.3,38.3,6.6,13.08,48.0,34.3,Normal
85.5,34.9,5.5,12.15,79.0,27.4,Warning
86.3,56.4,7.2,12.35,133.0,32.0,Normal
98.0,42.4,3.6,12.12,147.0,32.3,Warning
95.3,31.7,7.2,12.83,64.0,31.2,Normal
93.2,53.9,2.4,12.98,84.0,39.8,Critical
94.0,42.9,4.7,13.06,6.0,31.5,Normal
98.7,37.7,3.2,11.85,127.0,35.1,Warning
93.7,36.3,10.9,12.83,114.0,31.9,Normal
84.5,35.6,9.6,12.7,85.0,27.1,Warning
92.0,28.4,6.2,12.86,10.0,38.9,Normal
93.2,42.2,5.9,12.63,79.0,32.3,Normal
88.4,37.3,4.1,12.39,13.0,32.1,Normal
102.8,35.9,4.7,11.54,91.0,33.4,Warning
91.6,37.9,2.8,12.61,135.0,36.3,Warning
86.2,37.4,7.9,13.38,160.0,32.4,Normal
97.5,41.8,4.6,12.75,98.0,30.1,Normal
89.7,40.1,6.8,13.79,146.0,32.8,Normal
100.2,43.0,4.6,11.88,38.0,28.8,Warning
82.9,47.6,10.0,13.39,98.0,36.1,Normal
107.6,24.8,2.2,12.15,35.0,32.5,Critical
94.5,42.8,2.5,12.65,88.0,32.1,Critical
101.7,19.7,9.9,12.54,198.0,32.9,Warning
91.5,41.6,8.0,13.02,199.0,39.5,Normal
98.6,30.3,9.2,12.84,172.0,26.2,Warning
88.5,39.1,3.8,12.52,152.0,32.7,Warning
98.1,43.4,8.1,13.52,14.0,27.7,Warning
100.9,39.8,9.7,12.66,35.0,30.3,Normal
98.7,27.7,4.2,12.4,58.0,32.0,Normal
102.7,49.0,10.8,12.67,186.0,33.0,Normal
86.0,53.3,8.2,13.0,123.0,32.6,Normal
102.3,57.3,11.2,12.79,85.0,33.4,Normal
90.0,32.2,10.4,12.9,53.0,38.0,Normal
97.9,45.8,9.2,12.04,147.0,36.8,Normal
98.5,47.7,7.8,12.56,57.0,30.1,Normal
109.3,37.2,8.4,12.27,66.0,32.6,Warning
107.8,29.2,3.7,12.16,95.0,33.9,Warning
111.9,39.3,8.4,12.61,98.0,37.7,Warning
98.6,26.3,8.2,13.52,117.0,33.0,Normal
94.1,41.4,6.9,11.77,73.0,36.3,Warning
88.9,43.9,6.9,12.54,26.0,29.9,Normal
94.7,42.5,7.0,12.41,53.0,32.0,Normal
81.2,36.9,5.3,13.16,5.0,32.1,Normal
90.7,49.6,9.4,13.11,81.0,35.2,Normal
94.1,38.2,11.9,13.08,155.0,30.9,Normal
96.9,37.5,3.8,13.45,25.0,32.5,Warning
102.0,45.9,11.6,12.2,192.0,35.3,Normal
96.9,45.6,4.0,13.43,101.0,31.7,Normal
89.0,39.8,7.0,13.59,17.0,29.4,Normal
95.6,49.1,4.2,13.3,200.0,33.6,Normal
104.2,49.0,3.9,12.73,83.0,29.3,Warning
97.3,29.4,5.6,12.45,84.0,30.7,Normal
103.6,55.0,4.0,12.4,186.0,34.8,Warning
94.3,26.6,2.8,13.22,113.0,31.1,Warning
100.0,45.6,6.1,12.55,40.0,30.3,Normal
93.2,36.2,8.5,12.74,17.0,34.1,Normal
92.5,33.9,3.2,11.81,85.0,36.5,Warning
104.0,50.2,5.4,12.65,171.0,34.7,Normal
93.0,57.1,9.8,11.83,27.0,35.8,Warning
84.9,43.7,9.0,12.5,22.0,35.7,Normal
103.1,34.9,6.1,13.39,20.0,32.2,Normal
99.4,35.0,6.8,11.87,176.0,37.6,Warning
91.4,42.8,6.2,12.11,104.0,30.4,Normal
83.7,39.9,5.0,12.83,46.0,37.8,Normal
91.7,39.8,6.7,13.22,60.0,32.1,Normal
100.1,47.6,2.7,12.77,91.0,32.5,Warning
80.8,48.2,9.7,12.19,17.0,33.2,Normal
98.2,35.3,11.1,11.65,92.0,29.9,Warning
104.2,50.0,10.0,12.15,49.0,31.7,Normal
100.2,43.5,8.8,12.73,18.0,36.0,Normal
88.9,44.0,4.5,12.67,199.0,35.7,Normal
102.2,24.7,11.8,11.73,32.0,32.9,Warning
96.2,35.0,8.6,13.51,152.0,30.2,Normal
94.3,31.6,3.7,12.61,148.0,32.9,Warning
97.6,35.3,5.2,12.61,75.0,34.8,Warning
95.5,49.8,7.2,12.41,157.0,31.6,Normal
96.5,25.8,6.0,13.0,112.0,33.2,Normal
90.7,43.0,9.1,12.36,155.0,36.1,Normal
88.1,32.9,5.7,13.22,150.0,32.7,Normal
77.3,34.4,5.9,12.29,61.0,36.8,Normal
96.0,40.2,5.4,12.16,65.0,33.1,Normal
94.1,50.3,9.5,13.08,189.0,32.7,Normal
96.9,22.5,7.6,12.06,114.0,29.6,Warning
108.2,44.4,8.3,12.71,147.0,37.0,Warning
82.5,35.9,6.9,12.8,59.0,32.9,Normal
87.2,41.8,2.2,13.22,42.0,28.4,Critical
87.7,37.9,7.0,12.7,196.0,31.8,Normal
86.1,36.4,10.0,12.75,180.0,31.1,Normal
104.8,41.6,4.1,12.12,194.0,32.5,Normal
97.9,53.0,4.3,13.7,65.0,31.3,Normal
93.6,36.4,5.0,12.78,188.0,38.3,Normal
103.7,33.2,3.8,12.74,154.0,32.1,Warning
80.9,26.8,2.1,12.48,127.0,36.8,Critical
91.3,43.5,2.6,12.87,99.0,33.9,Warning
86.6,30.3,6.2,12.09,176.0,32.5,Normal
90.9,53.0,5.1,13.27,168.0,33.5,Normal
84.2,52.5,6.4,12.23,166.0,33.2,Normal
86.4,29.7,10.9,12.78,49.0,38.7,Normal
104.9,44.4,11.8,12.35,193.0,35.6,Normal
113.2,48.0,8.6,13.03,123.0,37.3,Warning
89.4,46.2,6.3,12.62,167.0,28.8,Normal
99.6,42.0,2.5,13.65,190.0,40.7,Critical
96.7,58.0,7.1,12.64,101.0,36.0,Normal
103.0,43.0,8.4,12.86,58.0,32.9,Normal
83.6,43.3,7.6,12.42,8.0,31.2,Normal
95.8,40.3,4.0,12.61,70.0,33.2,Normal
75.7,25.6,2.9,13.6,107.0,35.9,Warning
94.6,38.1,7.1,12.35,185.0,35.1,Normal
93.7,51.1,7.9,12.98,106.0,29.5,Normal
99.2,44.3,9.1,12.03,117.0,31.4,Normal
90.5,34.3,9.2,11.5,30.0,35.8,Warning
90.7,39.9,7.9,12.27,6.0,37.3,Normal
86.2,38.0,10.5,12.82,164.0,33.0,Normal
100.7,43.1,2.1,12.49,61.0,33.6,Critical
92.2,36.4,6.2,13.29,159.0,36.8,Normal
91.5,35.6,2.6,12.43,191.0,30.4,Warning
110.8,43.3,7.6,12.11,17.0,31.6,Warning
97.9,48.0,2.7,11.79,26.0,36.1,Warning
100.6,28.7,6.1,12.14,141.0,34.2,Normal
98.4,35.1,9.6,12.25,175.0,27.2,Warning
97.8,30.6,2.9,13.07,64.0,34.5,Warning
102.2,52.4,3.8,13.38,60.0,32.9,Warning
85.5,31.5,11.6,12.42,36.0,28.1,Normal
98.2,38.1,7.4,12.52,11.0,36.3,Normal
93.1,34.0,6.3,12.26,18.0,38.4,Normal
108.8,48.9,3.5,12.68,101.0,32.8,Normal
92.3,33.7,7.8,12.78,142.0,36.0,Normal
96.7,32.8,8.8,12.5,149.0,29.4,Normal
104.3,36.7,8.8,13.18,92.0,32.1,Normal
93.2,44.5,8.1,12.53,40.0,32.9,Normal
97.4,35.0,7.0,12.14,89.0,28.3,Normal
97.5,33.6,8.3,12.64,78.0,30.8,Normal
101.9,34.9,9.1,12.64,149.0,29.3,Normal
96.6,38.6,5.4,12.61,199.0,30.9,Normal
89.2,39.8,5.6,12.61,157.0,34.5,Normal
105.4,29.2,5.6,13.53,100.0,32.9,Normal
99.1,48.1,7.5,13.0,13.0,31.3,Normal
73.3,36.5,7.9,13.22,92.0,32.9,Warning
87.5,35.5,8.9,12.49,36.0,31.7,Normal
94.4,39.8,10.7,13.01,119.0,38.1,Normal
98.7,39.3,5.9,12.2,183.0,33.2,Normal
82.2,41.4,5.9,12.37,122.0,33.6,Normal
102.8,40.1,4.5,11.65,113.0,30.8,Warning
88.0,40.4,3.3,12.83,161.0,26.6,Warning
88.7,34.5,2.0,12.21,8.0,32.3,Critical
92.3,44.0,3.5,12.61,19.0,35.4,Warning
92.6,28.4,10.4,12.62,96.0,30.5,Normal
121.4,34.0,11.0,12.55,72.0,33.4,Critical
95.1,33.1,11.6,11.92,43.0,30.8,Warning
107.0,31.7,3.6,12.6,195.0,32.4,Warning
100.1,47.1,3.9,12.09,109.0,32.6,Normal
93.4,51.9,9.8,13.15,127.0,37.0,Normal
87.8,35.7,5.6,12.62,85.0,31.8,Normal
97.9,38.0,12.0,13.09,86.0,37.4,Normal
90.3,55.7,2.3,12.63,126.0,30.0,Critical
106.9,39.8,11.2,12.88,160.0,30.9,Normal
85.4,45.2,2.4,12.52,82.0,32.9,Critical
110.1,46.4,4.7,12.51,177.0,35.2,Warning
86.0,39.8,9.5,12.7,47.0,32.6,Normal
99.7,40.2,6.3,13.45,32.0,32.3,Normal
101.7,39.1,5.3,12.72,164.0,30.6,Normal
93.6,39.8,9.4,12.74,123.0,36.4,Normal
84.4,47.9,7.3,13.03,87.0,32.9,Normal
91.2,42.0,10.3,12.39,116.0,34.6,Normal
95.2,44.7,3.1,12.63,82.0,35.0,Warning
100.0,27.6,9.9,12.38,55.0,36.4,Normal
80.1,32.6,8.6,12.29,69.0,27.1,Warning
89.2,35.5,4.2,12.1,19.0,33.3,Normal
107.7,41.5,10.9,13.06,104.0,33.0,Normal
106.1,32.6,8.9,12.61,127.0,31.5,Normal
96.2,40.2,10.1,13.24,200.0,31.3,Normal
88.6,36.9,9.9,12.69,182.0,36.1,Normal
99.1,50.9,7.8,12.1,22.0,32.9,Normal
93.7,26.9,2.3,12.87,101.0,32.1,Critical
92.6,35.0,8.4,11.83,185.0,35.2,Warning
87.8,46.5,11.6,11.94,137.0,35.7,Warning
101.1,34.6,4.4,11.89,31.0,32.7,Warning
104.5,45.7,11.1,12.28,138.0,30.3,Normal
74.7,49.8,5.4,12.55,168.0,32.3,Warning
88.2,51.4,5.0,12.81,195.0,31.0,Normal
93.0,45.7,8.7,12.8,185.0,30.9,Normal
94.4,54.2,2.2,12.68,174.0,30.0,Critical
91.9,48.7,7.1,12.97,190.0,31.6,Normal
92.9,54.4,11.6,13.47,46.0,32.8,Normal
90.2,41.9,8.5,12.26,107.0,31.0,Normal
93.8,47.1,2.6,12.82,8.0,32.0,Warning
97.3,44.4,2.3,12.18,49.0,32.8,Critical
94.9,42.3,6.8,12.49,15.0,32.8,Normal
106.3,38.1,7.8,13.63,100.0,36.4,Normal
98.7,30.7,8.6,12.32,18.0,32.7,Normal
102.9,61.0,6.1,11.04,38.0,33.7,Critical
100.9,36.4,6.4,12.69,172.0,36.5,Normal
96.3,50.2,9.2,12.31,135.0,32.9,Warning
90.1,37.6,3.4,13.01,150.0,32.4,Warning
87.4,55.4,6.2,12.42,26.0,32.4,Normal
106.6,38.4,4.1,12.61,112.0,36.2,Normal
92.9,33.4,7.3,12.55,170.0,29.8,Normal
96.3,51.3,5.8,12.73,172.0,31.3,Normal
88.7,42.4,5.4,12.94,190.0,34.8,Normal
101.2,39.5,10.0,12.58,48.0,34.5,Normal
90.7,46.8,10.8,12.56,157.0,30.8,Normal
78.1,39.2,5.2,13.17,181.0,31.1,Normal
88.3,39.0,11.1,12.48,141.0,24.6,Warning
91.8,43.9,8.4,13.28,196.0,32.9,Normal
80.8,45.3,10.7,13.87,183.0,32.4,Normal
89.5,44.2,7.5,12.85,152.0,37.8,Normal
105.3,49.1,4.4,12.64,126.0,31.9,Normal
96.4,37.8,4.1,13.09,118.0,34.3,Normal
87.6,42.1,4.2,12.11,176.0,33.4,Normal
98.1,44.9,4.0,11.54,184.0,32.7,Warning
87.3,43.8,10.7,12.43,175.0,33.9,Normal
95.4,37.2,11.6,13.02,93.0,31.1,Normal
96.6,36.1,2.8,12.69,62.0,35.2,Warning
101.9,32.3,8.3,11.87,49.0,33.9,Warning
91.6,41.9,11.3,13.36,158.0,34.3,Normal
91.2,36.4,8.7,12.58,80.0,33.4,Normal
91.8,32.2,4.6,13.16,104.0,35.0,Normal
92.7,46.6,3.1,12.4,111.0,32.6,Warning
93.6,54.7,4.9,13.63,59.0,31.9,Normal
84.2,40.3,6.4,12.17,63.0,30.3,Normal
101.3,44.9,5.0,11.83,89.0,33.9,Warning
90.6,41.1,10.0,12.61,196.0,31.5,Normal
102.7,23.9,5.6,12.49,68.0,34.7,Warning
103.5,33.2,6.2,12.02,158.0,32.3,Normal
89.8,41.8,9.0,12.61,8.0,37.7,Normal
91.0,33.6,10.5,12.0,136.0,30.4,Warning
84.5,44.1,4.1,12.94,25.0,35.6,Normal
94.3,45.2,11.8,12.61,117.0,33.3,Normal
96.9,39.6,9.9,12.99,89.0,32.9,Normal
98.5,43.3,2.8,12.99,25.0,36.1,Warning
98.6,47.6,2.0,13.37,108.0,34.8,Critical
89.4,36.1,3.2,13.0,105.0,33.2,Warning
96.6,39.1,10.7,11.66,193.0,30.6,Warning
91.0,37.0,8.1,11.9,6.0,33.0,Warning
96.5,52.2,11.1,12.81,148.0,31.5,Normal
94.8,38.2,8.1,13.98,34.0,27.4,Warning
101.2,46.3,2.9,12.61,88.0,37.6,Warning
99.2,39.4,4.7,12.37,109.0,31.6,Warning
99.6,27.1,6.1,12.51,128.0,31.5,Normal
92.8,37.1,5.2,12.94,91.0,33.7,Normal
93.8,33.4,8.8,12.56,196.0,31.6,Normal
94.2,38.8,7.3,13.17,72.0,32.1,Normal
101.2,38.9,11.7,12.65,6.0,33.7,Normal
85.5,40.9,8.9,13.27,134.0,36.9,Normal
79.2,36.3,6.3,11.76,59.0,45.0,Warning
100.7,39.1,9.5,12.1,172.0,31.2,Normal
85.7,28.4,10.1,12.61,35.0,36.9,Normal
90.5,43.7,7.0,11.95,140.0,38.6,Warning
91.1,37.0,11.2,12.7,161.0,39.1,Normal
96.3,51.3,2.1,12.04,30.0,37.0,Critical
74.5,35.7,3.2,12.59,11.0,29.7,Warning
95.9,33.5,5.9,13.4,200.0,30.7,Normal
92.5,32.8,11.4,12.81,40.0,36.6,Normal
88.4,41.2,5.5,12.17,102.0,22.6,Warning
102.4,28.6,4.3,12.7,7.0,32.8,Normal
98.9,44.1,11.8,12.79,51.0,32.9,Normal
97.2,36.7,4.5,13.37,13.0,28.7,Normal
92.7,41.4,3.0,11.61,64.0,36.1,Warning
95.6,39.5,5.6,12.08,19.0,31.1,Normal
89.6,30.8,10.2,13.25,146.0,34.8,Critical
95.5,30.4,11.3,11.97,98.0,30.6,Warning
86.3,37.4,5.5,12.53,193.0,32.2,Normal
86.0,42.4,6.6,12.09,37.0,31.5,Normal
100.2,32.7,9.6,12.61,93.0,38.6,Normal
100.8,41.4,8.8,12.86,150.0,32.9,Normal
84.9,39.5,8.8,12.32,76.0,31.6,Normal
103.9,37.6,3.7,12.38,43.0,32.2,Warning
99.1,23.4,8.2,12.5,40.0,32.9,Warning
83.2,49.5,10.8,13.4,11.0,29.6,Normal
79.5,44.2,11.7,12.49,78.0,33.0,Normal
118.3,52.1,10.1,11.55,150.0,28.5,Critical
114.3,39.8,10.6,12.25,34.0,33.2,Warning
92.7,45.2,2.5,12.92,174.0,34.9,Critical
97.9,56.2,7.2,12.86,138.0,29.4,Normal
105.7,25.3,3.8,12.55,184.0,38.1,Warning
106.2,46.0,8.2,12.64,19.0,35.6,Normal
93.1,39.8,3.2,12.05,160.0,34.9,Warning
88.7,47.4,6.8,12.52,25.0,30.6,Normal
92.0,50.5,2.2,12.55,33.0,35.4,Critical
77.0,43.8,6.8,12.52,104.0,30.1,Normal
94.1,48.2,8.0,12.0,53.0,37.1,Warning
95.6,36.7,9.4,12.01,118.0,31.9,Normal
98.0,39.8,2.9,12.57,11.0,32.0,Warning
92.6,38.1,8.7,12.7,47.0,32.5,Normal
91.4,35.3,7.3,12.26,37.0,33.9,Normal
93.6,39.4,8.9,11.76,52.0,34.7,Warning
100.5,47.7,9.7,12.31,22.0,31.3,Normal
97.7,32.8,10.5,13.39,10.0,33.8,Normal
101.3,43.6,4.2,12.47,93.0,33.7,Normal
102.2,50.2,4.5,13.28,63.0,35.9,Normal
96.0,38.5,6.8,12.4,144.0,30.1,Normal
111.4,43.5,3.6,13.88,39.0,35.3,Warning
94.7,48.5,8.6,12.61,126.0,36.9,Normal
88.4,30.6,11.2,12.14,125.0,35.9,Normal
89.0,49.7,3.2,12.95,12.0,33.5,Warning
98.8,42.0,9.5,12.79,164.0,35.9,Normal
74.5,40.3,10.1,12.85,128.0,31.9,Warning
80.9,51.1,7.7,12.96,152.0,33.2,Normal
94.3,33.4,6.6,12.82,118.0,39.8,Normal
101.2,42.8,4.8,12.43,197.0,34.6,Normal
86.5,41.8,9.5,13.9,38.0,36.3,Normal
93.5,31.8,2.1,12.43,187.0,32.9,Critical
92.9,36.9,2.1,12.97,42.0,30.8,Critical
98.4,39.7,7.4,12.08,44.0,33.0,Normal
95.5,46.6,11.6,12.48,104.0,31.3,Normal
96.7,19.8,10.4,12.83,127.0,34.3,Warning
99.8,50.3,2.3,12.65,151.0,35.1,Critical
85.6,52.6,11.5,13.31,133.0,39.3,Normal
96.6,33.9,2.8,13.22,154.0,30.5,Warning
93.6,40.5,9.7,12.55,179.0,37.4,Normal
95.4,48.1,8.8,12.87,117.0,36.1,Normal
98.4,45.8,9.5,12.38,141.0,34.4,Normal
90.8,36.7,3.4,12.9,122.0,29.1,Warning
104.2,37.9,9.0,12.07,27.0,37.3,Normal
101.6,43.4,11.8,12.56,12.0,32.8,Normal
110.1,63.4,3.4,14.03,188.0,32.4,Warning
98.5,38.0,4.1,12.84,35.0,33.9,Normal
92.8,46.7,5.4,12.88,168.0,37.2,Normal
80.0,34.8,3.8,12.29,163.0,36.5,Warning
100.8,31.7,8.8,11.78,129.0,34.2,Warning
93.1,42.6,5.4,12.89,172.0,38.3,Normal
80.2,35.6,4.7,13.24,134.0,32.0,Normal
103.1,34.6,10.2,11.98,161.0,30.8,Warning
91.8,33.5,5.0,12.76,32.0,29.4,Normal
97.1,51.1,3.1,12.4,73.0,29.7,Warning
100.7,26.7,4.4,12.44,197.0,32.6,Normal
90.4,39.7,10.2,11.94,109.0,36.0,Warning
100.5,33.1,5.6,12.87,191.0,40.2,Warning
101.6,47.7,6.2,13.01,59.0,36.3,Normal
91.4,50.4,4.5,12.38,63.0,27.6,Warning
102.7,37.1,8.0,12.79,76.0,32.2,Normal
96.8,38.7,9.3,12.58,77.0,28.7,Normal
86.4,40.9,10.0,12.16,118.0,33.4,Normal
95.1,50.1,4.3,12.77,159.0,30.4,Normal
86.5,49.4,10.3,11.87,135.0,32.9,Warning
89.5,23.7,10.8,13.45,53.0,33.3,Critical
95.4,31.0,10.7,12.45,47.0,33.3,Normal
84.1,62.6,7.4,12.16,182.0,28.9,Normal
82.0,52.1,3.4,12.57,142.0,32.9,Warning
96.9,41.2,5.2,12.2,53.0,33.1,Normal
96.4,39.7,4.6,12.78,84.0,33.9,Normal
108.9,27.1,9.2,12.76,113.0,34.2,Warning
88.4,35.1,6.8,12.45,112.0,32.9,Normal
92.4,37.7,5.8,12.97,24.0,32.9,Normal
101.9,39.0,5.3,13.32,38.0,34.6,Normal
95.1,37.0,7.4,12.74,56.0,32.1,Normal
80.7,48.8,10.6,12.19,31.0,30.6,Normal
87.0,43.2,4.8,11.85,152.0,33.3,Warning
99.1,43.7,2.7,13.1,93.0,36.9,Warning
81.9,33.8,7.5,12.07,104.0,28.1,Normal
94.5,42.9,10.6,13.2,60.0,32.4,Normal
111.0,45.0,6.3,12.5,113.0,34.3,Warning
91.2,27.5,2.3,12.87,119.0,35.0,Critical
86.5,23.6,8.8,12.61,133.0,35.0,Warning
93.8,37.2,10.4,12.63,87.0,35.6,Normal
97.4,36.2,4.3,12.93,184.0,39.0,Normal
103.1,39.3,10.0,12.99,24.0,32.7,Normal
96.2,53.7,11.5,13.22,95.0,34.0,Normal
93.1,44.9,4.7,11.82,97.0,35.0,Warning
95.9,40.4,4.3,12.77,55.0,32.0,Normal
89.0,36.7,4.8,12.53,27.0,36.1,Normal
96.2,41.4,11.3,12.84,47.0,28.9,Normal
97.9,24.3,10.9,12.88,14.0,31.0,Warning
91.0,57.8,2.4,12.14,14.0,35.8,Critical
99.7,42.5,3.4,12.66,107.0,31.8,Warning
97.5,38.5,6.7,12.6,117.0,36.4,Normal
94.9,44.2,5.7,12.27,90.0,32.2,Normal
85.8,26.9,3.3,12.42,68.0,31.4,Warning
99.5,43.3,6.5,12.9,33.0,29.7,Normal
95.3,46.6,12.0,13.14,64.0,37.2,Normal
94.5,28.2,11.2,12.85,118.0,30.2,Normal
88.2,43.5,9.3,12.31,110.0,28.9,Normal
88.5,42.3,6.9,12.52,171.0,39.2,Normal
97.6,40.5,5.8,13.04,187.0,33.6,Normal
96.4,44.2,2.8,12.99,12.0,32.5,Warning
91.2,42.2,7.0,12.54,177.0,36.9,Normal
94.8,47.3,2.6,12.43,86.0,28.5,Warning
99.4,31.9,4.3,12.31,119.0,35.5,Normal
102.1,39.5,2.8,11.98,65.0,32.8,Warning
89.2,45.9,8.3,12.08,88.0,32.9,Normal
95.9,36.9,3.4,12.85,7.0,31.2,Warning
96.5,36.7,11.0,12.61,10.0,29.0,Normal
105.7,42.4,9.2,12.91,13.0,34.2,Normal
100.5,44.8,7.4,12.68,44.0,33.6,Normal
96.3,40.1,6.5,12.82,48.0,32.1,Normal
107.9,39.2,9.3,12.55,8.0,31.6,Normal
91.9,38.4,2.1,12.74,125.0,33.2,Critical
101.0,49.7,4.8,12.87,41.0,38.6,Normal
95.2,51.7,3.8,12.83,119.0,32.1,Normal
103.5,30.8,3.6,13.08,100.0,36.8,Warning
86.4,47.7,6.8,12.85,172.0,35.4,Normal
94.7,55.1,7.3,12.25,57.0,25.7,Warning
83.7,28.2,6.6,11.59,89.0,30.9,Warning
90.3,41.6,9.1,12.49,18.0,29.9,Normal
110.1,15.9,10.2,12.32,27.0,33.9,Critical
86.2,30.1,2.9,11.73,83.0,33.7,Warning
94.6,39.9,9.4,13.0,9.0,34.1,Normal
95.5,39.8,4.1,12.73,52.0,33.1,Normal
102.2,41.0,6.4,12.54,121.0,28.9,Normal
102.5,43.2,4.8,14.44,140.0,29.5,Normal
94.3,29.1,4.4,11.5,81.0,29.0,Warning
115.3,35.0,11.4,13.03,67.0,39.4,Warning
92.2,33.1,7.3,13.14,91.0,31.7,Normal
96.1,26.3,6.6,13.29,122.0,32.9,Normal
105.1,33.0,10.0,12.29,52.0,31.5,Normal
101.1,51.1,8.8,12.13,151.0,32.7,Normal
92.3,56.1,6.2,12.53,21.0,26.2,Warning
89.6,39.8,5.2,12.16,32.0,34.4,Normal
95.8,33.8,3.9,12.52,64.0,28.5,Warning
98.2,38.6,6.0,13.73,181.0,33.3,Normal
84.0,42.2,10.1,11.86,43.0,36.2,Warning
108.2,48.0,5.1,12.33,56.0,34.7,Warning
100.0,40.5,2.2,12.86,172.0,37.7,Critical
101.9,34.7,10.3,12.99,189.0,24.6,Warning
80.9,37.4,12.0,12.61,38.0,32.8,Normal
98.6,41.6,11.6,13.19,167.0,36.3,Normal
94.9,30.0,8.8,12.29,91.0,33.7,Normal
79.5,48.4,11.1,12.9,34.0,32.3,Normal
89.0,37.2,3.8,12.33,152.0,34.9,Warning
111.3,34.7,11.6,13.11,13.0,31.4,Warning
96.3,43.0,7.3,12.62,121.0,30.4,Normal
85.4,44.1,6.3,12.58,9.0,32.9,Normal
85.2,34.0,2.6,12.56,82.0,32.4,Warning
102.4,38.9,10.7,12.73,155.0,30.0,Normal
93.5,28.6,4.7,12.47,171.0,36.4,Normal
105.0,38.7,2.3,12.67,118.0,27.7,Critical
91.7,39.8,6.8,12.75,85.0,29.1,Normal
103.0,34.2,6.9,12.98,22.0,33.5,Normal
80.4,39.1,4.2,12.47,23.0,33.0,Normal
102.5,38.0,2.9,13.39,29.0,33.3,Warning
107.1,31.8,4.3,12.61,133.0,35.5,Normal
96.8,41.8,4.6,13.3,170.0,33.3,Normal
103.0,47.0,7.0,12.69,116.0,32.7,Normal
74.2,27.3,11.2,11.95,72.0,32.8,Warning
93.1,36.1,10.0,12.16,152.0,30.3,Normal
96.5,40.8,5.5,13.45,126.0,34.8,Normal
104.7,25.7,5.1,12.16,113.0,27.7,Warning
89.1,39.8,10.7,13.27,170.0,37.9,Normal
100.9,51.5,4.5,12.11,189.0,33.5,Normal
96.4,25.3,11.6,12.44,44.0,30.6,Normal
104.6,30.3,9.7,12.1,156.0,33.4,Normal
95.4,40.2,11.5,12.69,8.0,29.8,Normal
89.4,20.5,3.6,12.82,99.0,35.4,Warning
98.4,37.3,3.1,12.13,36.0,35.3,Warning
95.4,36.8,9.3,12.88,163.0,32.0,Normal
87.8,41.5,4.0,13.94,124.0,32.7,Normal
96.3,36.3,10.0,11.76,178.0,32.2,Warning
85.8,54.3,4.4,12.97,49.0,32.6,Normal
81.3,38.3,6.1,12.75,184.0,32.5,Normal
100.1,39.8,8.5,12.95,197.0,31.2,Normal
84.8,53.0,2.6,12.28,122.0,37.8,Warning
106.3,34.6,5.9,13.11,11.0,33.3,Normal
93.4,28.6,8.9,12.08,180.0,31.1,Normal
93.4,37.2,10.0,12.12,12.0,38.7,Normal
98.9,48.5,8.0,12.82,163.0,29.6,Normal
105.8,47.7,4.2,13.44,110.0,35.6,Normal
97.6,52.8,10.6,11.83,107.0,36.1,Warning
84.9,39.5,3.6,11.97,56.0,29.8,Warning
90.7,42.6,11.9,12.84,82.0,33.8,Normal
98.9,37.0,8.2,12.58,36.0,35.0,Normal
93.9,39.8,8.0,12.4,78.0,35.4,Normal
95.4,48.7,3.1,12.62,199.0,29.7,Warning
84.6,39.6,6.5,12.08,70.0,37.1,Normal
89.6,31.8,6.0,13.16,94.0,28.6,Normal
81.3,46.1,9.4,11.81,191.0,29.2,Warning
89.0,38.4,6.3,12.42,44.0,28.2,Normal
88.9,40.1,7.5,12.21,106.0,40.3,Warning
102.1,35.6,8.0,12.29,147.0,35.3,Normal
93.2,48.0,2.3,11.86,105.0,33.4,Critical
103.1,50.4,6.8,12.13,59.0,32.4,Normal
82.4,36.9,2.2,13.03,16.0,26.1,Critical
110.6,36.8,5.5,11.71,199.0,28.1,Warning
95.6,46.3,10.4,11.88,71.0,36.1,Warning
88.9,46.0,6.6,11.78,82.0,31.1,Warning
83.2,44.6,3.5,12.63,181.0,40.9,Warning
89.1,39.6,2.3,12.81,93.0,31.9,Critical
87.7,35.6,3.2,11.69,81.0,32.9,Warning
89.3,34.2,5.0,12.04,147.0,36.4,Normal
95.1,45.2,3.9,12.47,50.0,29.3,Normal
103.9,51.0,4.5,12.88,59.0,36.6,Normal
89.5,27.1,8.2,12.2,188.0,33.0,Normal
83.6,35.7,10.6,12.39,110.0,34.5,Normal
87.3,46.1,6.9,12.18,122.0,35.9,Normal
100.9,39.8,2.7,12.88,12.0,34.8,Warning
96.0,35.5,9.0,12.18,51.0,30.9,Normal
92.1,43.7,5.1,12.65,160.0,30.3,Normal
88.2,26.5,10.2,12.46,76.0,38.8,Normal
101.6,44.1,10.3,12.69,92.0,32.9,Normal
88.4,38.1,10.6,12.6,65.0,32.4,Normal
95.5,44.4,2.0,13.78,72.0,33.4,Critical
94.9,34.9,9.8,12.61,134.0,32.5,Warning
113.3,45.1,3.7,12.51,76.0,31.1,Warning
95.0,43.3,9.1,12.83,179.0,32.9,Normal
93.6,33.7,2.2,12.94,93.0,33.8,Critical
90.5,49.7,6.6,12.83,65.0,29.4,Normal
94.3,36.6,11.8,13.8,193.0,29.6,Normal
77.8,27.4,3.3,12.46,31.0,33.1,Warning
96.2,48.5,11.8,12.45,188.0,35.1,Normal
94.7,24.4,3.5,12.53,179.0,32.4,Warning
106.9,36.6,3.8,12.21,199.0,30.7,Warning
87.7,28.6,7.5,12.63,150.0,34.2,Normal
93.9,39.8,5.6,12.66,94.0,33.7,Normal
98.8,41.6,5.2,12.78,128.0,35.9,Normal
85.6,23.2,2.2,12.79,117.0,31.0,Critical
89.6,49.2,10.1,11.9,47.0,31.4,Warning
86.8,32.3,10.9,12.39,49.0,32.8,Normal
81.9,36.5,6.3,12.55,37.0,34.7,Normal
90.7,25.2,9.4,12.86,61.0,31.4,Normal
88.5,45.5,7.1,12.68,67.0,34.3,Normal
86.1,45.8,5.9,12.61,135.0,32.4,Normal
102.6,33.3,5.9,12.23,132.0,31.0,Normal
91.3,31.6,7.1,12.34,129.0,31.2,Normal
91.2,46.0,11.5,12.3,14.0,37.0,Normal
80.3,39.8,3.2,12.44,101.0,31.1,Warning
107.8,22.9,3.7,12.88,96.0,34.6,Warning
105.9,40.8,3.2,13.23,78.0,35.1,Warning
98.7,42.3,11.7,11.74,127.0,32.6,Warning
106.2,52.4,3.4,12.57,197.0,35.4,Warning
98.6,39.7,6.9,13.67,170.0,30.2,Normal
88.6,36.8,9.8,12.47,39.0,31.8,Normal
108.2,49.3,3.4,13.69,21.0,32.3,Warning
82.4,38.2,5.7,12.8,55.0,35.8,Normal
84.3,29.6,7.6,12.24,192.0,33.9,Normal
100.5,39.7,10.1,12.67,12.0,35.7,Normal
84.3,33.2,10.7,12.65,67.0,35.4,Normal
104.1,36.1,5.1,12.86,68.0,33.6,Normal
93.6,39.8,2.1,12.23,109.0,34.5,Critical
84.4,43.4,3.7,12.61,112.0,36.3,Warning
95.2,38.1,3.5,12.98,38.0,31.2,Warning
99.2,40.4,10.1,12.46,33.0,31.4,Normal
101.6,38.7,4.7,13.01,12.0,34.6,Normal
79.1,51.9,5.3,12.39,158.0,36.6,Normal
85.8,40.1,2.8,12.58,109.0,31.4,Warning
92.5,48.2,12.0,12.0,16.0,31.7,Warning
99.0,51.4,4.3,11.77,176.0,30.6,Warning
81.8,39.8,11.4,12.62,49.0,30.1,Normal
99.6,35.4,7.8,12.73,32.0,32.4,Critical
76.3,42.0,10.9,12.43,132.0,37.8,Normal
91.3,55.4,11.8,12.73,105.0,31.0,Normal
102.1,48.9,3.5,12.64,191.0,28.3,Warning
86.0,39.8,10.9,12.99,125.0,34.1,Normal
94.7,37.7,6.0,12.93,38.0,32.4,Normal
97.8,41.7,9.9,12.05,135.0,31.3,Normal
103.3,38.2,4.4,12.26,122.0,34.5,Normal
94.6,49.2,7.7,11.7,181.0,35.7,Warning
109.3,55.8,5.8,12.83,42.0,31.0,Warning
95.9,32.5,6.1,12.61,188.0,35.9,Normal
108.8,44.8,10.1,11.86,169.0,28.1,Warning
90.4,37.4,7.6,12.52,35.0,29.5,Normal
94.7,47.9,7.0,12.13,137.0,32.9,Normal
100.3,40.6,7.8,12.18,197.0,32.0,Normal
103.4,50.8,5.5,12.88,187.0,34.9,Normal
90.1,61.5,2.4,13.0,70.0,31.4,Critical
90.2,50.6,3.1,12.66,63.0,37.3,Warning
93.5,52.0,11.5,12.56,135.0,30.5,Normal
92.4,47.1,7.0,12.62,26.0,32.7,Normal
106.4,26.8,9.3,12.08,99.0,35.5,Normal
99.0,47.6,10.4,12.49,140.0,34.7,Normal
98.7,58.9,6.8,12.54,15.0,37.2,Normal
93.6,41.1,8.0,11.75,69.0,38.7,Warning
99.1,45.8,4.3,12.63,85.0,31.1,Normal
104.3,42.7,9.7,13.24,162.0,34.7,Normal
91.7,35.0,7.6,12.79,137.0,31.1,Normal
96.0,34.0,3.1,12.67,162.0,36.8,Warning
86.2,33.8,4.0,12.61,77.0,32.9,Warning
95.1,38.0,2.2,12.8,51.0,34.1,Critical
90.1,31.6,4.5,12.53,197.0,33.5,Normal
97.7,45.9,8.2,12.44,133.0,31.9,Normal
98.1,39.8,2.2,13.26,182.0,32.9,Critical
86.6,45.6,4.3,12.2,171.0,32.7,Normal
88.0,32.7,4.4,11.65,89.0,29.9,Warning
94.7,36.6,5.3,12.8,65.0,33.0,Normal
99.7,32.5,8.1,12.2,27.0,36.4,Normal
108.2,41.6,2.1,12.1,184.0,35.0,Critical
92.0,26.5,6.7,12.64,130.0,33.3,Normal
95.9,23.2,5.6,11.39,60.0,32.9,Warning
93.7,43.1,10.9,11.79,63.0,32.3,Warning
104.8,46.0,8.5,12.55,79.0,36.1,Normal
84.0,37.0,5.9,12.69,20.0,32.3,Normal
105.2,47.2,11.2,11.99,156.0,32.7,Warning
91.9,41.8,3.3,11.97,64.0,33.3,Warning
86.4,33.5,4.7,12.3,107.0,30.0,Normal
97.1,30.2,8.7,11.58,108.0,30.2,Warning
97.9,51.7,6.9,13.02,41.0,37.5,Normal
96.4,27.5,7.1,11.92,78.0,31.7,Warning
77.5,38.2,3.1,13.4,17.0,32.6,Warning
101.0,31.8,9.3,11.8,19.0,32.4,Warning
92.5,42.2,4.7,12.97,94.0,34.2,Normal
95.0,47.2,10.2,12.23,34.0,35.1,Normal
88.3,37.4,4.0,13.16,159.0,30.2,Warning
85.8,30.2,5.5,12.82,134.0,32.9,Normal
99.6,31.7,7.3,12.45,152.0,32.4,Normal
92.8,45.2,2.0,13.07,130.0,35.9,Critical
91.8,36.3,10.9,12.53,117.0,33.3,Normal
100.9,41.7,10.6,13.08,129.0,40.3,Warning
98.1,41.7,11.8,12.1,18.0,35.2,Normal
92.2,40.3,9.4,13.43,69.0,30.8,Normal
73.6,41.5,7.2,12.37,191.0,33.5,Warning
97.7,35.3,11.9,11.79,145.0,36.2,Warning
94.5,43.3,10.9,12.45,108.0,38.7,Normal
85.7,52.4,8.8,13.01,23.0,35.1,Normal
91.9,46.0,11.3,12.96,25.0,33.9,Normal
95.6,42.7,2.1,12.03,44.0,35.9,Critical
101.9,30.6,4.2,11.6,36.0,26.9,Warning
95.1,37.9,11.3,12.28,156.0,35.9,Normal
99.9,43.3,7.4,12.15,156.0,35.6,Normal
101.2,31.5,9.6,12.8,86.0,36.0,Normal
94.5,32.7,9.6,13.17,55.0,34.5,Normal
94.3,42.3,9.4,11.92,17.0,30.1,Warning
96.2,40.4,9.3,12.99,89.0,33.2,Normal
99.5,36.6,7.4,11.84,73.0,35.3,Warning
99.9,40.9,2.9,13.54,168.0,35.0,Warning
100.8,41.5,5.3,12.28,193.0,34.4,Normal
88.1,40.1,10.5,12.1,169.0,36.6,Normal
101.2,26.2,2.9,11.97,29.0,28.5,Warning
93.6,36.0,4.4,13.15,74.0,38.1,Normal
76.7,49.0,7.0,12.42,199.0,31.8,Normal
103.9,38.9,2.1,12.19,41.0,32.2,Critical
84.4,38.1,10.0,13.23,101.0,31.6,Normal
99.1,45.1,11.7,13.15,197.0,35.5,Normal
91.5,34.4,5.8,12.82,142.0,30.6,Normal
88.5,45.8,8.8,12.48,11.0,33.3,Normal
95.7,42.3,7.7,13.53,162.0,30.0,Normal
100.1,40.4,12.0,12.14,85.0,33.7,Normal
92.6,40.5,11.6,12.04,53.0,32.4,Critical
94.6,46.3,3.8,12.61,92.0,30.9,Warning
96.7,36.6,7.3,12.28,197.0,35.3,Normal
92.3,43.2,7.0,12.86,81.0,34.1,Normal
89.5,56.4,5.3,11.63,66.0,32.2,Warning
92.0,43.3,9.6,12.52,50.0,36.4,Normal
104.0,41.3,11.6,11.99,59.0,34.9,Warning
83.0,28.4,9.9,11.82,63.0,32.8,Warning
95.4,21.7,10.1,13.25,11.0,35.0,Warning
87.3,31.5,9.6,12.2,98.0,32.1,Normal
102.3,51.3,5.8,13.16,9.0,34.9,Normal
92.4,37.0,9.6,12.76,108.0,29.8,Normal
102.9,42.0,2.7,12.34,140.0,37.5,Warning
108.5,39.8,6.3,11.75,105.0,38.1,Warning
86.3,43.9,5.7,12.75,75.0,30.7,Normal
106.9,27.2,10.7,12.61,100.0,33.2,Normal
84.2,26.1,5.1,12.82,103.0,31.4,Normal
97.5,51.8,9.7,12.3,63.0,29.5,Normal
91.9,42.1,3.5,14.02,41.0,37.1,Warning
77.4,47.3,2.9,13.06,110.0,27.0,Warning
94.4,35.6,6.3,12.16,141.0,35.8,Normal
90.2,50.1,7.6,12.09,170.0,35.0,Normal
87.3,21.8,7.2,13.04,6.0,34.6,Warning
84.4,39.6,7.1,11.96,94.0,32.9,Warning
90.4,24.2,5.2,12.84,116.0,34.1,Warning
97.2,36.3,3.6,12.24,112.0,39.8,Warning
113.4,40.2,9.6,12.63,174.0,30.3,Warning
98.6,33.2,9.8,12.1,108.0,34.6,Normal
94.9,29.2,11.9,12.86,101.0,33.7,Normal
98.5,29.9,11.7,12.25,43.0,32.5,Normal
100.7,32.4,10.6,12.85,48.0,26.9,Warning
98.2,39.9,2.5,12.06,195.0,25.8,Critical
94.1,39.8,10.3,12.05,32.0,27.7,Warning
88.3,38.6,2.1,12.84,183.0,33.2,Critical
95.5,48.0,3.2,12.02,9.0,31.3,Warning
112.9,32.6,10.2,12.4,28.0,30.5,Warning
101.6,24.1,10.8,12.42,125.0,31.6,Warning
95.2,32.2,7.4,12.65,65.0,26.8,Warning
103.6,48.9,6.5,13.45,93.0,33.8,Normal
94.6,37.1,5.2,12.6,171.0,32.4,Normal
94.5,30.3,11.5,12.45,85.0,33.4,Normal
100.4,35.5,3.8,13.01,161.0,32.9,Warning
73.9,33.9,5.7,12.26,10.0,30.2,Warning
88.4,33.6,7.1,12.61,76.0,33.3,Normal
87.5,41.9,4.7,12.68,36.0,33.1,Normal
96.6,61.4,8.8,12.61,70.0,32.3,Warning
91.3,43.4,11.2,12.6,73.0,37.4,Normal
91.8,40.3,8.6,12.61,70.0,32.5,Warning
106.5,51.1,7.0,13.05,8.0,34.0,Normal
92.9,50.3,9.8,12.99,106.0,30.5,Normal
102.7,49.8,10.9,12.58,176.0,32.8,Normal
95.6,37.7,5.8,13.01,111.0,31.3,Normal
95.3,54.7,2.8,12.37,64.0,26.3,Warning
102.9,30.8,11.2,12.8,171.0,34.8,Normal
103.3,22.4,3.4,12.83,61.0,37.5,Warning
99.4,25.3,8.0,12.36,8.0,35.2,Normal
112.9,42.6,11.6,12.35,21.0,31.3,Warning
82.9,22.2,6.1,12.12,28.0,34.4,Warning
99.6,34.2,2.5,12.88,34.0,35.7,Critical
95.6,43.7,2.2,12.1,172.0,32.2,Critical
101.3,46.0,7.7,12.07,162.0,31.5,Normal
101.4,51.3,9.3,12.24,143.0,32.3,Normal
90.8,40.4,6.8,12.58,90.0,29.1,Normal
82.1,40.9,11.9,13.19,83.0,38.9,Normal
95.2,39.8,3.9,12.09,163.0,30.2,Warning
82.2,38.3,6.3,12.89,183.0,35.5,Normal
94.9,41.8,11.2,12.96,192.0,37.5,Normal
96.0,39.9,7.0,12.77,62.0,25.2,Warning
85.2,28.9,3.5,12.21,150.0,31.8,Warning
103.7,47.5,5.6,12.23,21.0,39.1,Normal
96.3,29.9,6.6,12.78,61.0,31.5,Normal
99.5,47.3,10.3,13.2,71.0,36.1,Normal
102.2,48.7,2.3,12.07,106.0,38.5,Critical
89.3,55.5,9.4,12.45,126.0,34.4,Normal
89.3,43.1,8.1,11.97,171.0,36.0,Warning
84.9,41.1,7.2,12.58,48.0,32.4,Normal
94.2,27.0,4.4,12.61,170.0,36.2,Normal
96.1,37.3,7.9,12.2,129.0,31.3,Normal
95.6,24.0,4.5,12.53,196.0,31.6,Warning
93.5,24.6,5.4,13.01,96.0,32.0,Warning
100.6,33.1,11.6,12.11,161.0,28.1,Normal
106.5,31.8,4.9,12.68,146.0,37.0,Normal
90.0,44.9,4.4,12.64,150.0,27.9,Normal
87.3,41.3,4.5,13.33,59.0,39.4,Normal
105.2,33.1,2.5,11.51,199.0,32.0,Warning
93.2,25.3,9.4,13.42,106.0,33.7,Normal
93.7,22.8,2.7,11.42,198.0,25.9,Warning
86.3,34.0,2.8,12.53,167.0,34.3,Warning
73.7,37.3,9.6,12.71,31.0,32.9,Warning
95.2,46.5,9.9,12.42,89.0,30.4,Normal
102.5,34.9,5.8,13.84,113.0,37.9,Normal
107.6,41.1,6.2,12.36,71.0,33.8,Normal
76.4,39.7,4.3,13.11,28.0,29.5,Normal
98.4,38.1,11.0,11.93,58.0,35.0,Warning
98.8,39.1,3.9,12.57,125.0,30.1,Warning
92.8,22.8,8.2,12.34,98.0,36.0,Warning
81.0,25.4,11.1,12.34,177.0,35.9,Normal
99.4,34.1,2.3,11.82,191.0,37.3,Critical
91.6,45.7,5.2,12.62,93.0,31.4,Normal
97.7,42.9,4.2,12.19,168.0,34.3,Normal
90.8,49.8,8.9,12.37,131.0,34.1,Normal
83.8,41.6,10.8,13.11,24.0,31.8,Normal
92.9,53.7,9.5,12.61,161.0,31.6,Normal
104.2,44.5,9.2,12.63,126.0,35.0,Normal
102.0,26.2,8.9,12.13,8.0,28.1,Normal
104.9,35.3,10.5,13.06,90.0,32.9,Normal
97.2,38.0,9.0,13.62,54.0,31.5,Normal
92.6,44.9,10.9,12.26,169.0,29.3,Normal
106.1,30.4,9.5,11.95,42.0,35.6,Warning
89.3,32.5,6.8,11.51,152.0,33.3,Warning
98.3,43.2,6.2,12.81,160.0,33.4,Normal
92.8,43.2,2.4,12.82,82.0,29.7,Critical
82.3,36.6,8.7,12.82,148.0,34.3,Normal
78.1,46.4,3.3,12.04,192.0,31.6,Warning
92.7,33.1,11.3,13.05,159.0,28.0,Normal
80.8,37.7,8.7,12.66,31.0,36.0,Normal
87.4,53.5,11.4,12.22,163.0,34.4,Normal
98.4,55.2,4.3,13.16,43.0,34.0,Normal
88.6,36.4,8.0,12.59,97.0,32.5,Normal
92.9,39.8,3.0,12.5,199.0,26.6,Warning
83.8,50.5,7.4,11.56,88.0,35.4,Warning
93.6,36.2,7.9,13.36,182.0,26.3,Warning
92.5,30.1,3.2,12.63,187.0,32.6,Warning
84.5,37.4,7.2,12.62,76.0,31.1,Normal
84.2,30.8,9.9,12.53,173.0,33.8,Normal
99.1,34.6,6.4,13.11,183.0,31.1,Normal
101.3,47.4,10.9,13.12,116.0,36.5,Normal
80.9,39.8,11.1,11.74,161.0,32.5,Warning
101.1,41.4,10.1,12.82,91.0,33.5,Normal
97.5,48.7,11.0,12.61,13.0,31.8,Normal
98.8,41.3,10.9,12.38,100.0,30.5,Normal
108.6,47.9,5.6,13.42,8.0,32.8,Warning
76.3,48.9,5.3,13.26,58.0,35.1,Normal
94.6,38.3,10.7,12.6,151.0,33.1,Normal
101.6,36.7,5.2,12.97,21.0,30.6,Normal
103.1,39.8,10.1,12.31,23.0,39.3,Normal
84.3,43.5,4.0,11.98,160.0,36.7,Warning
90.0,54.1,2.8,12.33,12.0,35.7,Warning
99.9,39.7,8.6,12.81,129.0,32.9,Normal
95.0,42.9,9.2,11.84,137.0,37.5,Warning
92.7,38.1,7.1,12.98,42.0,31.2,Normal
91.4,38.0,5.7,11.71,59.0,33.0,Warning
82.0,39.5,10.8,12.35,123.0,31.0,Normal
90.5,45.8,11.0,11.85,111.0,36.9,Warning
102.7,29.2,5.8,12.56,145.0,40.7,Warning
99.0,47.5,9.7,12.39,18.0,32.1,Normal
100.0,41.7,3.1,11.99,70.0,33.6,Warning
100.7,36.7,11.0,12.29,147.0,33.6,Normal
92.4,35.8,8.8,12.54,164.0,33.6,Normal
95.9,26.7,9.1,12.74,191.0,32.9,Normal
95.0,54.1,7.8,12.81,81.0,38.7,Normal
83.2,59.2,11.6,13.06,87.0,30.1,Normal
89.4,44.2,3.2,14.01,191.0,32.9,Warning
101.3,37.8,5.6,13.15,162.0,32.9,Warning
78.0,55.0,2.9,12.7,30.0,32.9,Critical
88.9,34.1,8.9,12.54,105.0,31.6,Normal
106.0,32.0,9.3,12.93,162.0,32.4,Normal
90.3,37.8,6.5,11.93,44.0,29.0,Warning
104.4,41.9,7.4,12.91,20.0,34.7,Normal
98.4,47.1,2.3,12.44,159.0,32.7,Critical
111.9,40.9,10.7,12.16,161.0,33.7,Warning
99.3,48.5,5.4,12.61,96.0,29.4,Normal
93.2,39.8,4.0,12.59,52.0,29.9,Warning
88.8,43.3,5.5,12.07,20.0,35.0,Normal
95.2,36.0,5.0,12.91,174.0,30.3,Normal
89.8,17.0,6.0,13.54,66.0,33.8,Critical
105.1,37.2,8.0,12.26,179.0,24.3,Warning
95.1,36.8,4.2,12.52,197.0,36.0,Normal
89.6,25.5,4.5,11.73,69.0,36.5,Warning
106.5,43.4,4.0,13.53,110.0,29.3,Normal
99.3,34.0,7.9,12.73,130.0,31.8,Normal
102.0,32.6,3.2,12.65,182.0,35.9,Warning
89.6,45.8,7.8,12.84,132.0,32.9,Normal
96.1,48.9,11.7,13.29,135.0,32.9,Normal
88.3,34.9,8.1,11.86,132.0,33.0,Warning
100.3,24.1,9.2,12.37,15.0,33.7,Critical
87.3,52.2,3.7,12.38,171.0,34.0,Warning
103.0,39.8,6.9,12.93,33.0,31.9,Normal
99.0,34.6,2.4,11.99,181.0,29.7,Critical
99.2,46.5,6.5,12.91,87.0,31.9,Normal
95.8,34.0,4.1,12.85,31.0,34.9,Normal
110.4,41.3,11.1,13.13,135.0,27.5,Warning
95.5,55.4,5.0,12.42,48.0,30.7,Normal
83.0,50.6,7.8,12.64,116.0,30.0,Normal
95.9,48.6,2.6,12.7,166.0,31.8,Warning
99.4,54.1,3.6,12.71,94.0,33.5,Warning
99.1,43.2,8.8,12.7,62.0,30.3,Normal
101.0,45.2,4.6,12.72,188.0,27.1,Warning
104.3,32.6,8.0,12.76,110.0,32.8,Normal
97.7,43.2,6.3,11.85,23.0,32.9,Warning
105.7,31.2,5.7,12.8,54.0,32.0,Normal
99.0,38.3,2.9,12.62,115.0,30.2,Warning
95.6,34.3,7.7,11.74,30.0,31.4,Warning
100.2,36.6,2.6,12.66,89.0,31.9,Warning
99.4,37.6,5.3,12.61,183.0,32.7,Normal
89.2,43.9,6.8,12.24,49.0,27.3,Warning
95.5,32.4,10.1,13.24,196.0,35.4,Warning
93.6,37.7,8.5,12.25,199.0,33.5,Normal
99.5,38.3,8.3,11.59,27.0,33.5,Warning
100.7,33.9,6.4,13.23,123.0,34.6,Normal
92.2,47.2,10.9,12.93,55.0,36.2,Normal
96.1,40.1,11.8,13.03,190.0,32.9,Normal
97.2,55.5,3.4,12.7,154.0,36.6,Warning
98.4,37.2,4.2,12.18,180.0,32.4,Normal
83.4,49.7,9.1,14.13,68.0,39.7,Normal
99.4,35.2,6.0,12.51,54.0,26.8,Warning
102.4,49.2,3.7,12.12,75.0,32.9,Warning
109.6,40.6,6.9,12.51,145.0,34.2,Warning
97.0,46.3,7.6,13.58,41.0,32.9,Normal
93.3,52.6,10.0,12.29,119.0,36.3,Normal
85.9,30.6,4.6,12.94,105.0,38.8,Normal
83.0,40.1,2.8,12.65,55.0,38.3,Warning
90.9,38.9,4.6,13.63,137.0,28.2,Normal
87.8,54.2,7.5,12.61,87.0,33.0,Warning
94.8,36.9,8.0,12.22,188.0,30.0,Normal
94.5,49.9,6.8,12.7,69.0,32.5,Normal
92.0,46.4,6.0,13.03,96.0,39.5,Normal
95.5,31.0,2.9,11.72,97.0,38.7,Warning
88.7,33.4,10.8,12.6,59.0,30.2,Normal
101.0,32.7,8.2,12.02,85.0,32.7,Normal
97.2,54.4,4.0,11.89,50.0,32.9,Warning
87.4,35.3,4.8,12.82,193.0,29.2,Normal
79.2,51.8,6.5,12.13,193.0,30.4,Normal
84.7,38.1,9.0,13.01,41.0,31.7,Normal
95.4,50.5,5.7,11.92,177.0,31.2,Warning
92.9,39.8,2.9,13.29,61.0,26.5,Warning
103.7,29.3,10.2,12.8,183.0,32.2,Normal
103.8,35.6,9.8,12.65,186.0,32.9,Normal
100.3,26.7,6.8,12.17,79.0,30.5,Normal
87.1,50.5,9.1,12.24,72.0,30.0,Normal
88.1,49.2,9.6,11.81,188.0,32.1,Warning
89.9,37.8,5.2,12.63,193.0,35.8,Normal
100.2,33.4,5.3,13.3,97.0,34.9,Critical
94.1,38.9,2.2,12.88,46.0,31.5,Critical
82.9,43.7,3.8,12.38,155.0,33.7,Warning
90.2,46.8,9.6,12.52,11.0,33.6,Normal
107.9,22.1,3.5,12.54,107.0,35.7,Warning
102.2,40.5,11.4,13.1,85.0,38.7,Normal
98.9,38.1,3.2,12.19,83.0,31.7,Warning
100.5,37.5,4.5,12.43,94.0,35.7,Normal
89.2,43.8,7.1,13.0,53.0,32.2,Normal
109.4,28.9,6.4,12.61,32.0,30.7,Warning
98.2,22.9,4.7,12.37,121.0,32.3,Critical
87.9,37.3,7.0,13.03,37.0,32.9,Normal
93.1,41.3,4.2,13.63,10.0,37.5,Normal
98.8,34.8,9.5,12.06,50.0,35.5,Normal
95.5,41.2,5.0,13.13,15.0,37.6,Normal
93.8,34.9,10.3,12.49,184.0,29.8,Normal
104.8,56.8,10.6,11.87,7.0,36.6,Warning
92.5,33.4,6.1,12.35,186.0,25.7,Warning
97.4,37.6,6.0,11.74,119.0,34.4,Warning
104.5,35.5,8.5,12.84,29.0,35.7,Normal
98.3,57.1,6.4,12.5,142.0,33.4,Normal
92.1,33.1,3.0,12.82,179.0,36.1,Warning
99.4,41.9,7.0,13.51,116.0,36.5,Normal
97.6,41.8,8.8,12.81,167.0,37.2,Normal
91.5,34.8,9.8,12.82,13.0,32.6,Normal
84.3,40.0,11.1,13.07,165.0,30.4,Normal
93.8,37.7,6.8,11.91,51.0,34.5,Normal
105.1,51.8,2.2,11.89,78.0,34.6,Critical
86.2,45.5,10.5,12.74,145.0,31.7,Normal
89.7,54.5,10.3,12.42,133.0,31.3,Normal
83.4,40.1,3.9,12.38,157.0,27.9,Warning
89.7,47.3,11.4,12.63,79.0,31.7,Normal
105.2,40.1,11.7,13.41,92.0,34.8,Normal
92.0,28.5,11.3,12.7,53.0,36.4,Normal
80.9,24.1,6.9,12.56,62.0,35.9,Warning
86.8,49.8,7.5,13.06,41.0,38.1,Normal
90.8,56.9,3.4,12.65,94.0,30.4,Warning
98.2,35.1,5.2,12.27,174.0,30.3,Normal
91.9,46.3,10.1,11.51,105.0,33.6,Warning
109.2,28.8,9.1,12.91,94.0,36.6,Warning
110.3,44.8,5.8,12.39,131.0,30.0,Warning
85.5,37.5,2.1,12.64,66.0,25.4,Critical
84.5,34.4,8.4,12.49,118.0,32.9,Normal
110.1,36.1,7.2,12.64,34.0,33.4,Warning
101.3,42.8,2.5,12.48,84.0,36.0,Warning
96.4,29.8,6.3,11.25,84.0,32.9,Critical
95.9,36.1,7.7,11.88,30.0,32.9,Warning
90.3,51.3,9.2,12.0,67.0,30.5,Warning
88.7,44.0,8.9,12.08,36.0,38.0,Normal
93.9,39.8,8.0,12.14,58.0,38.8,Normal
93.8,28.6,11.4,12.68,13.0,33.2,Normal
93.7,31.8,10.8,12.79,42.0,34.7,Normal
101.1,34.4,11.0,13.4,95.0,33.1,Normal
105.4,41.4,11.6,13.8,34.0,30.9,Normal
92.5,43.4,9.3,12.95,11.0,32.1,Normal
91.9,39.8,6.7,11.72,149.0,32.8,Warning
89.7,32.0,9.7,12.72,116.0,37.6,Critical
84.8,36.0,8.3,12.69,174.0,35.4,Normal
85.2,42.2,10.5,13.1,177.0,30.1,Normal
96.9,11.8,2.6,12.6,58.0,32.8,Critical
97.6,41.0,11.1,12.33,55.0,34.9,Normal
83.4,40.0,10.5,12.36,61.0,26.3,Warning
94.0,51.0,3.1,13.22,158.0,28.8,Warning
93.9,41.5,3.2,12.39,91.0,31.8,Warning
101.4,47.6,9.4,12.33,164.0,29.9,Normal
101.0,48.7,9.5,12.67,43.0,28.0,Normal
81.8,39.8,2.4,12.59,23.0,28.7,Critical
83.9,41.3,8.1,12.76,33.0,36.6,Normal
99.0,46.6,9.8,12.64,95.0,32.9,Warning
102.7,53.4,4.2,12.64,72.0,34.8,Normal
99.8,46.6,4.3,13.44,161.0,36.6,Normal
88.9,33.0,8.6,12.83,43.0,32.4,Normal
93.4,43.5,11.2,12.74,21.0,37.3,Normal
86.8,26.6,7.8,12.56,40.0,38.0,Normal
85.7,50.9,3.6,12.35,176.0,34.6,Warning
91.2,41.5,9.4,12.61,21.0,37.1,Normal
88.5,45.4,3.2,12.64,48.0,29.2,Warning
89.1,39.8,8.9,12.3,175.0,33.8,Normal
82.3,38.0,5.9,12.8,8.0,30.9,Normal
99.6,45.7,7.6,12.31,118.0,34.2,Normal
89.9,33.1,4.6,12.52,82.0,30.9,Normal
98.0,37.1,8.7,12.39,54.0,33.3,Normal
83.6,40.9,8.4,13.28,193.0,35.4,Normal
86.1,53.0,5.1,12.31,194.0,35.6,Normal
92.5,32.3,8.9,11.98,75.0,30.5,Warning
101.8,38.7,8.9,12.7,159.0,36.0,Normal
86.4,31.6,7.8,12.23,179.0,33.3,Normal
107.1,43.2,2.8,13.01,90.0,31.0,Warning
100.0,44.5,9.5,12.44,93.0,34.2,Normal
101.8,20.6,4.3,12.86,175.0,34.5,Warning
88.3,41.2,10.0,12.64,175.0,29.5,Normal
86.0,48.7,2.8,13.07,30.0,34.3,Warning
91.0,44.3,11.0,12.51,13.0,33.7,Normal
93.1,43.7,6.2,12.32,104.0,31.5,Normal
84.0,43.6,4.9,13.02,61.0,36.3,Normal
89.8,43.7,8.9,11.98,196.0,32.2,Warning
98.8,36.9,3.0,12.28,69.0,31.4,Warning
96.4,45.1,11.5,12.45,118.0,29.4,Normal
98.1,45.7,3.6,12.83,8.0,35.6,Warning
97.4,23.9,5.9,12.31,182.0,34.2,Warning
95.9,36.0,11.1,13.2,6.0,31.0,Normal
88.5,39.8,8.8,13.35,6.0,32.9,Normal
99.3,42.1,4.1,12.57,177.0,32.4,Normal
70.0,38.1,2.3,12.45,148.0,26.2,Critical
93.3,29.9,2.4,13.61,111.0,37.4,Critical
98.3,28.4,7.9,12.68,20.0,34.9,Normal
101.1,38.7,4.3,12.65,97.0,35.1,Normal
80.8,47.8,2.5,12.33,178.0,29.9,Warning
85.7,23.9,5.9,12.84,32.0,37.5,Warning
102.3,49.0,4.9,12.56,129.0,28.2,Normal
94.9,40.8,8.4,12.51,102.0,33.1,Normal
85.2,29.4,6.8,11.85,88.0,31.5,Warning
93.3,30.2,7.1,12.36,65.0,28.8,Normal
99.1,41.6,8.8,12.48,102.0,34.3,Normal
93.7,42.9,8.5,12.94,53.0,33.4,Normal
98.0,47.8,5.4,12.26,143.0,36.8,Normal
105.0,32.3,5.2,13.53,25.0,27.2,Warning
94.3,28.2,3.6,13.09,126.0,31.5,Warning
85.9,28.1,7.1,12.27,81.0,37.0,Normal
100.2,38.1,7.8,12.42,136.0,30.4,Normal
105.9,39.2,7.0,12.61,81.0,32.1,Normal
83.1,46.2,7.4,12.29,38.0,30.7,Normal
112.1,44.2,6.8,13.29,129.0,29.3,Warning
99.3,54.4,7.8,12.46,107.0,32.8,Normal
108.8,18.8,7.8,12.05,134.0,34.9,Warning
99.8,41.8,10.1,11.84,103.0,32.9,Warning
91.7,56.1,5.6,12.35,34.0,32.9,Normal
105.3,51.0,3.0,12.8,51.0,30.6,Warning
100.8,30.3,4.0,12.03,54.0,38.8,Normal
88.9,42.6,5.1,11.38,132.0,25.5,Warning
85.0,38.1,11.5,12.85,181.0,33.7,Normal
94.6,43.5,8.6,12.63,178.0,35.7,Normal
93.1,36.3,7.0,11.87,197.0,34.3,Warning
99.0,33.7,9.2,12.43,78.0,31.4,Normal
94.5,36.9,6.7,12.9,60.0,34.3,Normal
103.7,43.4,6.2,13.6,68.0,32.9,Normal
84.5,40.7,9.1,13.09,61.0,35.5,Normal
94.0,48.5,8.6,12.25,198.0,33.5,Normal
104.1,32.1,6.8,12.22,161.0,26.0,Warning
88.4,35.5,11.5,12.51,116.0,37.5,Normal
87.1,33.4,7.9,12.65,140.0,30.4,Normal
71.7,43.5,8.1,11.94,184.0,33.5,Warning
103.9,41.9,10.5,12.15,174.0,35.9,Normal
75.3,52.4,10.0,12.18,131.0,30.9,Normal
90.0,44.3,5.6,13.23,145.0,37.5,Normal
89.4,41.8,8.0,13.43,82.0,25.7,Warning
97.8,41.2,11.2,12.69,115.0,32.9,Warning
100.8,37.0,8.4,12.82,184.0,36.7,Normal
94.5,30.1,2.2,11.96,107.0,34.3,Critical
86.7,40.6,11.1,13.26,31.0,32.7,Warning
90.1,27.2,7.1,14.0,5.0,33.2,Normal
89.1,31.0,10.9,12.83,173.0,28.2,Normal
93.0,39.4,7.3,12.55,189.0,30.3,Normal
104.4,46.9,4.4,12.81,42.0,34.8,Normal
92.1,44.4,4.0,13.09,46.0,35.0,Normal
84.6,39.3,4.1,12.61,84.0,30.8,Normal
97.5,31.6,2.4,12.68,129.0,31.8,Critical
99.9,41.2,4.3,12.44,15.0,30.2,Normal
102.2,45.1,8.0,11.86,75.0,28.5,Critical
86.9,28.2,7.3,12.23,5.0,29.5,Normal
84.6,50.6,4.1,13.22,33.0,31.7,Normal
100.3,46.6,3.6,12.06,102.0,35.7,Warning
90.5,38.4,2.5,12.32,137.0,32.6,Critical
91.4,42.3,11.9,12.69,33.0,34.6,Normal
104.9,37.3,8.4,13.23,24.0,25.7,Warning
97.4,37.2,3.7,13.11,130.0,32.8,Warning
107.7,31.2,2.4,13.22,70.0,26.2,Critical
83.7,36.4,8.3,12.61,127.0,34.6,Normal
99.9,52.0,8.5,12.91,22.0,30.3,Normal
90.4,39.8,7.4,12.79,144.0,31.5,Normal
89.5,46.1,8.2,12.76,152.0,32.5,Normal
104.6,47.9,9.0,13.13,163.0,36.7,Normal
99.9,46.7,3.2,12.09,154.0,33.7,Warning
94.6,35.7,4.7,12.05,119.0,34.8,Normal
96.4,34.4,6.1,12.55,193.0,29.7,Normal
90.1,26.8,4.5,12.06,57.0,27.6,Warning
98.1,37.1,8.4,12.18,121.0,31.9,Normal
91.3,53.8,11.1,11.94,187.0,32.9,Warning
90.9,40.0,7.2,12.89,19.0,31.1,Normal
82.6,39.8,11.1,13.07,157.0,34.1,Normal
96.8,46.3,9.1,13.06,94.0,31.8,Normal
102.4,33.7,2.5,12.52,74.0,36.8,Warning
95.2,40.8,2.5,12.61,73.0,37.8,Critical
92.3,56.1,3.6,12.74,8.0,32.9,Warning
83.8,41.7,7.4,13.01,172.0,38.4,Normal
101.1,35.7,2.1,12.26,197.0,35.8,Critical
100.3,54.8,3.1,12.89,36.0,32.9,Warning
88.5,41.6,5.3,13.29,191.0,32.9,Normal
103.4,48.7,6.4,12.7,160.0,31.7,Normal
96.0,27.2,7.5,12.78,111.0,32.9,Normal
91.4,40.5,4.3,13.48,177.0,30.6,Warning
94.2,37.8,3.9,12.4,8.0,32.9,Warning
101.2,34.8,2.1,11.78,26.0,33.5,Critical
86.3,42.7,8.8,12.61,180.0,39.2,Warning
89.2,38.7,7.4,12.46,179.0,33.3,Normal
82.3,33.6,2.4,12.85,177.0,27.3,Critical
98.1,38.2,8.3,10.91,146.0,31.8,Critical
74.3,37.4,3.3,11.85,44.0,36.4,Warning
92.1,14.4,10.2,12.98,33.0,36.7,Critical
93.7,38.6,2.2,12.56,147.0,31.7,Critical
95.0,31.7,9.1,12.43,115.0,33.7,Normal
93.0,46.9,5.9,12.93,164.0,29.9,Normal
100.6,44.0,11.1,12.2,5.0,27.6,Warning
107.7,34.3,7.6,12.61,33.0,34.2,Warning
81.1,48.6,2.4,11.95,106.0,32.0,Critical
86.9,57.5,10.6,12.62,74.0,37.2,Normal
85.8,48.0,7.1,13.39,104.0,35.2,Normal
94.9,50.0,5.0,12.69,17.0,30.4,Normal
93.4,47.4,9.2,12.68,9.0,29.1,Normal
90.3,42.2,6.5,12.84,118.0,28.9,Normal
87.2,54.8,11.5,12.65,55.0,32.5,Normal
102.2,30.3,6.7,12.24,91.0,37.6,Normal
93.8,39.8,9.5,12.62,147.0,36.8,Normal
99.4,65.0,4.1,13.7,173.0,34.0,Normal
99.5,36.9,7.6,12.13,134.0,37.4,Normal
93.7,41.9,2.2,12.39,74.0,36.1,Critical
85.1,29.6,9.0,13.07,97.0,32.9,Normal
99.5,35.2,11.0,12.79,194.0,33.7,Normal
99.8,40.7,9.4,13.15,192.0,36.1,Normal
97.8,44.0,7.3,11.85,200.0,36.2,Warning
116.9,28.4,10.1,12.69,33.0,37.3,Warning
80.9,35.9,10.0,12.7,27.0,32.4,Normal
98.3,36.4,10.3,13.3,61.0,34.6,Normal
104.1,29.4,2.9,12.71,139.0,33.6,Warning
91.7,25.0,2.4,12.97,93.0,32.0,Critical
82.0,45.4,7.6,13.58,158.0,31.7,Normal
85.0,47.9,3.5,13.42,50.0,32.9,Warning
90.1,23.4,11.5,13.05,24.0,32.4,Warning
105.1,39.8,4.0,11.81,78.0,33.4,Warning
96.2,37.7,3.9,12.29,170.0,31.5,Warning
96.3,39.8,3.6,11.22,197.0,32.7,Critical
93.9,35.1,7.8,13.05,103.0,32.9,Normal
96.9,35.4,8.0,13.44,29.0,35.2,Normal
104.4,52.0,10.7,13.04,199.0,36.6,Normal
93.4,26.2,11.9,12.54,73.0,32.5,Normal
77.8,40.6,6.5,11.86,34.0,32.4,Warning
87.3,33.9,2.7,12.68,138.0,37.3,Warning
88.7,49.4,7.5,12.56,149.0,25.8,Warning
107.2,19.5,4.5,11.88,181.0,35.1,Warning
102.8,28.5,6.1,12.03,54.0,25.2,Warning
85.7,37.8,7.0,13.95,75.0,35.2,Normal
97.7,61.8,10.0,12.31,174.0,34.4,Normal
88.1,49.6,5.4,12.44,136.0,33.0,Normal
87.1,39.8,5.8,12.1,53.0,35.1,Warning
88.4,37.9,7.8,11.93,173.0,32.8,Warning
94.7,53.9,9.2,12.29,162.0,33.1,Normal
101.2,31.2,11.4,12.17,174.0,32.2,Normal
100.9,26.8,6.3,11.78,162.0,39.2,Warning
100.2,37.9,2.8,12.93,136.0,32.1,Warning
80.9,44.1,11.8,12.23,68.0,30.9,Normal
91.7,35.4,5.6,12.96,98.0,35.5,Normal
92.0,23.5,10.9,12.17,178.0,31.2,Warning
86.0,46.7,5.9,12.61,122.0,30.8,Normal
93.8,36.1,6.8,13.28,176.0,35.7,Normal
101.7,34.4,7.3,12.84,21.0,30.4,Normal
90.0,31.9,9.2,13.08,95.0,30.5,Normal
94.2,28.0,9.9,12.78,83.0,32.6,Normal
75.9,51.5,5.4,12.25,86.0,28.5,Normal
89.7,44.0,11.0,13.16,39.0,34.9,Normal
90.7,52.6,2.5,12.95,106.0,31.7,Critical
86.8,41.9,11.9,12.11,122.0,32.9,Normal
83.0,37.9,7.0,12.25,16.0,31.7,Normal
102.1,39.6,3.1,12.38,183.0,34.7,Warning
94.1,38.4,9.2,12.65,51.0,34.2,Normal
87.1,50.8,2.9,12.61,169.0,32.9,Warning
106.6,40.1,11.7,13.61,107.0,32.7,Normal
89.1,35.1,6.7,13.24,55.0,34.2,Normal
96.7,47.5,8.2,12.98,187.0,33.2,Normal
101.3,38.9,10.7,11.94,82.0,38.4,Warning
74.1,47.5,5.8,12.96,36.0,35.3,Warning
109.4,33.3,8.8,12.33,153.0,35.4,Warning
112.0,29.8,3.4,12.91,178.0,23.5,Warning
103.3,52.7,4.4,13.15,161.0,29.3,Normal
94.4,40.7,7.3,11.88,158.0,36.4,Warning
93.0,45.5,4.3,12.46,101.0,32.6,Normal
103.7,48.8,2.0,13.37,112.0,32.6,Critical
91.2,46.8,4.6,12.72,97.0,35.0,Normal
95.3,31.0,5.5,12.61,14.0,34.6,Warning
88.1,37.9,8.6,12.73,127.0,34.4,Normal
97.0,38.1,7.2,13.31,200.0,39.1,Critical
94.6,44.2,9.7,13.16,149.0,34.5,Normal
89.0,31.4,3.3,12.32,85.0,31.5,Warning
86.3,37.7,5.6,12.91,22.0,34.8,Normal
100.9,36.2,11.0,12.47,10.0,32.9,Normal
94.1,27.8,9.8,11.67,194.0,31.6,Warning
95.4,36.7,9.7,12.25,45.0,32.1,Normal
87.9,42.4,3.2,12.78,124.0,36.6,Warning
100.2,40.8,3.2,13.36,172.0,30.4,Warning
98.8,50.1,10.3,13.23,44.0,30.5,Normal
95.1,38.8,5.2,13.08,32.0,32.7,Normal
102.0,36.2,10.4,12.46,94.0,31.6,Normal
99.2,48.2,8.6,11.73,22.0,32.5,Warning
96.1,59.8,3.6,12.2,166.0,34.1,Warning
93.1,44.0,2.3,12.79,116.0,32.4,Critical
100.0,41.8,3.3,12.31,22.0,32.2,Warning
112.9,45.4,6.5,13.84,167.0,32.9,Warning
86.7,35.1,10.4,12.09,186.0,32.4,Normal
92.7,35.5,10.7,13.27,193.0,35.5,Normal
96.8,42.7,4.8,12.15,194.0,33.2,Normal
89.0,46.2,6.6,13.22,185.0,30.0,Normal
98.3,29.6,9.7,12.37,35.0,33.2,Normal
104.0,40.5,11.0,12.3,94.0,27.7,Warning
85.0,39.0,10.3,12.74,64.0,34.5,Normal
101.7,50.9,7.4,12.31,106.0,34.7,Normal
95.9,45.2,7.4,12.7,83.0,36.6,Normal
100.0,36.3,2.4,12.73,168.0,32.9,Critical
95.2,50.2,2.5,13.21,24.0,32.9,Critical
104.0,38.3,9.2,13.31,127.0,31.1,Normal
93.5,46.9,7.1,13.58,166.0,32.7,Normal
100.1,52.6,10.5,12.47,73.0,32.8,Normal
95.7,47.2,10.8,13.24,99.0,33.4,Normal
101.8,43.8,10.8,12.18,58.0,33.1,Normal
97.0,48.3,9.3,13.31,130.0,33.3,Normal
88.0,42.7,6.6,13.89,77.0,34.6,Normal
83.9,53.8,12.0,12.28,16.0,29.9,Normal
96.7,41.8,10.5,12.9,122.0,32.1,Normal
101.6,38.5,3.4,13.31,17.0,32.6,Warning
98.8,46.0,9.4,13.44,159.0,29.5,Normal
94.6,49.2,2.4,12.66,44.0,32.6,Critical
94.1,45.6,9.7,12.45,101.0,31.4,Normal
91.4,47.6,8.4,12.63,14.0,34.2,Normal
117.4,25.4,2.5,12.58,88.0,34.4,Warning
100.5,45.4,2.2,13.11,145.0,34.4,Critical
82.2,26.4,9.3,13.21,194.0,33.8,Normal
92.3,30.9,4.6,12.87,186.0,30.8,Normal
108.0,32.3,7.9,12.88,139.0,35.2,Normal
102.4,22.9,7.9,12.12,139.0,33.3,Warning
94.6,48.6,9.4,12.93,94.0,32.1,Normal
87.1,48.5,4.9,12.06,8.0,38.2,Normal
94.9,44.0,8.9,12.88,168.0,31.6,Normal
95.6,53.1,7.3,12.37,82.0,29.3,Normal
94.6,29.0,2.7,12.46,147.0,30.5,Warning
95.6,37.8,3.0,13.18,88.0,36.4,Warning
114.4,37.7,6.3,12.94,31.0,36.9,Warning
93.5,32.1,10.2,12.67,99.0,34.5,Normal
104.2,36.9,3.5,11.84,165.0,32.6,Warning
107.5,39.0,8.7,12.19,122.0,29.4,Normal
98.5,39.1,9.3,11.54,117.0,34.8,Warning
105.3,53.2,4.8,12.33,47.0,34.0,Normal
85.3,53.1,5.1,13.13,92.0,33.7,Normal
101.8,30.9,7.2,12.61,134.0,32.9,Normal
91.2,42.0,7.0,12.51,90.0,31.1,Normal
103.7,30.5,4.4,12.72,154.0,28.6,Normal
98.0,42.9,9.9,11.67,160.0,30.3,Warning
90.6,38.7,7.5,12.65,20.0,32.6,Normal
88.8,47.2,6.8,12.4,188.0,36.0,Normal
99.4,46.0,10.9,12.62,140.0,30.4,Normal
91.3,34.2,8.9,12.27,172.0,33.6,Normal
106.8,43.4,4.8,12.83,133.0,36.8,Normal
111.1,54.7,10.0,12.61,89.0,34.5,Warning
94.6,37.0,6.2,12.31,107.0,31.1,Normal
93.4,25.7,3.5,12.33,141.0,32.1,Warning
90.7,33.3,9.8,11.61,131.0,29.0,Warning
94.6,37.2,10.5,12.85,52.0,33.4,Normal
96.4,33.9,2.4,12.37,114.0,35.0,Critical
87.5,43.3,2.1,12.86,42.0,34.5,Critical
86.0,40.3,8.8,11.65,172.0,33.9,Warning
103.9,29.0,8.5,12.89,83.0,32.3,Normal
99.8,43.4,8.1,13.03,51.0,37.5,Normal
87.9,39.8,3.8,12.18,199.0,34.5,Warning
82.7,36.1,10.7,12.88,144.0,33.3,Normal
94.4,48.2,11.4,12.79,128.0,36.0,Normal
98.6,38.6,10.2,12.42,90.0,32.9,Normal
89.1,51.7,5.4,12.32,173.0,32.9,Normal
85.3,46.3,4.2,12.54,193.0,28.8,Normal
86.9,51.7,9.4,12.79,177.0,26.4,Warning
89.4,39.8,8.7,11.7,91.0,33.6,Warning
97.9,41.5,10.3,12.95,46.0,34.3,Normal
103.5,33.9,11.5,12.77,87.0,32.9,Normal
109.4,41.9,7.9,13.23,61.0,31.1,Warning
97.1,32.4,12.0,12.28,157.0,34.0,Normal
84.3,23.0,3.9,13.3,82.0,34.6,Warning
92.8,42.4,4.3,12.37,172.0,34.2,Normal
108.8,44.2,4.4,12.71,161.0,33.4,Warning
93.1,48.9,3.7,13.53,175.0,28.9,Warning
98.2,42.4,5.8,13.03,113.0,36.2,Normal
94.4,35.6,4.7,13.08,9.0,31.8,Normal
86.3,38.4,7.7,12.38,108.0,37.4,Normal
95.1,31.1,11.7,13.55,45.0,31.3,Normal
95.5,42.4,9.2,12.72,197.0,31.1,Normal
88.6,14.2,4.9,13.51,102.0,34.3,Critical
107.4,31.1,11.1,12.37,184.0,25.2,Warning
90.7,44.7,3.9,11.99,198.0,34.8,Warning
96.9,39.1,3.7,13.03,91.0,36.2,Warning
101.9,22.9,7.0,12.36,140.0,31.4,Warning
89.0,39.5,8.3,13.25,139.0,34.4,Normal
97.1,32.8,4.8,12.8,43.0,36.3,Normal
91.7,39.8,10.1,12.39,179.0,29.1,Normal
85.5,37.9,2.7,12.31,139.0,33.9,Warning
99.8,48.6,11.4,13.59,105.0,35.4,Normal
107.9,41.4,10.0,12.32,45.0,31.4,Normal
80.8,39.8,4.2,11.82,81.0,28.3,Warning
103.2,46.1,11.8,11.26,44.0,31.9,Critical
82.1,34.6,5.4,13.24,87.0,32.5,Normal
99.7,45.3,4.7,12.5,196.0,30.3,Normal
101.1,32.2,9.6,12.66,161.0,39.4,Normal
109.3,40.6,10.2,12.23,31.0,30.5,Warning
87.5,43.4,2.3,12.9,86.0,30.2,Critical
103.6,46.3,6.6,12.38,139.0,37.6,Normal
79.9,39.8,5.9,12.85,99.0,33.4,Warning
103.8,35.7,3.1,12.44,114.0,36.2,Warning
82.5,44.8,4.1,12.95,64.0,31.8,Normal
95.2,35.5,4.7,12.61,93.0,37.9,Normal
89.9,26.6,2.4,13.31,64.0,37.0,Critical
97.9,27.8,6.8,12.52,35.0,30.5,Normal
80.2,26.8,7.4,13.08,151.0,34.5,Normal
95.2,30.8,7.5,13.04,73.0,30.1,Normal
86.5,26.3,8.7,12.71,31.0,34.6,Normal
105.6,30.2,11.4,12.72,159.0,30.7,Normal
97.8,43.1,10.1,12.51,56.0,29.7,Normal
107.7,33.5,6.5,12.51,15.0,34.3,Normal
92.3,42.5,7.7,12.18,170.0,33.4,Normal
107.3,30.3,11.3,12.67,34.0,30.9,Normal
85.7,36.8,8.9,12.86,193.0,33.6,Normal
94.0,39.8,10.0,12.28,85.0,32.9,Normal
93.6,42.4,8.4,12.92,57.0,34.8,Normal
112.8,38.4,9.8,12.01,171.0,36.6,Warning
101.8,39.8,11.2,12.55,77.0,29.7,Normal
88.2,32.0,4.1,12.67,106.0,30.0,Normal
85.5,42.5,7.4,12.59,6.0,34.0,Normal
95.5,28.0,5.9,12.89,106.0,34.6,Normal
88.2,38.2,7.3,12.64,65.0,31.0,Normal
99.7,50.3,9.6,13.49,40.0,36.8,Normal
98.1,40.6,6.1,12.4,130.0,32.9,Normal
102.4,43.0,9.3,13.35,47.0,29.1,Normal
115.6,55.4,7.2,11.89,126.0,31.3,Warning
98.1,41.7,11.6,13.55,178.0,32.6,Normal
91.7,46.4,10.9,13.02,200.0,29.4,Normal
105.1,53.0,5.9,12.59,42.0,33.9,Normal
99.7,48.4,2.6,12.9,43.0,33.7,Warning
95.1,39.4,7.8,12.35,82.0,28.4,Normal
104.3,40.3,2.5,12.5,198.0,30.8,Warning
97.3,38.3,9.7,13.42,122.0,36.5,Normal
105.3,43.7,6.1,12.24,118.0,33.3,Normal
99.5,46.4,11.1,12.99,176.0,33.0,Normal
83.6,44.1,10.0,12.87,77.0,36.1,Normal
93.1,37.6,9.1,12.79,38.0,32.3,Normal
93.9,40.2,8.0,12.61,145.0,35.8,Normal
85.5,41.3,3.2,12.66,185.0,30.4,Warning
93.9,45.8,2.8,13.85,43.0,28.7,Warning
86.8,41.9,7.5,12.87,27.0,33.9,Normal
100.5,34.9,6.1,13.1,78.0,30.6,Normal
93.4,36.7,8.0,13.29,51.0,28.6,Normal
77.3,37.1,8.2,13.43,112.0,32.2,Normal
101.8,34.6,5.6,12.86,90.0,28.4,Normal
92.5,46.5,4.9,12.13,98.0,37.1,Normal
88.1,50.4,8.3,13.27,114.0,31.5,Normal
99.6,39.6,6.9,12.71,88.0,34.5,Normal
88.9,41.3,2.7,12.81,200.0,36.1,Warning
87.8,34.6,8.6,13.6,34.0,32.0,Normal
98.1,39.8,11.6,12.4,55.0,30.8,Normal
101.8,50.0,2.2,13.12,7.0,28.9,Critical
82.9,33.9,2.6,13.07,34.0,33.4,Warning
98.0,49.1,3.2,12.4,143.0,32.9,Warning
97.8,38.5,10.7,13.42,164.0,33.2,Normal
92.5,36.0,5.2,13.25,190.0,30.6,Normal
96.5,31.9,9.2,12.61,56.0,34.9,Normal
88.3,31.0,9.1,11.71,166.0,34.8,Warning
99.7,52.1,5.0,13.01,189.0,32.8,Normal
107.7,40.0,2.4,11.96,164.0,34.7,Critical
93.5,51.0,3.5,12.07,148.0,33.5,Warning
90.1,34.6,2.1,12.68,64.0,28.6,Critical
92.2,21.1,11.6,13.05,10.0,32.5,Warning
95.2,35.3,8.0,12.98,17.0,36.6,Normal
109.4,36.4,2.5,12.21,51.0,32.9,Critical
101.2,59.0,8.1,11.94,91.0,34.0,Warning
90.3,48.7,5.7,12.35,117.0,36.8,Normal
93.6,29.2,11.8,12.75,103.0,31.0,Normal
117.5,36.2,9.5,12.42,106.0,34.9,Warning
85.2,47.2,4.4,12.61,62.0,37.0,Normal
79.5,36.6,10.7,12.61,14.0,33.3,Normal
91.3,44.8,2.2,12.58,23.0,34.3,Critical
97.4,39.4,9.2,13.35,175.0,34.2,Normal
94.9,36.3,5.1,13.23,34.0,29.2,Normal
91.7,43.1,5.4,12.61,62.0,33.7,Normal
98.0,38.6,10.7,12.5,140.0,33.7,Normal
94.2,41.9,3.1,13.93,158.0,30.0,Warning
93.2,38.1,7.1,13.11,21.0,31.6,Normal
108.0,35.4,3.9,12.54,69.0,33.8,Warning
88.6,39.8,2.5,13.19,155.0,33.8,Warning
101.3,44.1,3.2,12.94,77.0,36.3,Warning
89.8,50.4,3.1,13.42,147.0,32.7,Warning
96.6,29.8,8.8,12.4,153.0,31.8,Normal
98.5,43.7,4.9,12.27,30.0,36.4,Normal
90.0,29.9,6.3,12.52,40.0,31.7,Normal
96.8,41.7,10.1,12.81,66.0,34.5,Normal
94.8,31.7,11.3,12.02,13.0,38.5,Normal
86.4,38.3,11.2,12.57,77.0,28.6,Normal
94.8,39.4,8.7,12.42,50.0,31.0,Normal
107.9,39.8,10.4,12.55,167.0,27.2,Warning
87.0,42.7,8.5,12.61,90.0,32.9,Normal
95.1,36.3,5.4,11.69,146.0,29.2,Warning
96.6,36.0,2.4,12.55,91.0,38.5,Critical
105.3,35.2,9.3,11.65,88.0,34.9,Warning
72.8,31.0,5.5,11.92,166.0,31.6,Warning
96.3,52.7,8.2,12.95,126.0,36.2,Normal
97.0,27.6,7.2,11.8,167.0,28.6,Warning
99.5,51.8,6.3,12.65,85.0,30.5,Normal
82.2,37.9,9.9,12.46,83.0,34.9,Normal
92.4,41.1,9.9,12.29,118.0,31.7,Normal
93.7,33.8,10.5,12.76,7.0,28.6,Normal
90.7,42.4,3.5,12.91,26.0,26.8,Warning
90.6,47.8,12.0,12.44,105.0,29.5,Normal
102.3,50.5,2.2,11.75,20.0,34.5,Critical
98.1,49.6,8.9,12.33,5.0,36.6,Critical
88.0,55.9,11.9,12.45,134.0,34.2,Normal
103.7,49.6,8.4,12.01,52.0,31.7,Normal
98.9,31.7,11.6,12.67,174.0,37.3,Normal
90.6,39.8,5.2,13.73,163.0,28.4,Normal
95.4,42.8,5.0,12.14,155.0,38.5,Normal
95.4,37.3,11.8,12.33,20.0,31.4,Normal
101.0,34.5,11.1,13.18,167.0,36.7,Normal
101.1,27.1,10.4,12.1,102.0,27.6,Warning
87.3,49.2,3.5,12.54,132.0,30.6,Warning
102.7,38.6,8.2,12.04,148.0,35.7,Normal
108.8,35.8,5.6,11.72,90.0,35.4,Warning
93.3,39.9,3.5,12.68,180.0,32.1,Warning
102.5,32.6,10.8,12.72,102.0,29.8,Normal
99.6,33.4,3.6,12.61,7.0,28.7,Warning
97.5,36.9,9.7,12.56,36.0,28.5,Normal
105.0,36.8,10.8,12.77,100.0,30.5,Normal
84.3,55.1,8.3,12.36,129.0,29.6,Normal
90.8,32.8,8.9,11.92,177.0,29.6,Warning
91.0,50.7,6.0,12.11,11.0,35.3,Normal
90.9,52.3,3.6,12.47,97.0,32.9,Warning
91.6,39.5,4.8,13.08,39.0,27.5,Warning
111.8,52.6,4.4,12.15,107.0,30.6,Warning
94.7,32.5,6.2,11.88,104.0,35.7,Warning
102.5,39.5,10.7,12.34,195.0,31.5,Normal
102.9,36.3,10.4,11.64,14.0,32.9,Warning
98.2,17.1,10.5,12.21,99.0,30.5,Critical
99.8,39.8,10.3,12.47,19.0,36.9,Normal
106.5,34.5,8.3,12.68,90.0,35.7,Normal
77.1,41.9,4.4,13.34,117.0,32.9,Normal
105.3,38.0,4.2,12.47,43.0,32.5,Normal
95.3,43.4,7.6,13.03,109.0,31.9,Normal
86.6,39.8,4.8,13.08,128.0,29.6,Normal
96.6,54.7,4.3,12.83,86.0,28.9,Normal
103.6,41.5,8.2,13.01,198.0,31.0,Normal
102.8,37.2,3.9,11.97,76.0,31.2,Normal
86.1,44.0,10.9,12.84,53.0,27.4,Warning
103.7,45.3,6.3,12.07,162.0,27.7,Warning
103.1,26.2,9.3,12.61,13.0,32.6,Normal
80.4,49.9,5.2,12.77,194.0,29.4,Normal
96.1,50.0,10.4,11.94,151.0,38.1,Warning
84.8,24.0,4.6,12.3,11.0,33.3,Warning
91.8,53.2,5.6,12.98,49.0,31.5,Normal
115.1,39.8,8.2,12.25,197.0,30.4,Warning
100.1,38.7,7.9,12.61,89.0,34.3,Normal
94.5,58.3,10.2,12.69,20.0,30.2,Normal
86.6,45.1,2.2,13.17,109.0,30.8,Critical
112.5,26.9,10.2,12.56,138.0,29.6,Warning
108.4,46.2,2.2,12.62,68.0,35.5,Critical
98.4,28.9,6.5,12.31,148.0,29.6,Normal
91.8,50.7,11.0,12.69,83.0,31.6,Normal
107.4,24.9,9.8,12.4,46.0,33.1,Warning
98.2,41.6,5.2,12.86,187.0,35.9,Normal
119.8,21.2,7.3,13.44,166.0,29.8,Normal
96.2,54.3,10.1,12.79,164.0,33.7,Normal
102.5,40.0,8.5,12.83,7.0,33.6,Normal
107.1,41.7,5.3,13.17,108.0,33.3,Normal
103.7,40.0,7.6,12.26,107.0,32.8,Normal
108.8,33.6,11.1,12.63,159.0,33.6,Warning
88.3,36.1,8.0,12.54,199.0,29.6,Normal
96.4,45.3,4.3,11.93,181.0,36.1,Warning
89.1,52.5,3.3,12.45,138.0,28.4,Warning
87.0,36.7,5.0,12.73,90.0,31.6,Normal
94.9,41.3,8.0,12.4,172.0,28.4,Normal
95.6,42.8,11.2,11.88,80.0,27.3,Warning
94.2,54.4,2.5,12.15,155.0,29.8,Warning
108.7,51.1,6.6,12.97,102.0,33.6,Warning
95.3,28.9,5.7,11.7,96.0,29.0,Warning
98.5,31.9,10.0,12.26,141.0,35.2,Normal
106.8,54.6,7.4,11.86,65.0,32.5,Warning
96.7,36.9,3.0,12.86,68.0,34.7,Warning
83.9,31.0,10.1,12.61,169.0,32.5,Normal
80.0,33.6,3.6,13.32,191.0,34.3,Warning
97.8,50.7,4.6,12.74,79.0,33.6,Normal
93.0,35.0,9.9,12.93,47.0,34.9,Normal
90.3,39.8,10.2,12.83,43.0,29.1,Normal
104.4,38.3,10.8,12.45,99.0,34.5,Normal
100.2,44.0,7.4,12.55,93.0,30.1,Normal
100.1,45.1,9.4,12.78,132.0,28.9,Normal
92.0,51.4,6.0,12.53,53.0,28.8,Normal
87.1,53.3,10.9,12.64,41.0,30.1,Normal
92.5,58.2,3.3,13.26,143.0,38.0,Warning
88.0,34.0,9.4,13.39,89.0,33.2,Normal
96.6,43.0,9.3,12.7,93.0,30.4,Normal
94.8,39.9,5.8,11.84,9.0,34.3,Warning
90.2,55.1,11.1,13.36,9.0,29.7,Normal
103.0,28.8,7.4,12.72,163.0,32.6,Normal
93.7,27.2,10.4,12.17,126.0,35.3,Normal
92.1,41.3,2.6,12.5,187.0,29.8,Warning
90.6,41.0,6.1,12.85,47.0,34.1,Normal
105.5,39.2,6.9,12.29,141.0,34.9,Normal
91.0,39.8,2.4,12.66,17.0,34.0,Critical
98.6,37.0,10.0,12.88,86.0,32.3,Normal
86.6,38.8,2.0,13.42,79.0,35.8,Critical
103.0,43.3,2.3,12.5,70.0,34.6,Critical
95.1,39.0,7.4,12.88,101.0,32.9,Normal
91.9,42.9,10.4,12.64,112.0,31.6,Normal
98.0,33.0,11.4,12.61,100.0,30.1,Normal
84.9,31.1,11.3,13.33,5.0,34.8,Normal
94.8,39.8,3.7,12.96,147.0,32.9,Warning
85.8,43.8,8.5,13.37,54.0,34.3,Normal
103.4,37.4,9.0,11.12,189.0,32.5,Critical
103.6,38.7,2.7,12.81,84.0,34.8,Warning
89.6,33.7,4.6,12.85,126.0,30.4,Normal
90.7,59.3,4.3,12.59,96.0,32.6,Normal
98.1,29.7,5.9,12.77,132.0,37.3,Normal
85.9,54.2,11.5,12.2,95.0,35.4,Normal
90.9,44.3,3.3,12.5,104.0,30.8,Normal
95.6,45.8,4.1,12.41,92.0,33.3,Normal
92.6,42.5,10.9,12.49,104.0,40.3,Warning
81.4,39.6,9.6,12.25,21.0,30.8,Normal
92.4,47.2,4.1,12.74,108.0,35.2,Normal
85.6,44.8,11.5,12.61,42.0,30.0,Normal
89.1,40.1,3.8,12.95,11.0,38.1,Warning
78.0,38.6,2.9,11.92,66.0,29.1,Warning
102.8,36.4,9.2,12.61,106.0,39.0,Warning
98.7,30.7,5.4,12.57,51.0,31.5,Normal
79.1,33.6,6.6,13.19,107.0,32.5,Normal
86.0,39.8,9.0,13.21,96.0,35.2,Normal
108.7,39.8,6.9,12.77,21.0,34.0,Warning
115.8,46.1,2.5,13.68,100.0,30.2,Warning
96.4,34.0,9.9,13.12,139.0,28.3,Normal
97.0,34.6,8.6,12.38,113.0,36.2,Normal
102.8,48.0,3.2,13.84,146.0,32.1,Warning
93.7,37.3,3.6,12.03,168.0,38.9,Warning
100.9,41.7,11.3,11.47,12.0,33.1,Warning
108.5,43.0,8.0,12.54,191.0,33.0,Warning
91.4,39.5,10.2,12.3,184.0,32.3,Normal
102.5,32.6,5.7,12.65,60.0,32.9,Normal
100.6,35.5,3.9,13.0,136.0,33.0,Warning
107.2,31.4,4.9,12.6,157.0,29.4,Normal
97.4,39.8,7.1,12.64,103.0,32.9,Normal
83.3,37.9,9.8,11.34,117.0,31.3,Warning
99.1,48.5,3.6,13.62,37.0,35.9,Warning
96.9,10.0,7.4,12.82,166.0,32.9,Critical
94.5,54.7,7.9,13.02,152.0,32.3,Normal
95.9,37.2,10.1,12.22,152.0,36.2,Normal
107.3,42.0,10.2,13.4,131.0,36.2,Normal
93.5,39.1,4.2,12.21,78.0,26.4,Warning
82.1,38.1,6.5,13.61,142.0,31.2,Normal
97.6,39.9,5.7,12.67,52.0,33.4,Normal
98.6,39.4,11.3,12.91,182.0,34.8,Normal
105.1,27.9,3.7,12.62,85.0,37.3,Warning
111.5,55.8,8.9,12.53,66.0,32.7,Warning
97.1,38.4,8.9,13.74,175.0,35.1,Normal
87.6,27.3,11.7,11.55,24.0,27.4,Warning
96.8,38.5,3.5,13.02,48.0,31.4,Warning
83.4,39.8,10.4,12.75,32.0,36.2,Normal
93.6,50.2,5.1,12.14,21.0,34.9,Normal
105.8,48.3,8.4,13.02,100.0,31.6,Normal
101.9,33.3,4.5,12.52,160.0,35.9,Normal
94.2,43.0,9.1,11.99,142.0,34.6,Warning
90.9,41.3,11.8,12.13,40.0,35.1,Normal
80.2,31.1,8.1,12.44,101.0,33.3,Normal
108.1,47.1,9.5,12.89,83.0,34.9,Warning
109.6,49.8,2.9,13.54,151.0,30.0,Warning
107.7,50.2,5.8,12.76,183.0,33.7,Warning
103.5,36.2,10.2,12.6,74.0,30.8,Normal
101.2,35.7,2.6,13.3,127.0,30.7,Normal
96.9,36.5,2.0,12.79,150.0,33.5,Critical
88.7,33.0,9.6,12.64,103.0,29.7,Normal
84.1,28.8,10.8,13.49,195.0,32.5,Normal
104.9,33.8,9.0,12.27,111.0,31.0,Normal
91.8,51.4,10.9,12.96,69.0,31.4,Normal
93.5,33.0,9.9,12.89,107.0,27.8,Warning
110.3,42.3,11.2,11.85,157.0,32.9,Warning
106.3,31.5,8.9,12.78,127.0,31.9,Normal
93.1,43.8,7.7,12.16,20.0,28.8,Normal
82.5,36.1,3.6,11.39,120.0,32.3,Warning
115.1,44.6,9.8,12.83,157.0,38.7,Warning
95.0,43.2,8.4,12.37,87.0,31.7,Normal
96.1,37.5,2.0,12.48,119.0,35.9,Critical
93.2,42.6,5.0,12.47,75.0,28.4,Normal
97.6,39.8,2.9,12.64,47.0,31.4,Warning
96.3,27.1,3.2,12.73,93.0,30.8,Warning
92.5,31.7,4.3,12.09,37.0,34.2,Normal
101.8,39.5,11.7,13.05,102.0,37.4,Normal
94.7,45.7,3.6,12.25,172.0,31.1,Warning
103.2,45.1,7.0,12.33,119.0,33.4,Normal
85.3,35.5,2.7,12.73,37.0,32.7,Warning
95.0,45.8,10.5,12.88,100.0,35.8,Warning
105.6,32.7,10.0,12.5,109.0,34.4,Normal
99.5,44.6,4.8,13.02,153.0,36.0,Normal
70.5,37.1,5.9,13.0,180.0,35.9,Warning
104.2,39.8,9.8,11.83,172.0,32.9,Warning
92.0,32.9,2.5,12.34,80.0,32.9,Warning
97.3,29.1,5.3,12.72,65.0,36.1,Normal
88.1,26.2,2.4,12.67,108.0,33.8,Critical
87.7,41.4,8.4,11.99,44.0,32.9,Warning
96.2,52.5,6.1,12.7,146.0,27.7,Warning
83.6,38.5,10.5,13.12,130.0,38.4,Normal
79.7,38.9,8.1,13.11,104.0,32.9,Normal
102.7,53.6,2.4,12.27,41.0,35.7,Critical
99.4,36.1,7.1,12.61,85.0,35.5,Normal
78.7,28.2,9.0,12.37,160.0,32.6,Normal
86.0,47.1,6.6,13.08,17.0,34.5,Normal
107.5,40.8,7.1,12.11,157.0,35.4,Normal
88.0,43.7,10.4,13.16,160.0,35.4,Normal
95.1,40.1,5.3,12.67,165.0,32.9,Normal
83.6,40.7,12.0,12.19,142.0,38.7,Normal
95.8,28.0,3.0,12.61,134.0,35.1,Warning
103.5,41.6,8.4,12.17,75.0,34.5,Normal
87.0,30.8,10.7,12.58,171.0,29.6,Normal
90.8,39.8,6.0,12.75,75.0,41.0,Warning
110.8,46.3,4.2,13.15,116.0,33.1,Warning
96.7,44.0,10.2,12.27,67.0,26.4,Warning
93.6,39.8,10.3,13.17,65.0,28.7,Normal
100.9,50.7,9.2,11.65,81.0,32.7,Warning
82.5,39.8,7.3,12.73,83.0,35.7,Normal
111.7,31.6,6.3,12.61,75.0,30.6,Warning
97.5,43.1,7.5,11.48,61.0,29.5,Warning
93.5,36.5,4.7,13.05,127.0,38.9,Normal
92.2,43.4,5.4,13.24,53.0,32.6,Normal
95.1,37.5,11.2,13.41,25.0,33.5,Normal
108.7,34.2,10.7,12.72,133.0,36.2,Warning
93.4,30.1,11.8,12.61,62.0,32.7,Normal
88.2,29.2,11.9,12.99,179.0,33.4,Normal
97.6,33.6,5.8,12.61,87.0,35.4,Warning
88.6,28.4,5.5,13.13,81.0,30.6,Normal
91.8,33.7,5.2,12.7,10.0,35.0,Normal
99.8,60.5,3.2,12.42,195.0,29.1,Warning
95.5,39.8,7.7,12.31,62.0,33.0,Normal
92.6,40.0,9.0,11.77,193.0,32.9,Warning
112.1,36.0,8.9,12.84,159.0,32.9,Warning
92.6,43.7,8.1,11.49,130.0,32.5,Warning
98.3,49.0,9.8,12.81,197.0,37.2,Normal
103.2,38.1,8.3,11.4,194.0,33.8,Warning
106.2,41.3,7.6,12.36,31.0,29.2,Normal
103.9,35.1,7.0,12.8,66.0,31.3,Normal
101.3,49.1,6.8,12.78,174.0,30.2,Normal
90.7,42.2,2.2,12.13,196.0,32.9,Critical
97.0,37.7,6.8,12.41,122.0,32.3,Normal
99.8,50.6,7.8,13.5,78.0,36.5,Normal
86.8,40.1,9.4,12.65,81.0,30.0,Normal
94.8,44.4,6.6,12.97,124.0,31.1,Normal
102.0,43.2,7.6,11.74,125.0,37.3,Warning
87.2,38.4,10.3,11.98,27.0,30.1,Warning
90.7,30.8,4.3,12.61,69.0,35.1,Normal
88.6,37.1,4.9,12.54,89.0,35.5,Critical
100.1,35.7,7.0,12.62,154.0,30.8,Normal
95.1,26.6,4.3,13.32,100.0,29.0,Normal
98.5,34.5,8.3,12.86,198.0,28.3,Normal
99.7,37.0,3.4,13.12,99.0,33.4,Warning
95.8,43.2,10.8,13.09,132.0,32.2,Normal
95.1,38.1,7.5,12.38,35.0,30.8,Normal
101.5,42.6,5.9,12.34,175.0,34.5,Normal
103.7,42.2,4.9,12.34,82.0,34.6,Normal
107.3,35.6,5.4,12.04,82.0,31.3,Normal
97.2,30.1,12.0,11.95,191.0,32.9,Warning
92.8,27.4,3.6,12.75,40.0,31.0,Warning
86.6,40.0,8.9,12.59,132.0,28.7,Normal
108.6,46.2,5.4,12.87,185.0,25.0,Warning
104.3,36.6,7.5,12.99,119.0,31.1,Normal
98.4,32.1,6.4,12.56,123.0,31.3,Normal
79.2,42.9,6.8,12.57,112.0,34.7,Normal
85.9,45.7,5.1,12.61,89.0,31.6,Warning
106.0,43.8,11.7,13.48,193.0,34.3,Normal
92.6,35.5,9.8,13.34,58.0,33.3,Warning
93.6,39.0,5.1,13.06,21.0,32.9,Normal
89.9,37.8,8.0,13.18,196.0,34.2,Normal
93.5,44.1,4.2,12.86,128.0,34.6,Normal
101.9,42.2,3.6,11.95,16.0,33.5,Warning
80.1,46.1,10.2,13.38,89.0,29.7,Normal
98.5,41.5,2.4,13.33,198.0,30.6,Critical
99.7,42.3,9.3,12.61,50.0,33.8,Normal
99.5,54.5,8.2,12.88,63.0,31.2,Normal
79.7,37.1,9.5,13.58,34.0,32.9,Normal
93.3,44.7,5.8,12.65,39.0,30.3,Normal
103.8,40.1,10.9,12.58,137.0,35.1,Normal
102.8,45.7,10.8,12.41,68.0,36.9,Normal
81.8,35.9,4.2,12.19,115.0,29.7,Normal
87.8,32.9,6.1,13.0,95.0,30.5,Normal
101.9,38.6,6.2,12.17,62.0,36.3,Normal
97.4,39.7,5.9,11.9,12.0,30.3,Warning
87.3,44.6,11.8,13.06,33.0,34.9,Normal
99.6,29.9,3.9,12.41,122.0,33.7,Warning
88.9,42.5,6.6,13.23,10.0,32.9,Normal
91.2,43.4,6.8,12.9,103.0,34.0,Normal
101.5,43.4,7.9,13.06,104.0,30.0,Normal
76.2,55.4,9.9,11.95,47.0,39.2,Warning
80.9,34.0,11.6,12.97,48.0,25.3,Warning
93.3,35.9,8.4,12.2,21.0,27.1,Warning
81.0,40.2,5.8,11.69,105.0,36.8,Warning
86.9,50.2,10.8,13.01,160.0,32.9,Normal
87.5,36.9,5.5,11.98,137.0,30.8,Warning
86.8,40.4,2.7,11.62,165.0,26.8,Warning
99.4,32.8,5.0,12.47,194.0,34.0,Normal
91.4,37.5,10.2,12.77,83.0,30.8,Normal
100.5,39.8,11.2,12.6,72.0,38.0,Normal
87.1,37.5,7.9,12.87,147.0,33.0,Normal
95.4,27.8,7.8,12.79,38.0,34.7,Normal
91.9,45.7,3.0,13.33,65.0,30.4,Warning
87.9,22.5,7.3,12.46,131.0,31.8,Warning
91.3,39.8,5.6,12.77,121.0,34.2,Normal
86.7,40.9,10.1,13.03,83.0,32.8,Normal
88.7,40.2,9.7,12.75,109.0,32.9,Normal
104.5,32.1,9.6,12.61,41.0,31.8,Normal
83.2,29.5,11.0,13.22,28.0,31.8,Normal
105.6,41.8,11.1,12.05,102.0,32.3,Normal
101.5,36.7,9.5,13.55,26.0,29.5,Normal
93.8,37.8,6.7,12.35,169.0,28.9,Normal
92.6,53.5,10.6,12.35,68.0,32.7,Normal
100.4,44.5,9.0,13.55,38.0,32.9,Normal
86.3,35.3,10.3,12.03,88.0,35.1,Normal
88.8,52.4,6.8,12.48,119.0,36.8,Critical
97.3,42.8,10.1,12.48,24.0,36.2,Normal
95.3,37.6,8.9,12.56,142.0,33.1,Normal
86.2,30.5,6.4,12.28,82.0,33.9,Normal
98.6,42.4,8.1,12.44,144.0,33.7,Normal
108.2,32.4,8.5,13.21,19.0,29.6,Warning
99.4,39.9,4.3,12.61,106.0,30.7,Normal
87.7,37.6,3.3,12.61,87.0,34.3,Warning
97.5,27.7,11.6,13.03,26.0,33.2,Normal
84.6,44.3,11.8,13.42,25.0,32.9,Normal
94.5,48.8,8.4,13.28,175.0,36.0,Normal
104.2,27.6,7.3,12.17,97.0,37.6,Normal
89.5,36.1,9.6,13.45,116.0,34.2,Normal
106.8,41.0,8.6,12.73,55.0,31.4,Normal
107.1,35.5,3.6,12.1,100.0,28.5,Warning
85.9,35.0,6.6,12.85,185.0,34.9,Normal
98.2,60.9,6.1,12.22,96.0,29.2,Normal
98.9,38.1,2.2,11.76,134.0,36.0,Critical
99.4,32.3,8.8,13.06,129.0,32.4,Normal
100.8,32.0,10.5,12.87,95.0,30.5,Normal
80.3,35.1,4.4,13.16,187.0,28.1,Normal
90.7,46.0,8.5,12.61,73.0,33.4,Normal
93.8,19.0,2.9,12.52,72.0,32.9,Warning
90.7,41.2,7.8,13.31,67.0,34.9,Normal
97.6,41.1,5.9,12.64,26.0,34.2,Normal
94.3,50.9,5.8,12.81,61.0,28.2,Normal
102.5,33.2,4.8,12.42,12.0,35.2,Normal
99.9,32.8,7.0,12.68,38.0,36.1,Normal
110.3,44.0,8.1,12.94,182.0,33.5,Warning
98.2,48.5,4.4,12.73,66.0,33.2,Normal
101.6,37.6,8.3,12.0,42.0,30.9,Normal
101.4,48.2,10.8,13.08,5.0,35.7,Normal
105.2,35.6,2.2,12.34,154.0,32.9,Critical
96.9,36.0,7.1,12.53,115.0,31.2,Normal
97.6,39.3,5.4,13.02,107.0,37.2,Normal
106.1,37.8,6.8,12.61,121.0,31.9,Normal
101.9,48.2,2.1,12.28,126.0,34.2,Critical
93.6,42.1,8.3,12.61,114.0,34.2,Normal
91.5,44.2,9.8,12.57,140.0,33.2,Normal
83.5,39.8,5.0,12.4,30.0,35.0,Normal
88.2,51.6,4.4,12.33,68.0,32.9,Normal
96.5,36.1,3.0,13.08,140.0,35.2,Warning
83.7,35.3,6.9,12.84,64.0,36.3,Warning
86.7,38.6,11.3,13.15,79.0,34.6,Normal
95.3,39.8,5.6,12.59,169.0,31.1,Normal
99.3,30.4,8.1,12.68,89.0,30.5,Normal
99.9,31.6,5.4,12.78,22.0,34.4,Normal
91.2,42.7,2.9,11.64,61.0,31.1,Warning
92.9,26.0,4.7,12.94,67.0,31.2,Normal
109.4,41.3,5.6,12.86,134.0,30.3,Warning
87.2,42.1,6.8,12.7,123.0,34.1,Normal
94.4,49.0,4.6,12.51,146.0,32.2,Normal
102.5,39.7,2.1,12.57,100.0,27.8,Critical
91.1,33.1,10.8,12.37,50.0,34.3,Normal
101.2,41.1,6.9,12.41,41.0,35.2,Normal
87.7,46.4,5.4,13.16,149.0,32.0,Normal
83.0,47.3,2.6,12.87,103.0,31.3,Warning
106.0,49.6,9.2,11.67,200.0,35.4,Warning
77.9,43.8,3.6,12.97,168.0,31.6,Warning
96.6,46.4,11.0,12.33,16.0,30.9,Normal
102.2,31.8,3.4,13.0,14.0,36.2,Warning
83.9,43.1,11.8,13.02,100.0,35.0,Normal
84.7,45.6,9.8,13.03,93.0,30.7,Normal
94.2,37.9,2.7,12.66,192.0,30.7,Warning
92.0,51.1,11.3,12.4,101.0,30.8,Normal
93.0,52.2,8.8,12.14,111.0,33.0,Normal
92.1,52.1,8.0,13.28,64.0,29.3,Normal
103.2,44.4,6.2,12.18,16.0,26.0,Warning
91.1,31.2,11.3,12.21,189.0,28.1,Normal
103.5,52.2,3.9,13.11,172.0,30.2,Warning
100.7,42.2,5.8,12.16,139.0,28.2,Normal
86.8,56.2,3.4,12.84,51.0,29.8,Warning
101.3,39.9,9.4,12.21,119.0,36.4,Normal
97.5,41.5,8.6,12.75,175.0,32.9,Normal
110.8,28.9,8.0,12.44,131.0,29.0,Warning
84.3,51.2,8.8,11.62,111.0,35.8,Warning
85.2,48.9,7.2,13.34,180.0,27.9,Critical
93.7,55.4,2.6,11.76,139.0,33.0,Warning
88.5,35.3,10.5,12.31,137.0,32.8,Normal
92.0,39.8,11.3,11.93,155.0,30.7,Warning
83.7,21.1,4.7,13.14,145.0,35.2,Warning
114.0,47.7,9.5,13.52,65.0,33.2,Warning
77.5,39.5,7.6,13.29,159.0,28.2,Normal
94.5,41.9,4.2,13.23,162.0,27.8,Warning
105.5,48.2,8.6,13.61,178.0,32.7,Normal
98.0,37.2,7.7,12.71,19.0,35.7,Normal
96.9,36.9,2.4,12.61,162.0,36.9,Critical
109.0,36.1,7.9,13.6,10.0,32.9,Warning
94.5,34.9,5.8,12.46,151.0,33.5,Normal
90.7,40.0,4.6,12.82,80.0,35.6,Normal
105.6,39.6,11.0,12.31,68.0,35.9,Normal
94.9,46.4,7.7,13.06,61.0,38.5,Critical
84.4,41.1,3.7,13.28,8.0,32.8,Warning
100.7,44.5,2.3,12.72,141.0,33.5,Warning
96.6,49.3,9.0,14.09,40.0,38.7,Normal
92.1,33.0,3.5,12.86,8.0,35.0,Warning
97.6,33.9,7.4,12.24,143.0,31.6,Normal
100.6,38.4,5.0,12.86,112.0,35.3,Normal
100.3,39.5,5.5,13.19,181.0,31.0,Normal
89.4,55.2,2.2,13.1,200.0,32.1,Critical
106.5,29.8,2.2,12.14,123.0,34.8,Critical
96.0,39.8,5.9,12.76,42.0,34.1,Normal
107.3,39.8,6.6,12.23,95.0,26.9,Warning
102.1,33.4,11.3,12.88,173.0,33.0,Normal
101.2,25.9,9.2,12.95,54.0,37.5,Normal
84.4,38.3,5.8,13.07,190.0,37.3,Normal
103.2,47.2,2.6,12.86,147.0,30.9,Warning
97.3,39.2,8.5,13.13,31.0,34.3,Normal
101.2,43.3,11.9,12.47,27.0,31.9,Normal
102.2,35.8,3.5,13.25,69.0,38.5,Warning
92.9,43.8,7.6,11.96,27.0,31.4,Warning
97.9,42.7,12.0,12.19,9.0,29.0,Normal
89.7,45.8,4.8,12.39,197.0,29.6,Normal
87.3,44.5,2.9,12.36,92.0,30.8,Warning
99.1,39.8,2.9,11.69,155.0,29.5,Normal
90.7,50.6,8.2,12.61,102.0,35.9,Normal
96.0,49.9,11.9,13.45,85.0,36.1,Normal
97.4,35.6,10.3,12.44,168.0,31.4,Normal
102.3,25.4,11.8,12.39,189.0,33.1,Normal
93.0,30.3,10.3,12.93,121.0,34.5,Normal
111.8,29.6,9.7,12.61,55.0,29.3,Warning
86.4,38.6,5.9,12.54,92.0,30.1,Normal
83.3,57.7,2.6,12.61,32.0,34.4,Warning
87.3,46.9,4.9,12.3,99.0,37.6,Normal
107.8,38.8,9.8,12.93,100.0,33.7,Normal
101.1,36.5,11.1,12.0,90.0,34.8,Normal
96.4,38.6,11.1,12.61,100.0,33.1,Normal
94.0,42.5,10.6,12.6,166.0,28.3,Normal
105.3,39.7,5.5,12.19,105.0,38.5,Normal
85.0,31.6,6.8,12.55,73.0,30.3,Normal
97.7,47.0,6.4,13.63,196.0,30.5,Normal
105.3,38.7,2.5,11.96,134.0,25.4,Critical
100.7,38.5,10.1,12.61,37.0,33.9,Normal
104.6,52.7,11.2,12.91,57.0,30.8,Normal
84.5,48.7,8.2,12.05,54.0,34.3,Normal
94.2,32.0,7.6,12.59,27.0,33.5,Normal
90.3,37.2,2.1,12.78,98.0,36.8,Critical
96.6,37.1,6.7,13.17,175.0,33.3,Normal
106.6,39.6,3.1,13.15,150.0,32.7,Warning
85.3,42.6,5.0,12.53,171.0,32.3,Normal
83.7,50.3,5.6,11.87,28.0,38.9,Warning
99.3,28.6,10.7,11.71,58.0,32.9,Warning
98.1,37.2,2.2,12.26,143.0,36.7,Critical
84.8,19.0,4.0,12.23,98.0,34.4,Warning
100.4,54.8,5.9,12.46,10.0,35.3,Normal
81.7,42.0,4.5,12.18,197.0,31.9,Normal
85.5,39.1,3.9,12.14,129.0,31.2,Warning
105.3,39.9,11.6,12.03,20.0,31.1,Normal
99.1,30.5,3.8,12.14,110.0,32.6,Warning
88.6,36.4,3.2,12.97,177.0,31.8,Warning
91.9,60.6,11.1,12.03,90.0,27.7,Warning
110.3,44.6,10.2,12.61,11.0,34.3,Warning
104.6,31.1,9.3,12.36,59.0,33.5,Normal
96.7,38.2,11.2,13.37,153.0,33.7,Normal
99.2,28.9,3.8,12.44,174.0,33.7,Warning
101.3,45.6,7.5,12.06,146.0,33.1,Normal
89.7,40.0,2.5,13.34,142.0,35.0,Critical
98.0,33.6,10.4,12.58,33.0,33.4,Normal
106.0,36.2,2.7,13.35,105.0,30.1,Warning
95.9,36.8,8.2,11.6,86.0,31.2,Warning
103.1,24.3,3.7,12.2,6.0,35.6,Warning
96.8,36.0,2.4,12.04,128.0,28.0,Critical
91.5,48.3,8.2,12.03,182.0,32.9,Normal
80.5,64.4,11.0,12.44,73.0,32.4,Normal
102.2,41.3,11.6,12.97,96.0,36.7,Normal
92.3,53.3,8.7,12.6,64.0,32.0,Normal
87.1,35.5,3.4,13.52,104.0,26.1,Warning
97.3,45.1,7.3,12.61,168.0,37.3,Normal
102.4,44.7,7.0,12.17,151.0,31.6,Normal
90.3,25.9,7.7,12.17,25.0,34.6,Normal
79.5,38.1,7.2,12.36,67.0,31.7,Normal
105.0,40.3,9.6,12.56,200.0,38.1,Normal
109.9,41.0,10.3,12.67,133.0,38.1,Warning
100.1,33.9,10.0,12.63,187.0,34.9,Normal
103.6,53.3,10.5,13.17,95.0,34.2,Normal
79.6,28.2,10.4,12.89,193.0,29.1,Normal
88.4,29.6,7.3,12.68,74.0,30.3,Normal
102.5,48.4,11.0,12.74,48.0,28.8,Normal
98.6,29.7,2.9,13.69,87.0,32.0,Warning
89.8,34.5,7.1,11.62,192.0,34.3,Warning
100.3,52.3,10.6,12.36,105.0,35.5,Normal
104.1,53.9,6.2,13.25,104.0,35.3,Normal
95.7,39.8,6.1,12.49,14.0,33.4,Warning
88.8,29.3,9.8,12.99,102.0,32.9,Normal
92.3,28.8,10.9,13.53,91.0,31.4,Normal
82.9,39.1,6.3,12.96,39.0,32.2,Normal
88.9,36.1,5.6,12.48,151.0,33.6,Normal
103.8,45.9,2.0,12.37,78.0,32.9,Critical
95.2,48.8,7.1,13.21,117.0,35.9,Normal
88.4,36.0,5.4,13.1,124.0,34.2,Normal
97.0,32.8,11.8,12.95,113.0,32.2,Normal
104.4,40.6,6.0,12.54,118.0,36.0,Normal
84.4,38.5,3.4,12.66,5.0,34.1,Warning
103.2,40.1,5.8,13.25,56.0,24.1,Warning
98.4,37.4,11.9,11.61,185.0,30.7,Warning
92.9,51.4,5.4,12.85,59.0,29.7,Normal
103.6,37.7,5.3,12.22,64.0,29.7,Normal
115.3,35.1,4.2,13.01,21.0,35.4,Normal
96.9,44.2,3.7,13.11,157.0,29.0,Warning
82.4,40.0,4.8,13.01,112.0,37.1,Normal
105.2,45.7,8.2,12.39,85.0,31.8,Normal
81.1,36.8,10.8,13.2,184.0,30.1,Normal
98.2,31.8,2.8,12.92,113.0,32.3,Warning
100.3,37.0,6.1,12.62,120.0,34.6,Normal
90.2,39.8,2.2,12.24,49.0,29.2,Critical
100.1,48.7,2.8,12.43,168.0,35.5,Warning
109.1,38.1,2.5,13.34,183.0,32.8,Critical
108.5,29.0,8.0,12.47,148.0,26.9,Warning
82.7,35.2,10.7,12.03,88.0,35.4,Critical
106.9,39.9,6.6,13.12,157.0,26.6,Warning
101.3,34.2,3.6,12.45,21.0,32.4,Warning
78.7,40.7,5.7,12.22,21.0,33.5,Normal
86.0,38.3,8.0,12.79,168.0,34.6,Normal
100.4,30.1,8.4,13.21,85.0,32.2,Normal
105.3,34.1,3.6,12.26,174.0,30.1,Warning
98.4,47.5,8.3,12.9,178.0,36.7,Normal
87.7,35.0,6.2,12.49,66.0,30.9,Normal
91.3,33.0,10.5,13.11,189.0,30.2,Normal
94.2,36.0,6.4,13.32,107.0,32.8,Normal
79.4,31.7,11.3,12.4,44.0,32.9,Normal
85.5,32.7,8.2,12.27,185.0,31.3,Normal
97.4,36.3,3.1,12.61,72.0,33.4,Warning
93.0,39.8,7.7,12.18,178.0,33.6,Normal
99.9,43.2,8.8,12.08,46.0,33.1,Normal
104.8,37.6,8.8,12.76,87.0,35.3,Normal
116.0,55.0,8.4,12.53,124.0,38.1,Warning
89.9,38.2,9.1,12.61,118.0,32.7,Normal
99.6,25.0,8.5,12.1,197.0,36.3,Normal
106.1,49.3,4.8,12.98,179.0,32.0,Normal
99.8,37.6,7.4,13.0,11.0,42.2,Warning
102.0,33.7,6.6,13.23,132.0,30.2,Normal
90.4,57.9,3.3,11.96,27.0,29.1,Warning
107.1,40.8,2.0,12.44,166.0,30.6,Critical
91.6,36.6,6.1,13.35,102.0,32.9,Normal
101.0,36.1,2.2,12.65,41.0,31.0,Critical
92.9,44.9,10.2,13.14,150.0,35.0,Normal
94.9,33.8,2.1,12.58,84.0,36.3,Critical
95.2,42.7,2.7,12.81,71.0,30.2,Warning
92.9,41.7,2.9,13.78,57.0,33.4,Warning
91.4,52.2,5.5,13.13,78.0,35.1,Normal
86.0,30.7,4.9,12.1,152.0,26.9,Warning
97.5,32.4,11.4,11.79,63.0,31.1,Warning
105.2,40.0,9.3,12.15,186.0,38.4,Normal
87.7,44.2,5.9,12.22,62.0,28.6,Normal
102.2,53.0,2.1,12.24,33.0,34.8,Critical
109.2,40.0,5.9,12.7,92.0,27.0,Warning
97.6,49.2,3.3,12.53,182.0,34.7,Warning
96.8,36.6,9.8,12.4,14.0,33.2,Normal
90.4,62.4,6.2,12.28,157.0,36.4,Normal
110.3,32.8,9.2,12.18,142.0,28.0,Warning
99.0,31.4,8.7,12.33,84.0,31.1,Normal
95.7,39.8,3.8,12.32,196.0,31.5,Warning
89.4,49.8,9.4,12.61,97.0,29.5,Warning
103.2,51.8,5.5,12.55,160.0,36.3,Normal
94.3,41.8,10.9,13.45,9.0,25.6,Warning
89.0,22.9,6.9,13.21,130.0,34.4,Warning
99.2,28.7,6.6,13.21,69.0,35.1,Normal
96.2,30.0,6.0,12.96,33.0,34.3,Normal
86.9,55.8,11.4,12.93,37.0,30.2,Normal
102.3,35.5,6.1,11.76,36.0,34.9,Warning
101.9,41.6,11.3,12.89,116.0,35.4,Normal
103.0,40.1,2.0,12.55,190.0,31.7,Critical
98.7,43.8,12.0,13.02,73.0,32.8,Normal
89.1,38.6,7.9,13.55,168.0,39.0,Normal
98.0,39.8,11.3,11.77,120.0,34.5,Warning
99.2,42.2,5.6,12.88,106.0,36.3,Normal
86.5,35.9,4.5,12.38,168.0,36.5,Normal
90.7,44.4,9.9,12.61,70.0,34.0,Warning
105.3,39.8,6.2,12.83,9.0,33.8,Normal
100.6,57.5,7.7,13.09,170.0,32.9,Normal
96.3,27.8,5.0,12.55,49.0,28.8,Normal
92.8,51.0,5.6,13.46,114.0,30.6,Normal
94.5,42.8,6.3,13.61,157.0,32.2,Normal
90.6,65.0,8.9,13.04,170.0,31.9,Normal
96.2,21.8,5.6,12.82,156.0,30.4,Warning
100.0,40.8,3.1,12.93,144.0,34.6,Warning
101.1,40.4,8.0,12.63,158.0,33.3,Normal
93.1,55.4,9.8,12.72,144.0,34.9,Normal
102.8,39.8,2.8,12.0,112.0,37.2,Warning
101.5,39.8,3.8,12.14,14.0,32.0,Warning
102.9,52.4,3.8,12.97,26.0,35.9,Warning
95.5,37.5,7.4,11.73,121.0,31.7,Warning
100.6,47.0,2.9,12.81,180.0,36.7,Warning
99.2,41.2,5.9,12.52,91.0,36.4,Normal
107.8,34.4,11.9,12.05,119.0,30.0,Normal
94.8,33.6,6.4,12.82,125.0,34.7,Normal
85.3,42.2,9.0,12.11,182.0,36.1,Normal
86.6,39.8,5.4,12.61,9.0,28.1,Normal
87.8,45.5,8.1,11.74,44.0,31.4,Warning
100.1,37.2,2.8,13.29,126.0,34.4,Warning
96.5,43.5,4.4,13.02,72.0,32.4,Normal
97.2,37.8,12.0,12.0,169.0,31.2,Normal
86.3,43.1,8.3,12.32,22.0,30.8,Normal
97.7,34.6,9.5,12.37,71.0,28.7,Normal
84.3,39.8,11.4,12.64,132.0,37.3,Normal
87.3,44.2,6.5,13.09,100.0,27.6,Warning
99.1,34.4,9.5,12.42,132.0,32.9,Normal
105.3,33.9,5.3,12.42,64.0,45.0,Warning
93.9,26.9,5.8,13.1,156.0,27.8,Warning
82.3,48.5,3.4,12.5,141.0,34.1,Warning
88.1,52.2,9.3,11.87,189.0,25.1,Warning
104.3,41.4,9.2,13.08,84.0,27.6,Warning
81.5,47.2,2.7,12.0,102.0,30.2,Warning
87.0,42.8,9.2,12.13,176.0,34.1,Normal
89.8,40.6,11.2,12.14,50.0,34.1,Normal
90.0,29.5,3.9,12.61,37.0,32.3,Warning
106.6,26.7,4.5,12.61,38.0,39.5,Normal
90.7,32.0,11.1,12.93,31.0,32.9,Normal
83.0,45.8,5.0,12.08,30.0,32.0,Normal
83.3,36.9,11.1,12.72,59.0,35.0,Normal
79.0,37.7,8.3,12.25,189.0,32.5,Normal
103.1,31.1,8.2,12.31,182.0,31.4,Normal
105.3,39.8,8.0,12.23,20.0,26.0,Warning
111.6,56.8,10.2,13.38,35.0,33.4,Warning
87.8,40.7,3.3,12.61,113.0,33.9,Warning
108.8,39.8,2.1,13.24,155.0,31.3,Critical
106.1,50.9,4.8,13.73,47.0,31.8,Normal
91.6,33.6,4.3,11.73,35.0,37.9,Warning
91.9,52.0,6.1,12.62,66.0,30.7,Normal
86.8,27.0,7.7,13.18,189.0,29.7,Normal
91.5,30.0,4.2,12.38,24.0,28.4,Normal
98.3,35.4,7.5,12.6,112.0,37.5,Normal
87.2,39.2,4.2,12.61,32.0,28.6,Normal
98.7,38.0,3.2,12.78,21.0,31.7,Warning
99.4,44.0,3.1,13.01,52.0,34.6,Warning
86.7,51.1,7.3,12.21,50.0,32.9,Normal
111.3,41.2,4.2,12.26,41.0,36.6,Warning
94.0,37.1,9.5,12.61,40.0,39.1,Normal
93.6,46.2,8.8,12.36,113.0,33.5,Normal
99.4,39.8,11.4,12.01,73.0,32.6,Normal
109.8,36.2,7.4,13.11,15.0,32.4,Warning
94.8,38.1,6.9,12.0,23.0,35.0,Warning
90.7,48.8,10.4,13.28,118.0,33.9,Normal
111.4,43.0,3.4,11.48,58.0,34.4,Warning
94.9,55.9,3.6,12.05,83.0,31.6,Warning
102.4,45.8,11.9,11.28,30.0,32.7,Critical
101.0,39.5,5.5,12.18,34.0,33.8,Normal
94.6,53.8,4.2,12.18,109.0,35.1,Normal
74.0,40.1,7.4,11.9,10.0,35.3,Warning
87.0,35.9,4.5,12.22,185.0,26.2,Warning
88.1,36.7,11.0,12.95,75.0,30.3,Normal
104.9,39.6,9.8,13.02,157.0,34.1,Normal
86.8,37.2,5.3,11.82,37.0,27.2,Normal
91.2,30.1,3.3,12.24,25.0,36.8,Warning
87.7,46.8,9.9,12.06,54.0,32.9,Normal
95.2,45.2,7.2,11.59,174.0,31.9,Warning
107.9,47.1,6.4,12.52,40.0,34.2,Normal
100.6,25.5,2.4,12.35,28.0,30.4,Critical
93.5,43.2,8.2,13.32,150.0,33.5,Normal
98.2,35.6,3.8,13.03,189.0,35.7,Warning
94.5,28.6,7.2,12.64,138.0,26.5,Warning
90.7,57.3,2.0,13.24,80.0,29.7,Critical
108.9,40.1,3.0,12.71,9.0,32.6,Warning
113.2,41.7,5.8,12.32,188.0,33.1,Warning
96.6,26.2,9.3,12.26,79.0,32.5,Normal
92.2,38.4,5.8,12.94,63.0,29.2,Normal
88.4,35.8,10.9,11.48,173.0,29.8,Normal
83.4,31.5,10.9,13.05,145.0,33.6,Normal
93.2,33.8,5.6,12.58,178.0,30.1,Normal
97.0,32.8,3.1,13.16,165.0,31.9,Warning
100.0,20.9,10.4,12.5,121.0,34.2,Warning
97.4,41.4,9.9,12.68,146.0,30.5,Normal
89.2,39.8,2.3,12.65,122.0,33.2,Critical
93.4,28.6,10.2,12.7,59.0,32.8,Normal
85.7,43.7,8.7,12.45,172.0,36.1,Normal
93.4,51.3,9.2,13.25,31.0,34.4,Normal
101.7,35.0,4.3,12.7,147.0,34.2,Normal
92.8,51.7,9.3,12.52,141.0,31.4,Normal
100.3,32.0,5.2,13.08,190.0,34.4,Normal
94.7,34.9,9.5,13.19,68.0,32.3,Normal
91.8,49.5,4.1,13.0,198.0,30.4,Normal
97.4,32.8,7.3,11.65,46.0,30.3,Warning
87.1,33.5,11.7,12.83,84.0,29.7,Normal
88.4,50.3,5.9,12.71,125.0,36.0,Normal
94.9,38.5,8.2,12.35,132.0,31.2,Normal
87.6,28.9,9.6,12.85,44.0,39.4,Normal
79.9,44.4,3.7,12.57,174.0,40.4,Warning
101.2,48.9,9.0,12.52,128.0,34.0,Normal
90.8,34.9,7.1,12.95,153.0,33.8,Normal
94.1,38.1,9.5,12.81,188.0,34.7,Normal
93.5,40.8,6.5,12.15,123.0,27.3,Warning
95.4,22.3,9.3,12.3,34.0,35.7,Warning
91.1,46.0,3.0,12.8,83.0,35.2,Warning
96.8,38.7,3.4,12.65,140.0,28.4,Warning
108.7,44.0,6.0,13.11,141.0,32.4,Warning
101.5,39.0,11.1,12.9,160.0,32.9,Critical
97.4,39.8,10.1,12.42,111.0,35.0,Normal
111.1,38.6,11.2,12.67,39.0,25.4,Warning
91.9,24.0,9.8,12.64,115.0,35.2,Warning
95.4,46.6,4.3,12.68,133.0,34.6,Normal
104.4,28.8,5.3,13.66,34.0,32.0,Normal
95.4,38.3,5.2,13.33,199.0,29.4,Normal
93.4,43.1,10.1,12.85,197.0,31.2,Normal
89.7,34.7,8.2,12.39,95.0,32.9,Normal
101.7,38.6,2.3,12.2,100.0,29.3,Critical
93.1,49.5,9.4,12.44,171.0,34.2,Normal
99.9,41.4,9.2,13.07,96.0,39.2,Normal
92.4,31.2,8.0,13.14,190.0,31.7,Normal
85.7,25.8,5.3,12.98,62.0,29.0,Normal
86.7,30.4,11.6,12.2,69.0,37.7,Normal
92.0,20.6,5.2,12.11,143.0,35.9,Warning
99.1,50.4,2.9,12.42,62.0,30.0,Warning
98.9,47.1,8.2,13.14,72.0,35.9,Normal
100.5,55.1,6.5,12.53,93.0,32.0,Normal
86.3,48.1,3.0,11.27,159.0,30.7,Critical
103.4,45.5,5.2,12.15,59.0,37.4,Normal
108.0,43.2,6.4,12.23,145.0,31.0,Warning
92.0,38.4,7.3,12.02,130.0,29.4,Normal
104.5,43.5,4.7,13.79,175.0,30.6,Normal
96.5,34.8,6.1,12.87,52.0,34.2,Normal
91.9,38.6,11.9,13.03,119.0,32.3,Normal
84.4,48.0,10.5,13.2,169.0,35.2,Normal
96.1,36.9,9.4,12.98,145.0,38.1,Normal
103.0,50.4,3.1,12.89,198.0,34.9,Warning
93.0,40.0,8.8,12.49,30.0,33.9,Normal
94.7,39.6,5.3,12.38,19.0,29.6,Normal
98.9,28.2,4.5,13.17,28.0,31.5,Normal
108.5,44.8,5.6,12.26,188.0,33.6,Warning
82.9,38.6,11.3,12.45,124.0,34.0,Normal
98.9,49.4,6.8,11.37,95.0,31.8,Warning
101.9,57.8,3.6,12.62,86.0,27.6,Warning
98.2,32.1,8.1,13.34,11.0,35.4,Normal
82.0,54.4,7.7,13.38,189.0,33.5,Normal
87.2,48.9,4.6,12.61,79.0,33.5,Normal
89.9,49.3,9.6,12.09,142.0,36.0,Normal
96.4,36.4,9.8,12.64,17.0,31.7,Normal
99.5,37.2,7.5,12.79,131.0,27.3,Warning
86.5,47.5,5.5,12.65,159.0,34.5,Normal
88.2,36.2,8.1,12.48,191.0,34.3,Normal
87.6,32.2,7.5,13.13,6.0,31.7,Normal
73.7,37.9,11.4,12.76,141.0,39.0,Warning
106.4,30.0,3.1,13.2,154.0,31.9,Warning
95.2,46.1,8.8,13.0,171.0,29.7,Normal
104.9,35.6,7.8,11.97,27.0,32.6,Warning
106.8,53.5,4.6,12.8,28.0,39.3,Normal
90.5,25.0,8.2,12.57,34.0,30.7,Normal
88.5,50.2,3.7,12.61,120.0,38.6,Warning
94.9,34.6,6.9,13.19,91.0,30.4,Normal
76.2,30.2,2.1,11.6,106.0,34.4,Critical
99.7,60.3,7.8,13.13,93.0,34.6,Normal
94.3,50.0,11.9,12.83,130.0,28.1,Normal
92.4,55.7,9.7,13.15,31.0,28.0,Warning
98.1,42.3,4.4,12.58,48.0,32.4,Normal
105.6,51.5,3.3,12.79,178.0,30.5,Warning
93.1,47.5,7.3,13.61,113.0,26.3,Warning
92.3,36.7,7.8,12.48,84.0,38.0,Normal
89.5,45.8,6.4,12.24,57.0,35.4,Normal
96.8,33.1,8.3,11.58,190.0,34.5,Normal
87.4,32.3,6.2,12.29,15.0,33.6,Normal
106.3,43.6,9.2,13.05,36.0,34.8,Normal
93.4,28.3,2.6,12.28,52.0,32.0,Warning
100.7,53.0,2.1,11.86,173.0,30.5,Normal
97.8,35.5,10.2,12.46,88.0,36.7,Normal
99.1,30.4,3.8,12.91,8.0,30.8,Warning
90.8,40.0,3.2,12.5,85.0,36.3,Warning
109.5,23.5,2.8,12.84,58.0,30.7,Warning
94.7,38.7,8.9,12.61,64.0,30.4,Normal
95.9,39.8,8.0,11.98,199.0,33.7,Warning
91.6,30.6,10.1,12.12,138.0,39.5,Normal
104.0,44.6,2.2,12.75,34.0,35.7,Critical
97.4,29.5,7.1,13.53,26.0,32.2,Normal
103.8,38.1,11.5,11.78,41.0,31.2,Warning
89.5,35.8,7.6,11.66,174.0,30.0,Warning
88.4,62.8,9.8,11.81,148.0,34.6,Warning
76.2,44.7,9.9,12.57,169.0,32.0,Normal
92.3,32.5,2.0,12.96,88.0,37.6,Critical
97.9,47.3,11.9,12.72,35.0,32.4,Normal
109.6,51.3,5.5,11.9,29.0,28.4,Warning
93.1,48.3,7.7,12.87,60.0,38.4,Normal
98.9,41.7,3.8,12.94,7.0,29.7,Warning
100.6,37.5,5.5,12.38,24.0,34.8,Normal
98.6,42.7,10.4,13.18,60.0,38.7,Normal
79.2,47.8,10.1,12.6,139.0,31.0,Normal
98.8,38.4,6.9,12.4,9.0,31.9,Normal
94.7,33.7,10.8,12.41,149.0,34.3,Normal
95.4,42.8,9.7,12.19,33.0,34.9,Normal
108.7,38.5,7.1,11.44,29.0,31.4,Warning
97.4,40.3,2.0,13.18,166.0,32.9,Critical
94.6,44.4,8.6,12.12,102.0,32.2,Normal
90.7,50.1,2.6,12.13,27.0,31.6,Warning
97.7,42.3,10.0,12.11,43.0,40.0,Normal
101.3,39.8,11.2,12.71,196.0,32.6,Normal
101.6,33.7,7.2,13.04,68.0,30.9,Normal
84.2,33.5,5.3,12.61,59.0,34.7,Normal
93.6,34.9,8.1,12.72,89.0,31.6,Normal
100.4,38.4,9.9,12.34,179.0,29.7,Normal
98.5,32.3,2.9,12.86,160.0,33.7,Warning
76.2,18.2,7.4,13.03,99.0,32.7,Warning
94.6,58.8,5.9,12.61,7.0,29.9,Normal
86.7,41.3,11.1,12.6,13.0,36.8,Normal
98.5,42.9,9.9,12.11,197.0,28.7,Normal
93.2,29.2,2.1,13.47,40.0,31.2,Critical
93.8,42.0,9.2,11.58,108.0,32.8,Warning
89.1,42.2,7.7,11.83,71.0,35.2,Warning
104.1,41.0,7.8,12.61,109.0,35.0,Normal
95.2,56.6,3.2,12.69,89.0,34.4,Warning
106.5,40.8,8.9,11.71,13.0,39.8,Warning
98.8,46.1,10.7,12.63,162.0,37.1,Normal
91.3,34.9,10.5,12.68,50.0,32.7,Normal
91.5,42.2,10.3,13.18,18.0,31.3,Normal
92.1,44.6,4.2,13.18,21.0,28.9,Normal
103.7,39.8,8.0,12.26,33.0,33.1,Normal
80.4,44.3,8.1,12.32,72.0,31.3,Normal
98.0,33.9,2.3,12.61,145.0,32.9,Critical
97.3,32.1,6.4,12.58,191.0,37.8,Normal
86.8,32.9,10.2,12.41,68.0,30.4,Normal
101.7,33.9,10.8,13.17,18.0,35.8,Normal
99.0,32.0,4.3,13.18,53.0,35.2,Normal
103.6,36.5,4.1,13.74,147.0,30.7,Normal
103.6,48.7,10.4,11.47,99.0,28.4,Warning
89.3,33.2,7.3,12.61,91.0,37.3,Normal
102.1,39.4,2.3,11.71,44.0,33.8,Critical
100.4,45.1,4.1,12.36,14.0,30.0,Normal
89.0,33.7,4.1,13.28,107.0,29.1,Normal
95.9,42.0,9.4,13.01,38.0,34.0,Normal
100.9,32.0,9.3,12.2,149.0,33.3,Normal
98.7,35.5,6.5,13.46,166.0,33.7,Normal
95.1,37.1,2.1,12.97,189.0,29.4,Critical
102.7,26.8,5.1,13.05,163.0,32.1,Normal
82.3,39.0,10.8,13.28,29.0,31.2,Normal
88.1,43.8,2.0,12.28,122.0,32.5,Critical
78.6,50.2,3.8,12.43,86.0,31.0,Warning
99.6,38.8,2.7,12.24,34.0,29.2,Warning
99.4,38.4,7.6,12.61,147.0,30.6,Normal
105.8,44.6,8.8,11.96,49.0,35.0,Warning
86.9,45.0,8.6,12.14,171.0,34.6,Normal
86.7,45.8,11.5,12.61,128.0,36.2,Normal
93.0,49.9,2.6,12.68,168.0,31.8,Warning
84.9,31.0,11.8,12.21,69.0,29.1,Normal
94.6,39.7,4.8,12.85,146.0,32.5,Normal
91.2,48.3,5.6,12.94,79.0,34.2,Normal
87.0,36.0,11.8,12.83,21.0,33.4,Normal
98.5,53.1,11.2,12.06,67.0,32.9,Normal
98.9,40.0,4.1,12.73,7.0,36.1,Normal
92.1,49.1,2.9,12.7,28.0,28.0,Warning
90.9,39.8,10.0,12.17,84.0,32.9,Normal
94.0,41.9,7.3,12.77,199.0,31.8,Normal
97.6,47.3,6.6,12.76,14.0,33.4,Normal
98.6,43.0,7.5,12.75,122.0,31.9,Normal
100.3,38.3,3.5,11.72,143.0,29.4,Warning
91.8,26.5,6.5,11.71,111.0,29.4,Warning
97.4,33.5,11.7,13.93,142.0,40.1,Warning
115.9,48.2,8.0,13.38,180.0,36.9,Warning
94.1,29.5,10.8,12.04,115.0,30.9,Normal
99.1,35.1,4.8,12.62,163.0,35.9,Normal
101.6,39.8,7.6,12.39,45.0,34.2,Normal
102.8,42.6,7.9,12.93,75.0,33.4,Normal
102.9,28.5,5.2,13.05,44.0,33.0,Normal
108.0,39.8,3.2,12.89,80.0,29.8,Warning
102.0,39.8,6.8,13.08,57.0,29.6,Normal
86.4,39.9,9.4,12.62,71.0,30.0,Normal
106.2,39.8,7.4,12.24,35.0,30.9,Normal
98.7,40.6,6.6,13.2,192.0,33.8,Normal
97.8,47.2,8.0,13.9,107.0,32.1,Normal
93.2,30.0,8.6,13.44,49.0,34.4,Normal
102.8,31.5,4.8,12.79,127.0,33.4,Normal
90.0,35.8,4.6,12.72,133.0,34.0,Normal
81.1,40.3,11.9,12.87,54.0,38.3,Normal
104.9,38.5,9.5,12.51,89.0,34.4,Normal
85.6,41.5,7.0,13.23,141.0,36.9,Normal
86.1,27.4,9.4,11.69,180.0,29.2,Warning
77.6,48.0,8.0,12.1,65.0,29.3,Normal
102.4,43.0,10.2,12.98,108.0,31.5,Normal
86.5,35.4,4.6,12.4,107.0,33.1,Normal
86.4,40.1,6.7,11.93,13.0,37.1,Warning
87.4,38.0,10.1,12.47,122.0,38.5,Critical
94.8,40.1,2.6,13.62,148.0,34.4,Warning
105.9,30.1,4.7,13.32,106.0,36.5,Normal
99.9,36.8,7.8,13.59,166.0,30.5,Normal
108.9,44.4,3.3,12.57,127.0,32.4,Warning
94.7,31.3,7.6,12.69,9.0,32.0,Normal
96.1,43.9,2.3,12.41,167.0,27.4,Normal
116.9,41.5,11.2,12.79,165.0,36.8,Warning
97.0,33.4,7.8,13.01,119.0,31.6,Normal
102.8,37.3,10.9,12.14,6.0,36.9,Normal
95.7,35.6,2.7,11.5,170.0,35.6,Warning
96.9,43.5,7.3,11.65,182.0,31.5,Warning
99.4,39.8,10.3,12.72,98.0,28.7,Normal
101.1,46.7,4.1,12.82,167.0,37.8,Normal
102.2,40.8,5.7,12.14,34.0,32.5,Normal
88.7,38.0,6.9,12.57,18.0,32.3,Normal
94.3,48.7,6.2,12.9,192.0,30.5,Normal
94.4,44.7,10.4,12.93,122.0,32.4,Normal
89.8,49.5,8.9,12.65,109.0,26.7,Warning
92.0,38.8,4.2,12.24,78.0,34.5,Normal
99.5,42.5,9.3,13.14,77.0,31.0,Normal
90.9,52.9,4.7,11.93,23.0,30.3,Warning
84.9,33.1,9.4,12.26,7.0,32.9,Normal
103.5,41.0,6.7,12.41,32.0,33.0,Normal
93.3,36.1,2.0,12.34,195.0,29.1,Critical
90.0,37.5,6.6,12.38,108.0,34.3,Normal
100.3,44.8,2.3,11.87,186.0,33.9,Critical
93.4,48.3,7.5,12.25,10.0,34.0,Normal
104.1,40.1,4.0,12.68,20.0,32.3,Warning
82.3,42.9,9.0,13.57,74.0,31.4,Normal
95.0,27.5,6.3,12.75,137.0,35.7,Normal
101.1,31.1,9.1,12.28,54.0,32.9,Normal
96.9,23.5,6.6,12.16,132.0,28.9,Warning
92.5,33.6,11.0,12.16,79.0,34.6,Normal
96.8,38.2,11.6,13.37,198.0,27.1,Warning
91.7,35.9,10.7,12.46,113.0,30.5,Normal
93.7,44.3,2.0,12.54,129.0,36.6,Warning
94.5,25.2,4.5,12.85,26.0,30.2,Normal
94.3,49.7,4.3,12.63,129.0,35.7,Normal
108.7,34.8,4.4,11.93,167.0,29.3,Warning
94.6,55.3,5.1,11.71,124.0,38.9,Warning
99.7,30.4,10.6,12.59,152.0,34.0,Normal
99.2,31.6,5.8,13.0,79.0,33.0,Normal
94.9,39.5,10.5,13.33,59.0,27.5,Warning
94.3,40.9,3.6,12.61,74.0,31.0,Warning
86.1,45.7,9.6,12.8,83.0,27.5,Warning
82.8,58.6,4.5,12.62,141.0,36.0,Normal
93.2,40.5,2.9,13.44,80.0,31.0,Warning
82.4,48.3,11.6,13.57,186.0,32.9,Normal
95.7,39.9,6.6,12.9,84.0,28.0,Normal
87.3,37.4,2.9,12.56,110.0,32.7,Warning
98.9,51.1,7.9,12.72,7.0,31.0,Normal
102.6,48.0,5.0,12.66,103.0,30.1,Normal
101.3,34.9,10.9,11.94,65.0,28.7,Warning
102.3,37.8,9.2,12.09,186.0,30.1,Normal
105.9,26.8,10.4,12.79,152.0,38.9,Normal
109.5,42.2,7.4,13.19,24.0,35.9,Warning
93.2,44.3,4.7,12.65,58.0,35.6,Normal
96.0,43.6,9.4,12.07,173.0,32.3,Normal
100.0,54.1,8.4,12.39,142.0,34.3,Normal
98.8,56.1,8.0,13.22,178.0,29.4,Normal
99.0,50.0,7.9,12.1,153.0,30.1,Normal
95.2,42.5,11.1,12.7,90.0,33.9,Normal
92.9,40.4,3.3,12.39,171.0,32.4,Warning
117.4,42.1,5.4,12.93,64.0,31.0,Critical
99.0,25.3,12.0,12.15,149.0,33.5,Normal
84.2,32.8,2.5,12.86,154.0,33.7,Warning
98.4,23.6,10.8,11.98,20.0,39.4,Warning
91.8,35.9,6.4,12.61,50.0,31.4,Normal
102.8,51.8,3.1,12.79,25.0,35.8,Critical
100.6,40.2,6.0,12.48,182.0,34.0,Normal
88.6,42.7,4.8,12.01,112.0,32.7,Normal
105.6,38.6,11.3,12.73,87.0,27.5,Warning
98.6,24.7,5.7,13.04,76.0,31.4,Warning
97.9,41.3,10.2,12.96,176.0,30.8,Normal
95.8,55.0,9.3,12.37,17.0,31.8,Normal
99.0,29.6,5.2,12.36,56.0,32.0,Normal
87.5,53.8,3.6,12.47,190.0,36.2,Warning
101.8,41.2,9.6,12.26,90.0,33.3,Normal
79.6,32.5,8.9,12.08,6.0,35.3,Normal
99.9,40.7,11.1,12.24,123.0,31.5,Normal
89.2,38.7,9.4,12.39,50.0,34.8,Normal
113.2,39.8,3.9,12.15,25.0,26.8,Warning
90.5,42.9,7.4,11.68,148.0,31.6,Warning
94.9,41.4,2.0,12.7,131.0,30.9,Critical
89.3,38.3,9.0,12.19,67.0,30.1,Normal
97.3,35.9,6.3,12.15,93.0,36.0,Normal
96.1,39.8,3.1,12.45,107.0,35.9,Warning
94.5,39.0,4.7,13.18,102.0,28.1,Normal
104.8,28.9,5.2,13.42,21.0,33.4,Normal
98.7,23.6,7.8,12.26,182.0,32.9,Warning
99.5,35.1,3.0,12.0,69.0,37.1,Warning
82.2,51.7,11.0,12.61,169.0,32.0,Normal
90.7,39.5,2.4,12.89,29.0,35.2,Critical
90.8,40.0,6.4,13.21,39.0,33.8,Normal
98.2,25.3,10.5,12.53,116.0,32.9,Normal
104.8,40.6,2.5,12.07,189.0,31.3,Critical
96.2,44.6,7.4,12.52,75.0,37.5,Normal
98.1,55.6,8.2,12.3,142.0,35.2,Normal
98.4,41.1,8.1,12.45,34.0,32.9,Normal
84.9,34.7,11.6,12.27,150.0,32.2,Normal
92.6,36.9,8.2,12.43,149.0,32.9,Warning
92.5,32.3,2.5,12.09,38.0,34.2,Warning
84.5,43.7,3.2,12.92,186.0,32.3,Warning
91.1,41.4,10.8,12.34,166.0,30.4,Normal
95.8,41.7,9.2,12.82,134.0,33.4,Normal
93.5,38.9,3.1,12.82,142.0,30.0,Warning
110.6,32.6,10.3,12.76,15.0,29.1,Warning
93.7,40.0,9.6,12.47,188.0,30.0,Normal
90.6,47.1,11.4,12.61,147.0,30.4,Normal
103.1,34.1,3.1,11.93,103.0,30.1,Warning
86.6,24.9,8.5,12.53,114.0,32.5,Warning
83.3,43.0,11.5,12.04,85.0,34.8,Normal
98.6,45.3,7.4,12.96,75.0,35.6,Normal
88.7,47.2,3.2,12.76,64.0,39.5,Warning
98.1,52.6,4.3,12.28,198.0,31.2,Normal
96.4,26.0,8.2,12.68,158.0,31.5,Normal
93.9,37.8,7.8,12.61,132.0,29.3,Normal
104.9,40.5,3.5,12.38,130.0,32.7,Warning
91.9,50.7,9.9,11.99,73.0,26.9,Warning
94.6,37.6,3.4,12.63,124.0,30.2,Warning
84.3,29.4,4.1,12.61,132.0,31.4,Normal
108.9,38.0,4.2,12.41,75.0,31.3,Warning
98.4,39.5,8.5,12.8,55.0,34.2,Normal
84.1,39.2,2.6,12.88,141.0,28.8,Warning
90.0,42.1,2.6,12.7,182.0,38.4,Warning
87.0,35.7,6.6,12.23,18.0,29.5,Normal
92.3,34.0,10.1,12.46,43.0,34.3,Normal
109.6,49.5,10.4,13.14,68.0,31.1,Warning
90.0,21.2,7.8,12.02,56.0,37.6,Warning
82.2,32.0,10.8,12.99,28.0,31.3,Normal
94.7,53.8,6.2,12.8,96.0,38.5,Normal
92.3,45.8,5.0,13.28,93.0,31.1,Normal
99.5,45.6,3.0,12.34,152.0,34.0,Warning
98.7,33.2,5.9,13.12,52.0,31.4,Normal
87.6,37.8,4.6,13.05,45.0,35.4,Normal
94.8,29.3,7.8,12.61,65.0,30.6,Normal
84.0,56.7,9.0,12.25,162.0,33.6,Normal
94.2,39.8,2.0,13.03,150.0,33.0,Critical
83.2,29.4,6.8,11.52,104.0,30.7,Warning
98.0,39.9,4.5,13.98,166.0,35.9,Normal
94.8,50.3,11.3,12.61,118.0,29.5,Normal
78.6,52.7,2.0,12.63,132.0,35.4,Critical
97.1,32.0,5.8,12.36,187.0,34.7,Normal
109.8,51.6,6.5,11.9,142.0,36.3,Warning
108.8,35.8,10.7,12.78,164.0,33.8,Warning
106.0,37.9,6.3,12.64,181.0,31.5,Normal
87.9,42.8,7.7,12.59,113.0,31.3,Critical
84.6,41.1,5.5,12.99,163.0,30.8,Normal
93.7,35.6,6.4,11.92,152.0,39.4,Warning
95.0,31.0,6.6,12.83,94.0,29.3,Normal
104.3,30.6,2.6,12.56,193.0,34.6,Warning
103.3,37.8,2.4,12.8,54.0,35.8,Critical
83.4,38.0,4.7,12.85,19.0,29.1,Normal
91.5,31.2,2.6,12.09,150.0,37.4,Warning
84.4,39.8,7.9,12.32,86.0,35.5,Normal
99.3,37.7,2.7,13.21,97.0,33.7,Warning
92.3,35.1,3.7,12.83,174.0,23.5,Warning
96.9,47.1,5.1,13.24,193.0,32.2,Normal
98.4,34.0,11.5,11.72,45.0,32.9,Warning
82.5,38.1,9.6,12.2,80.0,31.2,Normal
87.8,48.6,4.6,12.17,144.0,35.7,Normal
81.5,37.1,4.9,12.8,102.0,30.9,Normal
84.7,46.3,2.7,12.39,23.0,24.2,Warning
93.3,42.4,9.8,11.84,132.0,32.9,Warning
94.3,31.9,9.6,12.04,149.0,33.3,Critical
88.8,52.4,8.7,12.58,129.0,33.9,Normal
98.1,35.9,7.0,12.48,148.0,29.9,Normal
83.8,39.9,2.0,12.14,129.0,28.9,Critical
95.1,40.2,11.4,12.7,130.0,31.5,Normal
111.1,39.4,9.7,12.23,131.0,34.2,Critical
93.6,45.6,10.3,12.87,16.0,28.6,Normal
106.5,34.0,3.1,12.61,161.0,29.7,Warning
89.1,46.8,4.7,11.61,192.0,35.5,Warning
97.9,29.8,3.5,13.62,38.0,34.0,Warning
97.6,36.5,7.8,12.48,30.0,34.1,Normal
99.3,55.6,3.0,12.47,199.0,38.6,Warning
88.5,34.7,11.0,12.68,40.0,35.8,Normal
101.1,38.3,2.5,13.37,50.0,36.4,Critical
106.1,45.1,11.4,12.52,113.0,36.8,Normal
86.1,46.0,4.3,12.32,183.0,30.3,Normal
93.2,43.4,10.6,13.29,120.0,31.4,Normal
85.7,46.3,2.8,13.16,81.0,34.8,Warning
89.2,49.8,2.1,13.14,81.0,30.6,Critical
93.3,51.2,11.6,12.94,103.0,31.4,Normal
87.4,43.4,4.4,13.12,45.0,30.9,Normal
93.8,42.3,8.7,12.45,61.0,32.0,Normal
101.6,39.8,3.2,12.61,84.0,26.4,Warning
91.1,46.8,4.4,13.05,179.0,30.5,Normal
92.8,33.7,3.6,12.77,196.0,32.9,Warning
120.4,38.8,2.1,11.76,48.0,36.3,Critical
97.7,39.8,8.4,12.29,159.0,34.6,Critical
103.7,34.1,8.3,12.24,141.0,27.0,Warning
95.3,34.2,7.6,13.01,21.0,29.6,Critical
93.9,34.0,11.1,12.85,192.0,32.9,Normal
90.3,61.6,10.3,12.52,30.0,32.9,Normal
91.7,39.8,9.1,12.87,147.0,37.3,Normal
85.3,49.9,6.4,11.95,31.0,34.2,Warning
100.5,36.4,4.7,12.94,136.0,32.7,Normal
106.5,39.1,5.3,13.48,148.0,35.2,Normal
104.5,45.7,6.2,11.91,182.0,32.1,Warning
88.7,40.9,2.7,12.61,81.0,30.2,Warning
87.2,52.5,3.3,13.55,108.0,34.0,Warning
101.2,32.6,5.9,13.06,61.0,30.3,Normal
82.6,31.3,2.7,12.92,166.0,31.8,Warning
88.9,40.8,6.3,13.32,82.0,27.6,Warning
89.2,40.9,10.1,12.47,19.0,35.5,Normal
95.0,36.7,5.9,13.03,56.0,37.4,Normal
98.9,36.3,10.6,13.41,56.0,37.3,Normal
86.5,52.7,10.3,11.65,38.0,34.9,Warning
89.4,33.7,8.7,13.24,38.0,31.4,Normal
88.4,35.2,5.0,12.93,109.0,32.9,Normal
81.9,47.2,8.3,12.5,60.0,32.2,Normal
83.7,49.5,5.6,12.07,135.0,32.1,Normal
98.5,29.7,8.2,11.82,152.0,32.4,Warning
107.1,30.5,3.6,13.35,177.0,32.7,Warning
99.4,37.2,3.9,11.7,186.0,27.8,Warning
99.1,42.5,4.1,11.81,25.0,33.7,Warning
89.5,20.3,8.7,12.62,159.0,36.0,Warning
83.5,43.7,8.9,13.07,109.0,32.9,Normal
106.9,57.3,6.8,12.38,72.0,27.6,Critical
87.0,56.0,5.6,12.88,27.0,30.6,Normal
89.4,34.7,10.0,12.03,107.0,33.8,Normal
114.1,44.3,10.6,12.75,101.0,31.7,Warning
100.2,26.4,2.7,11.51,78.0,30.6,Warning
91.9,31.5,4.9,12.04,78.0,32.9,Normal
90.3,23.8,3.7,11.75,155.0,35.6,Warning
102.5,36.4,6.2,12.62,73.0,33.4,Normal
84.8,30.4,6.8,13.13,169.0,29.7,Normal
94.2,40.3,2.6,12.68,46.0,31.6,Warning
83.7,39.0,8.7,13.43,110.0,35.2,Normal
95.7,35.5,10.9,13.66,123.0,30.6,Normal
90.5,35.3,4.3,13.06,59.0,33.2,Normal
79.7,50.7,8.4,12.71,144.0,32.8,Normal
98.4,30.0,3.7,12.34,57.0,32.0,Warning
100.3,54.6,4.2,11.63,142.0,31.5,Warning
98.4,37.7,9.8,12.6,103.0,30.2,Normal
98.9,51.0,10.2,11.08,107.0,31.5,Critical
106.9,49.2,8.7,13.54,197.0,32.4,Normal
97.8,41.5,8.2,12.42,21.0,32.8,Normal
110.3,43.4,5.4,11.57,31.0,33.4,Warning
98.7,44.6,7.5,13.24,192.0,33.3,Warning
104.0,31.7,11.1,13.3,61.0,33.5,Normal
97.6,43.8,10.9,13.48,158.0,34.4,Normal
100.6,39.8,9.8,12.89,175.0,34.1,Normal
92.4,47.1,8.9,12.31,14.0,35.0,Normal
106.6,37.6,6.5,12.83,127.0,31.3,Normal
105.9,38.3,4.0,12.37,111.0,28.5,Warning
86.6,27.2,9.9,13.52,125.0,30.3,Normal
94.6,34.4,3.3,12.03,174.0,35.5,Warning
107.0,54.2,2.3,12.47,93.0,32.9,Critical
94.3,19.1,8.7,11.74,166.0,31.9,Warning
95.1,31.7,2.8,13.12,164.0,35.2,Normal
104.9,32.9,8.7,12.71,76.0,31.8,Normal
106.3,30.9,6.1,12.39,90.0,36.7,Normal
96.8,52.5,5.4,12.27,57.0,32.1,Normal
95.4,34.1,11.6,12.89,19.0,30.9,Normal
101.2,29.4,10.9,12.52,111.0,35.5,Normal
110.5,30.7,10.0,13.19,183.0,36.9,Warning
97.7,28.7,6.9,12.55,178.0,33.8,Normal
113.5,30.8,3.7,12.35,127.0,32.6,Warning
90.0,25.4,6.8,13.55,180.0,39.0,Normal
80.9,44.8,9.0,11.96,57.0,34.1,Warning
78.0,37.7,8.7,12.16,176.0,36.4,Normal
90.0,40.5,3.5,12.26,38.0,27.4,Warning
98.8,38.7,2.2,12.62,100.0,33.0,Critical
103.5,47.1,11.9,12.21,29.0,27.7,Warning
94.5,42.3,3.5,13.62,50.0,32.9,Warning
87.9,28.5,3.2,13.03,112.0,32.9,Warning
115.7,41.4,11.5,12.48,21.0,30.8,Warning
93.2,39.8,6.8,12.61,132.0,36.8,Normal
87.4,27.6,11.8,12.1,179.0,32.6,Normal
82.5,31.6,5.3,12.47,91.0,34.3,Normal
80.8,45.0,8.7,12.8,136.0,33.3,Normal
99.8,31.6,7.6,11.97,154.0,37.2,Warning
89.2,43.7,11.7,12.65,134.0,37.2,Normal
101.8,49.0,5.4,12.08,76.0,33.7,Normal
94.9,20.0,6.4,13.24,9.0,34.3,Critical
89.6,28.3,7.3,12.41,81.0,33.7,Normal
104.2,40.1,5.0,12.67,188.0,32.8,Normal
93.5,31.9,8.5,13.92,124.0,35.2,Warning
88.5,38.2,10.5,12.45,171.0,29.5,Normal
82.2,33.8,9.1,12.32,17.0,34.4,Normal
104.8,39.7,9.9,12.88,136.0,32.9,Normal
100.3,37.4,3.1,12.61,178.0,36.0,Warning
85.9,51.5,9.3,12.56,86.0,30.9,Normal
89.4,28.5,3.8,12.75,92.0,31.4,Warning
109.4,44.2,6.4,12.45,173.0,36.0,Warning
99.5,39.8,4.2,12.57,194.0,31.1,Normal
103.4,38.3,5.4,12.25,22.0,36.0,Normal
99.3,65.0,2.5,12.95,180.0,35.6,Warning
84.2,30.1,4.6,12.88,152.0,36.1,Normal
94.9,50.3,2.4,12.73,7.0,34.9,Critical
89.8,42.2,2.6,12.79,17.0,35.7,Warning
88.4,39.8,10.6,13.19,159.0,32.9,Normal
90.1,47.1,3.0,13.03,140.0,34.3,Warning
93.4,35.8,3.5,12.37,13.0,25.1,Warning
88.9,46.3,9.5,11.92,15.0,34.9,Warning
92.8,47.7,9.2,12.84,53.0,32.6,Normal
106.8,46.5,9.3,13.03,114.0,33.9,Normal
112.0,25.6,11.2,12.63,123.0,33.7,Warning
105.0,34.5,7.1,12.86,143.0,41.5,Warning
94.8,54.7,10.1,11.82,65.0,34.8,Warning
90.5,39.1,7.4,11.97,171.0,28.9,Warning
84.9,35.4,11.9,12.57,167.0,37.2,Normal
91.3,46.0,10.1,13.05,58.0,33.0,Normal
105.0,45.2,7.8,12.33,89.0,32.7,Normal
89.6,37.7,3.4,13.19,155.0,31.7,Warning
100.0,46.9,7.0,11.95,109.0,38.4,Warning
97.1,38.0,9.0,12.79,152.0,35.5,Critical
100.9,48.1,10.4,11.87,92.0,30.1,Warning
83.2,52.2,9.2,12.61,127.0,33.7,Normal
88.5,34.1,3.0,13.19,72.0,30.0,Warning
98.2,38.9,7.0,12.05,25.0,37.5,Normal
87.0,34.4,8.0,12.63,119.0,34.9,Normal
106.0,26.6,3.5,11.7,155.0,35.7,Warning
100.3,30.5,11.9,12.06,174.0,35.9,Normal
91.8,56.7,11.4,11.96,60.0,36.6,Warning
83.0,43.1,7.4,12.74,123.0,33.4,Warning
109.7,41.5,10.4,12.82,123.0,25.6,Warning
99.7,39.8,8.3,14.21,24.0,34.6,Normal
104.4,35.2,11.9,13.0,8.0,32.9,Warning
96.2,36.1,5.4,12.01,172.0,32.0,Normal
95.5,27.1,10.1,12.61,16.0,34.0,Normal
82.1,39.2,11.3,13.16,77.0,31.6,Normal
101.0,45.5,3.1,12.54,61.0,36.3,Warning
86.0,46.1,2.3,11.86,141.0,32.5,Critical
91.1,41.9,8.4,11.98,93.0,33.8,Warning
95.1,38.7,7.9,12.06,186.0,36.9,Normal
89.7,35.3,5.4,11.85,68.0,36.9,Warning
98.4,56.5,8.6,12.02,40.0,34.0,Normal
107.2,41.5,7.8,13.16,84.0,32.3,Normal
82.3,29.3,5.9,13.18,86.0,30.6,Normal
94.9,36.2,11.2,13.07,68.0,32.0,Normal
93.6,51.3,6.9,13.11,27.0,29.1,Normal
99.7,35.9,2.8,13.11,175.0,32.3,Warning
95.4,37.1,6.0,12.61,88.0,36.8,Warning
97.9,53.4,10.9,12.2,21.0,33.2,Normal
79.1,40.3,6.3,12.68,106.0,27.9,Warning
110.2,42.1,9.8,12.79,19.0,34.5,Warning
89.9,36.4,3.0,12.82,36.0,29.4,Warning
92.4,26.2,9.4,11.72,59.0,32.2,Warning
92.0,32.7,4.7,12.94,89.0,30.8,Normal
91.2,42.3,8.3,12.15,104.0,31.7,Normal
91.1,44.3,6.6,12.01,107.0,32.9,Normal
87.5,40.4,11.9,12.61,8.0,34.7,Normal
86.3,35.3,3.9,13.11,88.0,31.6,Warning
103.0,34.4,8.3,12.43,141.0,30.7,Normal
80.5,30.6,5.2,12.45,164.0,32.8,Normal
104.8,39.8,9.4,12.98,179.0,33.1,Normal
101.3,40.6,7.6,11.6,191.0,31.9,Warning
97.2,51.6,7.8,12.75,103.0,36.6,Normal
96.3,48.8,11.6,13.4,87.0,35.2,Normal
75.2,39.8,10.4,12.34,26.0,32.9,Normal
106.4,42.2,5.4,12.38,142.0,29.9,Normal
103.7,38.6,10.5,12.36,180.0,32.5,Normal
97.1,44.3,7.7,12.81,31.0,32.9,Normal
95.5,32.5,8.5,12.5,29.0,35.4,Normal
100.1,39.8,10.3,12.11,76.0,32.3,Normal
92.1,43.1,7.3,12.29,139.0,31.5,Normal
103.8,40.5,4.8,12.73,67.0,31.4,Normal
103.9,39.4,8.2,11.9,174.0,32.3,Warning
101.6,32.4,8.4,12.61,146.0,28.0,Warning
112.9,48.3,4.7,13.22,137.0,33.4,Warning
89.0,40.8,8.0,12.25,104.0,32.2,Normal
85.2,38.0,6.9,12.72,177.0,33.9,Normal
88.6,31.1,3.6,12.85,9.0,30.1,Warning
104.8,33.2,10.7,12.34,59.0,38.4,Normal
103.0,38.6,10.2,12.63,85.0,30.5,Normal
84.9,38.5,7.2,13.19,167.0,36.7,Normal
100.9,41.0,10.2,12.23,173.0,34.7,Normal
103.9,43.4,3.7,12.14,86.0,36.0,Warning
99.8,53.4,6.2,12.78,132.0,29.7,Normal
101.5,39.8,3.0,12.59,125.0,34.6,Warning
93.0,37.8,2.7,12.51,72.0,36.1,Warning
97.3,44.2,6.9,12.73,40.0,31.7,Normal
91.4,27.6,8.9,12.18,157.0,31.5,Normal
87.8,41.5,4.9,11.67,78.0,36.6,Warning
95.9,55.7,10.7,12.39,90.0,29.9,Normal
81.1,35.6,2.2,13.56,30.0,34.0,Critical
90.4,36.6,4.9,12.54,123.0,35.1,Normal
90.5,33.4,9.6,12.76,159.0,39.5,Normal
100.9,54.7,8.5,12.97,152.0,32.9,Normal
95.8,45.7,2.7,12.19,103.0,34.4,Warning
110.8,42.7,6.9,12.48,162.0,31.6,Warning
100.6,36.8,8.9,13.53,167.0,35.0,Normal
102.2,41.7,2.8,12.07,40.0,34.7,Warning
87.6,48.7,11.3,12.71,161.0,33.3,Normal
91.6,43.2,5.5,13.12,169.0,32.1,Normal
89.1,39.8,6.6,13.14,97.0,36.3,Normal
92.8,42.4,8.4,13.25,51.0,32.9,Normal
107.7,48.1,6.3,13.15,173.0,36.8,Normal
83.3,40.6,8.2,12.58,65.0,31.7,Normal
92.0,34.9,10.5,11.99,161.0,29.6,Warning
71.0,33.0,3.9,12.5,112.0,29.8,Warning
103.0,35.5,2.0,12.21,84.0,31.0,Critical
86.4,39.5,8.0,12.64,41.0,29.8,Normal
98.0,34.2,2.0,12.95,25.0,32.7,Critical
102.9,44.4,4.0,13.64,143.0,30.9,Normal
84.5,54.0,3.9,12.97,33.0,30.0,Warning
92.8,41.7,3.5,13.04,26.0,32.5,Warning
96.1,26.4,10.3,12.71,35.0,25.5,Warning
83.1,45.1,6.8,12.4,149.0,34.3,Normal
91.3,50.7,10.6,12.4,12.0,31.3,Normal
92.1,29.9,4.9,11.92,126.0,30.8,Warning
83.0,38.2,9.1,12.68,45.0,34.5,Normal
93.7,37.9,8.8,11.42,23.0,34.3,Warning
93.7,41.8,2.2,11.35,156.0,31.3,Critical
90.0,44.4,10.5,12.91,17.0,37.6,Normal
105.6,39.2,9.9,12.61,100.0,33.8,Normal
91.5,43.8,6.0,12.77,103.0,29.6,Normal
101.3,38.9,3.6,11.64,11.0,36.2,Warning
95.9,24.3,3.4,12.35,51.0,28.3,Warning
95.0,27.4,8.1,12.61,26.0,35.0,Normal
88.3,32.6,4.5,12.1,134.0,34.6,Normal
84.2,35.8,2.4,12.32,59.0,31.8,Critical
104.8,29.6,5.3,12.58,115.0,33.2,Normal
91.0,36.0,8.5,12.62,91.0,30.1,Normal
91.3,34.9,4.9,12.61,137.0,31.6,Normal
85.9,56.4,11.5,13.03,165.0,28.4,Normal
85.2,60.5,6.6,12.77,32.0,27.0,Warning
82.7,55.6,6.2,12.59,158.0,35.4,Normal
100.9,42.3,11.7,12.16,32.0,30.1,Normal
101.8,55.7,10.8,12.21,182.0,32.6,Normal
107.6,53.0,11.2,13.09,89.0,36.7,Normal
92.1,44.2,11.0,12.54,47.0,37.2,Normal
87.1,33.4,8.8,12.27,89.0,34.1,Normal
85.5,43.0,3.4,12.27,160.0,35.9,Warning
97.2,36.2,4.1,13.08,116.0,37.6,Normal
93.7,39.8,4.9,12.03,170.0,32.9,Normal
99.2,44.0,2.7,12.98,198.0,31.0,Warning
89.6,38.4,9.8,12.03,106.0,28.7,Normal
97.1,47.8,6.1,12.6,34.0,29.6,Normal
102.7,36.2,11.2,12.86,117.0,32.3,Normal
97.9,47.3,9.7,12.0,133.0,32.9,Normal
94.6,38.1,11.0,12.38,128.0,32.3,Normal
94.5,28.8,4.0,13.98,26.0,35.5,Warning
106.7,50.5,2.8,11.91,130.0,35.5,Warning
110.8,41.3,2.2,13.49,21.0,32.1,Critical
89.0,28.5,10.0,12.31,173.0,32.1,Normal
98.2,27.6,10.8,12.46,177.0,35.5,Normal
101.0,42.6,8.3,12.74,113.0,32.0,Normal
104.9,42.4,3.4,12.83,161.0,30.5,Warning
95.8,37.0,2.8,12.63,173.0,31.8,Warning
109.3,22.6,4.5,12.29,193.0,31.2,Warning
97.1,43.9,11.5,12.87,97.0,32.7,Normal
102.3,39.8,8.6,12.86,131.0,37.0,Normal
104.4,41.8,8.5,12.49,120.0,34.4,Normal
81.8,38.4,3.1,12.87,104.0,29.8,Warning
100.8,39.8,11.6,12.52,188.0,35.9,Normal
97.8,44.6,8.2,12.61,110.0,35.9,Normal
111.0,46.1,6.2,13.33,36.0,31.8,Warning
82.5,21.3,8.2,12.91,35.0,31.2,Warning
88.5,45.7,7.6,12.83,132.0,33.3,Normal
97.2,46.6,6.6,13.01,118.0,34.5,Critical
113.7,39.3,7.5,11.72,33.0,31.6,Warning
80.7,42.2,11.7,12.7,165.0,35.2,Warning
83.9,49.5,5.1,13.02,189.0,32.9,Warning
105.9,30.8,2.8,12.42,181.0,32.7,Warning
90.1,39.7,3.1,12.33,128.0,38.6,Warning
92.5,38.4,2.9,12.71,191.0,36.7,Warning
100.6,43.9,2.3,12.69,87.0,26.8,Critical
105.0,43.6,5.9,13.23,114.0,35.1,Normal
94.2,45.3,3.4,13.07,76.0,35.0,Warning
96.7,42.9,6.8,13.36,194.0,36.0,Normal
106.5,46.5,8.5,13.07,38.0,30.8,Normal
101.2,33.1,3.5,12.68,173.0,31.6,Warning
93.0,32.2,9.4,12.98,59.0,34.9,Normal
97.5,51.6,8.8,11.97,141.0,32.9,Warning
89.0,47.2,3.6,12.86,118.0,33.6,Warning
85.4,59.7,6.1,12.5,88.0,32.1,Normal
98.1,42.4,10.2,12.13,104.0,32.9,Normal
81.1,30.5,2.9,12.62,97.0,34.6,Warning
108.5,41.6,2.0,12.15,81.0,33.8,Critical
101.8,41.6,7.0,12.47,116.0,35.5,Normal
94.7,28.7,8.9,11.87,73.0,30.9,Warning
103.6,39.1,7.4,11.45,101.0,32.0,Warning
105.6,50.7,8.3,12.19,103.0,32.5,Normal
115.3,30.2,5.0,13.94,159.0,31.0,Warning
94.9,38.3,7.9,12.61,21.0,32.9,Warning
95.0,39.8,3.0,12.01,147.0,34.4,Critical
90.0,35.8,11.9,12.16,196.0,28.3,Normal
97.5,48.3,10.8,12.88,156.0,33.7,Normal
84.2,43.9,4.8,12.91,56.0,35.7,Normal
103.4,38.0,6.4,12.2,146.0,36.1,Critical
119.3,38.7,11.4,11.83,115.0,32.2,Critical
91.2,22.7,10.9,12.81,87.0,28.7,Warning
102.7,46.2,8.1,12.95,72.0,35.9,Normal
90.5,38.7,8.9,11.96,160.0,34.5,Warning
101.1,54.4,7.7,12.87,36.0,33.1,Normal
96.1,57.1,11.9,12.8,40.0,31.4,Normal
104.6,42.6,10.1,12.42,157.0,29.5,Normal
97.0,40.3,11.6,12.24,114.0,29.8,Normal
94.8,28.7,8.7,12.45,110.0,29.4,Normal
95.2,32.2,6.8,13.18,125.0,32.6,Normal
100.0,27.8,6.9,13.03,95.0,33.4,Normal
83.4,33.3,4.8,12.47,187.0,32.7,Normal
84.4,37.2,4.1,12.68,25.0,32.8,Normal
83.8,34.8,6.9,12.9,47.0,30.4,Normal
91.2,33.5,5.3,12.44,114.0,27.9,Warning
85.9,27.1,5.7,13.32,75.0,29.8,Normal
104.9,38.6,5.4,12.56,25.0,33.7,Normal
96.4,32.8,10.2,12.53,31.0,38.8,Normal
104.3,39.8,10.6,12.12,143.0,26.1,Warning
97.3,39.8,3.2,12.88,158.0,31.1,Warning
99.5,45.4,5.2,12.66,62.0,36.5,Normal
96.9,35.8,4.7,11.47,103.0,34.0,Warning
95.3,38.4,11.2,12.66,130.0,30.4,Normal
88.9,36.5,6.8,12.82,176.0,31.9,Normal
104.6,21.3,11.4,12.68,57.0,36.7,Warning
92.9,54.8,3.2,12.75,122.0,35.5,Warning
100.4,39.8,4.2,12.51,108.0,32.9,Normal
88.8,15.3,7.0,13.06,107.0,32.3,Critical
86.8,39.8,10.0,12.03,81.0,33.6,Normal
101.9,38.7,9.8,12.82,172.0,30.7,Normal
104.6,24.5,9.9,13.35,132.0,36.9,Critical
99.4,32.1,8.1,12.03,27.0,30.2,Normal
83.5,42.9,10.6,12.01,115.0,35.4,Normal
96.9,35.0,9.2,13.05,166.0,33.1,Normal
92.1,45.2,9.4,12.67,50.0,34.9,Normal
93.0,42.9,10.3,12.54,159.0,34.2,Normal
88.3,25.9,2.0,13.15,150.0,31.7,Critical
90.9,46.4,9.7,11.83,160.0,30.2,Warning
95.2,44.5,11.8,12.42,90.0,31.7,Normal
82.7,22.6,11.7,12.36,147.0,33.0,Warning
100.8,34.6,2.2,12.03,56.0,31.0,Critical
109.3,50.8,9.6,13.3,166.0,30.8,Warning
93.3,36.1,9.2,12.79,49.0,32.9,Normal
87.5,35.5,3.3,12.61,105.0,32.3,Warning
87.3,39.5,4.4,12.29,112.0,31.2,Normal
99.4,44.3,6.2,13.06,99.0,35.7,Normal
98.5,38.3,2.7,13.17,153.0,30.5,Warning
96.2,35.7,5.2,11.79,115.0,39.6,Warning
88.9,37.1,2.0,12.02,143.0,29.0,Critical
94.2,32.7,11.5,12.15,47.0,29.3,Normal
102.6,34.3,3.9,12.09,56.0,31.0,Critical
98.4,40.5,4.5,13.03,184.0,36.3,Normal
100.4,39.8,2.6,12.5,47.0,33.5,Warning
98.4,38.4,5.9,13.19,40.0,34.6,Normal
106.7,25.4,11.3,13.1,151.0,35.2,Normal
92.1,31.4,2.5,13.45,104.0,36.1,Critical
94.4,40.4,11.6,12.8,6.0,38.4,Normal
89.7,32.1,7.1,12.76,162.0,34.9,Normal
89.9,47.4,2.3,13.09,100.0,32.9,Critical
105.5,42.6,5.8,12.43,127.0,32.7,Normal
99.6,16.2,4.1,13.41,17.0,29.0,Critical
97.2,25.4,3.4,11.51,80.0,33.0,Warning
96.1,57.5,6.6,12.22,173.0,33.1,Normal
82.5,24.7,4.0,12.59,55.0,40.9,Warning
95.9,44.2,4.1,13.71,162.0,30.8,Normal
92.6,43.4,2.3,12.57,197.0,31.9,Critical
98.9,45.6,7.5,12.98,199.0,28.0,Warning
100.0,39.8,8.3,13.36,133.0,30.1,Normal
93.7,34.7,3.0,11.98,59.0,27.8,Warning
91.4,44.6,6.5,12.71,91.0,39.4,Normal
105.6,43.9,9.1,11.75,74.0,33.3,Warning
108.5,46.5,6.3,12.49,20.0,37.0,Warning
89.3,39.1,3.8,12.64,139.0,35.9,Warning
101.0,49.6,9.9,12.99,69.0,34.6,Normal
93.3,42.1,8.4,12.19,10.0,36.6,Normal
102.3,45.1,5.2,12.55,104.0,33.8,Normal
96.6,31.8,10.3,12.19,191.0,32.7,Normal
99.5,37.5,4.7,12.9,185.0,30.1,Normal
101.8,36.0,2.2,11.51,143.0,36.6,Critical
106.1,39.8,11.9,12.61,189.0,30.6,Warning
91.2,22.4,2.7,13.1,162.0,32.2,Warning
92.6,47.0,7.1,12.6,153.0,30.5,Normal
105.1,29.0,8.8,12.46,109.0,35.0,Normal
98.5,41.0,5.7,12.74,173.0,32.6,Normal
88.4,53.5,10.5,13.3,106.0,35.7,Normal
97.3,44.3,8.4,13.66,198.0,35.8,Normal
94.7,32.1,4.7,11.28,22.0,34.6,Critical
101.6,33.9,5.7,12.69,163.0,33.1,Critical
98.5,28.2,10.4,12.61,125.0,32.6,Normal
98.2,55.9,8.7,12.59,180.0,35.4,Normal
100.2,29.9,4.4,11.65,32.0,32.2,Warning
97.1,60.4,10.6,12.17,76.0,31.2,Normal
101.5,35.4,11.5,12.95,184.0,26.7,Warning
87.8,26.1,7.5,13.56,156.0,35.7,Normal
101.7,43.3,11.0,12.96,23.0,30.1,Normal
85.4,51.3,10.3,12.48,101.0,36.9,Normal
95.6,45.0,7.3,12.94,199.0,32.6,Normal
89.9,46.9,3.6,12.96,28.0,34.3,Warning
98.0,26.5,6.9,12.93,93.0,35.6,Normal
94.9,40.9,10.4,13.22,166.0,36.7,Normal
96.4,34.5,10.9,11.73,39.0,29.6,Warning
83.6,37.4,2.8,12.4,168.0,34.7,Warning
96.0,43.1,8.2,12.67,76.0,30.7,Normal
85.3,56.1,2.8,12.6,26.0,33.7,Warning
85.6,33.9,6.2,11.94,195.0,37.3,Warning
99.6,45.5,9.0,11.91,82.0,36.5,Warning
106.3,26.4,7.1,12.61,86.0,35.9,Normal
95.9,32.8,7.6,12.66,40.0,31.5,Normal
93.3,40.1,2.9,12.61,37.0,32.3,Warning
106.4,23.1,8.4,12.21,73.0,35.1,Warning
84.3,35.7,6.4,13.22,189.0,29.7,Normal
89.3,44.1,6.6,12.12,147.0,30.7,Normal
99.9,21.3,9.6,13.3,124.0,29.8,Warning
96.6,41.9,11.4,12.86,135.0,35.3,Normal
73.6,45.5,4.4,13.52,35.0,28.7,Warning
87.0,33.6,3.0,12.64,63.0,34.2,Warning
83.2,59.5,8.7,12.86,53.0,33.4,Normal
90.3,33.4,4.9,12.82,135.0,31.7,Normal
86.6,25.6,11.4,14.16,104.0,34.1,Normal
92.7,42.6,3.2,12.25,128.0,35.9,Warning
95.7,44.0,5.7,11.78,171.0,30.3,Warning
84.4,55.4,3.3,12.68,28.0,32.9,Warning
86.3,56.6,10.7,12.19,125.0,31.7,Normal
96.8,22.8,9.3,12.28,110.0,31.8,Warning
89.4,45.4,5.4,12.87,118.0,32.9,Normal
104.1,37.4,2.1,13.19,198.0,34.7,Critical
93.0,49.1,11.0,13.37,192.0,32.9,Normal
97.9,45.6,4.1,12.52,58.0,28.8,Normal
111.4,39.8,7.5,12.31,105.0,30.1,Warning
92.8,27.5,7.4,12.35,96.0,33.1,Normal
95.9,40.9,7.0,13.37,49.0,29.7,Normal
92.9,42.0,11.6,12.95,59.0,30.9,Normal
83.4,36.3,7.5,12.61,66.0,33.6,Warning
89.7,49.3,6.5,13.9,102.0,32.9,Normal
99.8,46.0,4.4,12.89,169.0,33.9,Normal
102.8,36.3,11.9,13.73,23.0,28.5,Normal
97.9,35.0,3.9,12.43,72.0,31.5,Warning
95.2,41.3,6.5,12.27,189.0,31.5,Normal
98.2,40.1,6.8,12.28,43.0,31.5,Normal
103.6,43.7,10.1,13.1,97.0,35.2,Normal
98.6,39.3,8.9,13.0,167.0,29.9,Normal
88.9,35.6,11.5,13.26,154.0,33.2,Normal
89.7,46.1,9.1,12.72,107.0,32.9,Normal
96.4,37.3,5.8,12.52,20.0,38.8,Normal
94.7,33.8,2.6,13.08,184.0,31.2,Warning
103.1,39.2,10.2,12.47,143.0,31.2,Normal
98.0,39.8,5.4,12.43,179.0,34.2,Normal
80.1,48.6,7.1,12.39,103.0,34.3,Normal
96.5,25.1,5.9,11.77,55.0,34.8,Warning
86.3,55.1,4.1,12.06,103.0,28.5,Normal
92.5,43.8,6.2,12.92,36.0,30.8,Normal
100.3,30.8,6.1,12.36,164.0,32.7,Normal
94.9,41.8,5.1,12.26,191.0,37.7,Normal
89.5,35.4,8.4,13.15,30.0,35.1,Normal
104.6,44.9,4.9,13.36,178.0,34.2,Normal
87.3,43.8,8.4,13.28,147.0,30.4,Normal
95.3,50.5,2.3,12.68,193.0,30.7,Critical
83.7,30.6,8.4,11.44,82.0,31.3,Warning
89.2,23.3,10.6,13.19,48.0,27.3,Warning
97.5,27.9,7.4,12.82,130.0,33.5,Normal
92.3,46.0,2.2,11.93,162.0,30.5,Critical
80.3,48.3,6.6,11.99,20.0,30.6,Warning
104.4,55.3,11.6,12.24,81.0,35.0,Normal
101.3,39.8,9.3,12.27,61.0,35.8,Normal
92.6,32.0,6.9,11.58,90.0,28.9,Warning
99.5,31.6,4.8,12.85,149.0,34.8,Normal
100.9,36.0,3.9,12.61,61.0,35.5,Warning
81.9,32.2,4.3,13.35,174.0,29.8,Normal
96.7,43.5,4.3,12.43,195.0,31.7,Normal
101.6,36.1,4.6,12.05,11.0,33.9,Normal
98.0,39.0,6.9,11.43,69.0,34.5,Warning
100.6,35.4,2.7,11.86,171.0,37.0,Warning
94.1,29.0,7.3,12.96,147.0,39.0,Normal
99.7,49.6,8.3,12.19,31.0,37.6,Normal
93.0,33.5,6.1,12.27,95.0,27.8,Warning
108.4,39.8,2.3,13.37,124.0,31.4,Warning
97.0,51.6,5.2,12.73,16.0,35.3,Normal
92.3,35.0,11.6,12.61,9.0,32.5,Normal
91.7,33.3,2.6,12.71,67.0,31.6,Warning
101.0,34.4,5.1,12.84,48.0,33.2,Normal
98.5,38.0,6.4,12.8,170.0,37.8,Normal
89.1,53.0,4.3,13.14,17.0,34.7,Normal
107.4,44.9,9.1,12.36,89.0,40.4,Warning
83.7,49.3,3.8,12.3,130.0,32.3,Warning
94.2,32.7,7.4,12.59,87.0,36.5,Normal
96.6,44.7,7.9,12.37,55.0,30.2,Normal
89.5,52.8,6.3,12.61,179.0,32.3,Normal
77.2,48.2,11.7,12.98,118.0,28.3,Normal
100.4,39.3,2.3,12.83,13.0,34.9,Critical
86.8,39.3,6.5,12.58,97.0,33.8,Normal
104.0,32.7,7.5,13.23,20.0,25.8,Warning
101.4,48.3,2.4,13.04,152.0,32.9,Critical
104.1,43.5,10.5,11.97,86.0,32.9,Warning
97.1,31.6,5.5,12.56,159.0,31.2,Normal
99.0,32.8,3.0,12.69,158.0,35.8,Warning
85.2,38.5,10.3,12.62,51.0,31.0,Normal
104.1,39.8,2.7,12.09,137.0,36.8,Warning
95.3,43.0,8.6,12.61,27.0,32.0,Normal
87.5,38.4,4.4,12.83,119.0,33.6,Normal
104.1,46.7,10.9,12.6,137.0,35.2,Normal
99.0,44.2,6.4,12.08,69.0,29.6,Normal
96.7,39.1,7.4,12.39,162.0,33.4,Normal
82.9,45.9,6.2,12.68,108.0,37.2,Normal
85.7,23.3,8.1,12.64,50.0,32.9,Warning
91.6,30.3,6.4,12.56,92.0,28.8,Normal
84.2,48.4,7.0,12.94,64.0,34.5,Normal
119.7,30.0,2.1,11.74,170.0,36.4,Critical
86.8,36.3,3.9,11.96,45.0,35.1,Warning
89.3,45.1,11.3,12.64,16.0,30.2,Normal
89.5,36.7,11.6,12.36,200.0,35.4,Normal
86.7,39.1,10.6,12.48,84.0,33.6,Normal
94.0,47.1,5.4,12.48,101.0,32.2,Normal
86.9,31.2,8.9,12.05,132.0,31.3,Normal
100.6,38.1,9.6,12.74,35.0,29.0,Normal
106.4,30.9,2.9,11.86,192.0,33.6,Warning
90.5,51.0,3.8,11.73,180.0,34.6,Warning
97.2,34.9,10.8,12.98,119.0,31.8,Normal
92.3,45.4,6.6,12.77,106.0,34.0,Normal
95.5,42.5,3.8,12.26,24.0,32.2,Warning
76.3,45.5,3.3,11.35,36.0,30.8,Warning
101.9,32.3,7.8,12.91,161.0,38.4,Normal
90.6,42.1,3.4,12.24,178.0,30.4,Warning
88.4,58.2,11.5,12.61,111.0,34.8,Normal
78.3,32.5,6.9,12.48,199.0,34.2,Normal
92.3,49.8,7.7,11.94,95.0,32.9,Warning
82.0,37.1,10.4,12.1,103.0,34.7,Normal
98.0,35.4,11.5,12.39,42.0,32.1,Normal
93.7,19.8,10.4,12.61,77.0,30.7,Warning
98.2,39.8,8.9,13.39,54.0,33.1,Normal
103.6,23.0,11.9,12.62,99.0,32.1,Warning
98.3,53.9,4.9,11.7,14.0,35.1,Warning
91.4,60.8,5.6,12.61,81.0,37.7,Normal
93.1,43.2,6.9,13.17,68.0,29.9,Normal
91.9,39.0,7.3,12.0,23.0,36.5,Normal
78.7,29.4,3.1,12.69,163.0,32.8,Warning
99.5,40.9,3.2,13.03,50.0,32.6,Warning
102.4,33.9,3.2,12.76,48.0,38.7,Warning
99.0,39.3,7.4,12.32,59.0,30.2,Normal
92.2,44.9,6.4,13.73,38.0,28.4,Normal
88.6,35.1,5.5,12.98,155.0,35.2,Normal
94.9,52.1,10.3,11.64,181.0,33.8,Warning
105.8,46.0,4.8,12.09,77.0,28.2,Normal
94.9,25.2,3.9,12.88,147.0,31.7,Warning
90.7,40.4,11.3,11.81,146.0,28.7,Warning
91.9,41.0,6.4,12.62,34.0,27.3,Warning
95.4,48.7,5.4,12.11,148.0,30.2,Normal
98.6,43.2,5.5,12.39,135.0,31.7,Normal
93.2,49.7,4.6,12.61,82.0,29.0,Normal
90.0,43.3,3.4,11.95,106.0,34.6,Warning
90.4,46.6,4.7,12.25,84.0,31.9,Normal
92.2,41.3,3.1,12.61,133.0,35.7,Warning
92.6,44.2,3.1,12.83,99.0,36.0,Warning
96.8,35.8,8.3,12.76,105.0,34.1,Normal
93.1,28.3,6.1,11.79,25.0,36.8,Warning
107.2,49.1,8.4,13.07,33.0,33.5,Normal
89.1,34.6,9.3,13.4,91.0,34.1,Normal
95.6,38.9,11.2,13.08,195.0,33.2,Normal
91.9,39.8,11.2,12.0,126.0,32.9,Warning
82.3,33.3,8.5,12.39,74.0,32.8,Normal
96.6,37.3,6.1,11.8,23.0,33.5,Warning
104.9,49.4,7.6,12.43,69.0,34.1,Normal
99.2,53.1,11.5,12.56,186.0,34.1,Normal
107.2,42.2,2.3,12.49,104.0,37.5,Critical
98.9,36.6,8.5,12.67,41.0,37.4,Normal
75.7,51.2,2.5,12.88,6.0,33.8,Critical
104.5,41.2,9.7,12.85,193.0,28.3,Normal
81.1,31.7,3.2,11.86,150.0,32.7,Warning
97.8,31.1,4.7,12.86,181.0,32.1,Normal
79.1,48.1,6.4,12.58,62.0,30.8,Normal
81.2,28.9,2.8,12.08,129.0,25.7,Warning
101.7,57.5,7.3,12.39,94.0,28.4,Normal
107.7,32.7,9.5,12.58,177.0,34.9,Normal
117.1,34.3,8.6,13.2,165.0,34.6,Warning
95.5,41.2,6.5,12.66,74.0,36.5,Normal
89.5,29.5,8.5,12.07,108.0,40.8,Warning
97.8,39.8,2.1,13.09,187.0,33.2,Critical
101.9,36.4,9.6,12.83,15.0,33.2,Normal
85.8,26.4,8.4,12.74,56.0,32.4,Normal
111.9,39.8,10.0,12.12,154.0,31.4,Warning
82.7,39.8,6.0,13.14,5.0,35.6,Normal
98.5,43.2,10.4,12.08,171.0,26.4,Warning
98.1,28.5,5.2,12.0,110.0,28.4,Warning
91.5,38.2,9.6,12.61,37.0,33.5,Normal
88.8,52.5,5.6,12.87,79.0,30.9,Normal
94.5,45.4,8.7,11.61,80.0,33.7,Warning
103.1,31.0,4.2,12.81,54.0,34.6,Normal
96.5,25.3,6.7,12.73,96.0,33.5,Normal
101.4,45.5,11.3,12.6,11.0,25.9,Warning
98.6,46.4,11.3,12.53,174.0,30.8,Normal
91.8,26.0,6.0,12.73,39.0,28.5,Normal
97.9,49.0,3.7,12.61,139.0,33.6,Warning
83.3,41.6,5.9,12.89,176.0,35.4,Normal
98.8,41.2,6.8,13.25,91.0,32.1,Normal
109.7,53.7,10.5,12.72,159.0,35.8,Warning
106.3,26.9,9.8,12.31,91.0,31.9,Normal
108.1,40.2,4.5,12.69,71.0,27.0,Warning
97.9,44.2,3.5,12.88,58.0,28.3,Warning
96.8,39.5,2.1,12.45,84.0,34.1,Critical
96.2,39.1,3.3,11.88,34.0,32.7,Warning
107.6,49.0,8.5,12.46,97.0,32.6,Normal
93.2,43.9,7.5,13.23,147.0,36.8,Normal
100.8,48.1,5.3,13.38,158.0,31.4,Normal
108.0,33.3,7.3,12.39,129.0,28.4,Normal
100.9,41.1,7.9,12.69,6.0,32.4,Normal
94.9,38.4,2.2,12.5,137.0,28.1,Critical
105.3,47.8,6.4,12.62,195.0,34.3,Normal
110.0,48.3,3.6,13.05,122.0,35.4,Warning
82.3,27.8,6.5,13.07,64.0,30.4,Normal
99.2,44.2,4.9,12.87,8.0,34.2,Normal
111.0,49.8,11.1,12.54,134.0,33.6,Warning
106.4,36.7,3.9,12.0,67.0,34.9,Warning
110.8,35.3,8.3,12.85,99.0,37.4,Warning
84.9,40.7,10.9,12.07,7.0,31.6,Normal
89.6,45.4,2.2,11.99,147.0,31.4,Critical
94.9,49.6,11.5,12.26,16.0,33.9,Normal
82.2,46.8,9.8,12.38,168.0,32.9,Normal
71.4,36.9,8.8,12.95,161.0,35.7,Warning
92.1,36.3,5.4,12.01,185.0,36.7,Normal
91.8,39.3,9.3,12.14,81.0,34.6,Normal
90.8,46.2,4.0,12.34,196.0,34.4,Warning
95.3,49.8,10.4,12.75,107.0,32.8,Normal
89.2,37.6,3.6,12.91,9.0,29.0,Warning
101.9,44.5,6.3,12.78,134.0,33.4,Normal
108.3,42.3,7.9,12.99,6.0,40.5,Warning
85.7,28.3,9.7,12.93,72.0,35.7,Normal
80.8,47.7,11.4,12.63,69.0,25.1,Warning
94.1,53.8,6.9,13.53,182.0,34.6,Normal
104.6,36.3,10.1,12.13,196.0,28.3,Normal
99.4,32.7,4.3,12.33,12.0,29.8,Normal
104.1,48.4,9.4,12.75,135.0,29.0,Normal
100.8,39.8,7.6,12.7,80.0,32.7,Warning
101.7,36.8,11.8,12.72,79.0,32.1,Normal
100.8,46.1,10.5,13.09,189.0,33.3,Normal
98.8,29.2,4.8,12.18,52.0,29.4,Normal
85.5,38.4,9.6,12.13,183.0,38.6,Normal
95.6,30.9,9.6,13.09,190.0,40.0,Warning
90.4,42.5,9.2,12.84,91.0,31.9,Normal
102.7,45.1,3.1,11.84,53.0,32.0,Warning
90.5,50.2,9.0,11.69,31.0,31.8,Warning
90.3,49.3,8.1,12.07,181.0,36.4,Normal
89.2,34.6,3.5,12.3,70.0,33.5,Warning
99.6,46.1,5.7,12.44,13.0,26.9,Warning
101.2,33.9,2.3,12.05,155.0,35.5,Critical
89.1,39.8,8.2,12.64,149.0,31.1,Normal
93.9,27.2,7.3,13.52,13.0,32.9,Normal
95.3,48.9,3.7,12.24,96.0,32.2,Warning
91.4,59.8,2.4,13.4,79.0,33.0,Critical
87.9,44.3,2.1,12.71,146.0,35.4,Critical
89.7,40.7,8.2,13.57,51.0,29.0,Normal
94.9,34.6,7.3,12.41,113.0,34.8,Normal
100.4,35.8,8.4,14.09,73.0,35.4,Normal
91.1,33.4,5.4,13.09,45.0,31.2,Normal
87.5,44.5,9.7,12.02,87.0,35.0,Normal
100.3,25.5,8.2,12.46,73.0,36.5,Normal
90.6,43.4,7.1,12.27,74.0,35.6,Normal
95.6,40.6,6.8,12.75,109.0,33.2,Normal
104.0,36.3,8.4,12.42,100.0,34.6,Normal
102.7,46.4,3.2,12.14,141.0,31.9,Warning
88.6,42.7,7.2,12.08,151.0,32.7,Normal
95.7,48.0,5.0,12.65,185.0,33.5,Normal
97.2,36.7,8.3,12.7,30.0,31.0,Normal
99.5,30.6,9.8,12.91,8.0,29.6,Normal
88.0,39.1,3.6,12.4,195.0,27.5,Warning
102.7,44.5,4.5,12.61,170.0,33.2,Normal
101.5,50.4,3.5,13.04,93.0,32.7,Warning
105.9,41.4,3.8,12.69,120.0,32.8,Warning
87.1,40.4,7.5,12.84,27.0,36.4,Normal
99.3,44.3,10.0,11.91,171.0,38.0,Warning
97.8,43.1,7.6,12.43,44.0,28.3,Normal
90.0,52.2,9.9,12.24,25.0,33.6,Normal
92.5,25.8,11.9,12.69,185.0,38.2,Warning
86.0,41.0,11.7,12.95,25.0,39.6,Normal
101.0,27.2,2.8,12.61,169.0,31.8,Warning
102.2,47.0,11.1,12.69,192.0,34.7,Normal
111.0,40.8,6.7,12.54,75.0,33.4,Warning
94.6,39.0,3.7,12.35,74.0,35.7,Warning
94.1,27.6,7.8,12.65,68.0,32.9,Normal
92.7,31.3,9.5,12.49,186.0,33.4,Normal
90.4,46.7,7.8,11.85,140.0,31.2,Warning
106.8,40.6,5.4,12.57,47.0,32.1,Normal
94.6,39.9,7.9,11.91,97.0,33.0,Warning
104.2,50.6,5.7,12.83,28.0,31.8,Normal
86.7,39.8,2.7,13.42,108.0,40.1,Warning
78.8,31.8,4.8,13.22,109.0,30.5,Normal
97.5,34.8,9.7,12.61,178.0,39.2,Normal
90.0,36.1,9.9,12.69,182.0,28.3,Normal
99.7,41.5,3.0,12.5,112.0,30.5,Warning
102.2,18.3,8.1,11.94,103.0,37.6,Warning
93.9,43.0,5.9,11.94,152.0,26.6,Warning
94.6,47.5,2.9,13.38,183.0,34.4,Warning
91.5,43.7,10.6,12.82,146.0,32.4,Normal
90.1,41.8,3.9,12.89,196.0,35.0,Warning
101.9,45.1,11.0,12.25,70.0,36.0,Normal
91.9,45.1,7.6,12.0,132.0,37.8,Normal
84.8,39.6,3.9,12.87,119.0,28.4,Warning
88.3,40.0,9.3,13.18,37.0,38.9,Normal
109.0,47.4,7.3,12.04,140.0,29.3,Warning
105.0,37.4,8.7,12.2,73.0,35.3,Normal
91.5,43.2,6.1,11.73,109.0,34.5,Warning
109.8,50.2,11.9,12.24,110.0,29.7,Warning
103.2,46.2,2.3,13.09,74.0,33.7,Critical
110.0,35.9,3.7,13.28,49.0,37.3,Warning
105.1,42.0,2.8,12.0,56.0,33.5,Warning
84.4,42.1,7.6,12.7,171.0,36.9,Normal
101.4,35.3,9.9,12.61,157.0,35.3,Normal
110.6,30.3,8.3,12.21,52.0,32.9,Warning
91.1,45.3,6.7,12.77,117.0,30.7,Normal
108.7,33.6,10.7,13.65,149.0,32.9,Warning
100.9,31.1,8.4,12.14,129.0,39.9,Normal
103.2,52.3,10.1,12.56,148.0,38.5,Normal
86.3,43.0,8.4,12.57,127.0,34.3,Normal
88.6,38.4,10.8,12.83,63.0,33.6,Normal
92.3,52.2,4.5,13.35,79.0,32.2,Normal
91.6,41.3,6.8,12.86,99.0,33.8,Normal
94.7,38.6,6.9,12.42,86.0,38.1,Normal
98.1,55.9,2.3,12.54,64.0,30.2,Critical
105.4,31.1,7.7,12.55,49.0,35.9,Normal
101.1,35.0,6.4,12.82,59.0,32.3,Normal
88.9,38.5,7.8,12.89,198.0,33.6,Normal
92.0,46.8,10.6,12.6,5.0,36.8,Normal
75.8,49.7,3.0,12.98,195.0,25.6,Warning
80.0,35.6,5.0,12.35,121.0,32.1,Normal
91.5,39.8,4.8,12.77,124.0,32.9,Normal
104.9,25.3,9.9,13.06,186.0,28.4,Normal
94.7,46.2,9.6,12.9,171.0,34.1,Normal
97.6,43.0,5.2,11.9,46.0,35.2,Warning
99.7,30.7,8.2,12.44,73.0,33.0,Normal
100.4,24.9,11.9,12.91,10.0,32.1,Normal
91.7,50.6,11.7,11.77,138.0,33.8,Warning
98.3,30.4,5.6,12.87,165.0,31.7,Normal
83.8,40.1,2.3,13.32,193.0,34.0,Critical
100.4,44.9,6.1,12.58,45.0,28.4,Critical
78.0,33.4,3.4,12.37,180.0,32.4,Warning
86.5,42.2,4.6,12.53,125.0,30.9,Normal
98.7,47.7,5.9,12.51,149.0,29.8,Normal
111.0,39.7,7.0,13.0,106.0,39.8,Warning
110.5,25.1,2.7,12.65,191.0,30.1,Warning
90.2,44.1,3.7,13.0,144.0,34.3,Warning
95.8,37.6,2.3,12.47,112.0,33.9,Critical
104.2,29.5,3.5,11.8,174.0,29.0,Warning
103.7,34.4,7.5,12.01,55.0,31.3,Normal
92.4,39.8,7.8,13.36,157.0,31.6,Normal
93.4,42.8,6.8,12.23,45.0,34.5,Normal
101.4,26.6,10.9,12.73,83.0,32.9,Warning
92.6,52.7,7.2,12.98,22.0,36.0,Normal
91.8,45.2,5.5,12.57,89.0,33.6,Normal
91.6,38.8,9.9,12.12,95.0,33.2,Normal
89.7,40.5,2.5,12.3,112.0,32.5,Warning
100.0,39.8,8.0,13.07,137.0,36.1,Normal
89.8,48.8,6.7,12.32,24.0,34.7,Normal
95.3,44.0,3.5,12.03,121.0,32.5,Warning
97.2,42.2,5.5,12.75,67.0,34.0,Normal
92.8,39.8,2.4,13.29,7.0,32.4,Critical
102.0,40.5,6.5,12.61,182.0,35.6,Warning
90.6,40.4,10.6,12.12,127.0,35.6,Normal
100.4,39.9,11.1,11.92,102.0,29.6,Warning
87.8,31.9,5.9,12.79,37.0,31.1,Normal
76.4,49.3,8.8,13.37,154.0,37.1,Normal
85.2,37.4,3.3,13.69,99.0,32.5,Warning
94.8,46.1,8.0,12.12,32.0,37.6,Normal
92.3,28.4,7.1,11.91,127.0,30.2,Warning
96.6,46.5,11.7,12.04,77.0,30.5,Normal
91.6,31.9,7.5,12.07,181.0,30.2,Normal
94.2,24.7,5.4,12.49,176.0,36.1,Warning
91.3,30.4,4.2,11.86,130.0,32.5,Warning
84.1,45.9,9.0,12.63,76.0,32.1,Normal
88.3,38.6,11.1,12.44,122.0,28.5,Normal
87.0,26.9,4.2,12.58,60.0,34.6,Normal
102.4,37.0,11.2,12.22,192.0,29.0,Normal
93.9,41.5,9.8,12.22,146.0,29.8,Critical
91.6,35.3,5.3,11.94,17.0,31.1,Warning
88.1,36.0,10.4,12.26,71.0,34.2,Normal
104.5,34.5,9.5,12.58,121.0,33.7,Normal
83.8,43.9,6.1,12.49,144.0,35.9,Normal
102.0,37.6,9.1,13.53,159.0,32.6,Normal
106.7,45.6,11.6,12.92,108.0,37.0,Normal
80.9,33.7,8.7,12.22,127.0,32.3,Normal
100.2,51.8,4.4,11.8,105.0,36.5,Warning
108.2,53.6,3.6,13.2,53.0,39.3,Warning
97.6,38.9,4.8,11.97,65.0,33.0,Critical
100.8,40.2,6.9,12.53,79.0,32.9,Normal
89.9,40.9,3.3,12.79,199.0,31.4,Warning
93.9,35.0,9.2,12.8,77.0,33.1,Normal
99.3,33.7,3.1,13.52,119.0,30.7,Warning
112.8,43.3,3.7,12.3,7.0,32.9,Warning
94.7,38.8,2.7,13.49,168.0,38.1,Warning
88.1,42.4,9.2,11.99,107.0,28.5,Warning
96.6,50.5,3.2,12.8,148.0,35.6,Warning
105.2,44.6,11.1,12.3,117.0,28.4,Normal
73.1,26.0,4.2,12.08,129.0,33.6,Warning
75.0,54.1,11.3,13.86,29.0,31.4,Warning
78.0,34.9,2.5,11.88,163.0,38.5,Warning
97.0,23.7,10.9,13.3,148.0,36.0,Warning
92.9,31.4,4.0,12.41,143.0,33.0,Normal
88.8,45.5,10.5,12.19,30.0,32.7,Normal
95.8,38.7,5.8,13.25,189.0,30.5,Normal
93.3,34.1,2.0,12.69,15.0,33.1,Critical
91.1,45.6,7.7,13.37,25.0,31.2,Normal
95.4,34.1,2.5,13.03,75.0,31.8,Critical
100.6,50.3,8.4,13.41,113.0,31.6,Normal
89.6,38.8,4.8,12.7,114.0,34.3,Normal
86.4,25.7,7.2,12.3,19.0,33.9,Normal
91.2,33.5,9.2,11.88,26.0,38.0,Warning
87.9,58.5,11.7,12.88,35.0,32.9,Normal
105.9,33.6,7.8,13.09,24.0,36.8,Normal
94.4,38.7,2.6,13.17,153.0,37.9,Warning
94.6,33.1,8.0,12.59,60.0,32.8,Normal
94.6,47.5,11.8,12.93,105.0,32.7,Normal
93.6,24.3,7.0,12.71,108.0,31.7,Warning
94.6,49.9,9.6,12.55,95.0,34.0,Normal
98.7,43.7,7.0,12.33,176.0,36.3,Normal
94.5,36.9,11.7,12.47,19.0,34.0,Normal
96.4,30.1,11.0,12.78,54.0,31.1,Normal
85.7,39.8,11.8,12.55,68.0,33.8,Normal
92.7,47.2,8.4,12.45,43.0,32.9,Warning
118.3,45.0,3.2,12.69,74.0,34.0,Critical
101.8,47.2,8.0,13.15,58.0,33.0,Normal
98.8,23.3,10.5,12.87,54.0,36.9,Warning
84.4,35.9,2.3,12.86,158.0,31.1,Critical
104.8,39.9,9.3,12.73,9.0,29.6,Normal
97.1,37.6,9.1,12.07,101.0,35.9,Normal
93.1,33.1,9.9,11.54,127.0,30.4,Warning
95.0,24.4,8.0,12.91,182.0,31.7,Warning
87.8,28.7,2.9,12.54,36.0,26.0,Warning
86.3,24.9,10.7,11.87,54.0,28.6,Warning
82.2,41.6,11.8,12.29,113.0,32.6,Normal
79.8,41.6,8.9,12.7,172.0,35.8,Normal
81.8,36.0,3.4,12.85,30.0,29.8,Warning
91.2,42.1,5.4,12.61,166.0,31.8,Normal
96.0,53.3,10.9,12.05,28.0,34.8,Normal
107.8,35.0,8.3,12.44,62.0,36.2,Normal
73.8,38.4,3.5,13.6,175.0,31.2,Warning
92.0,37.9,3.6,11.28,68.0,31.0,Critical
110.1,45.5,5.8,12.57,35.0,37.6,Warning
89.3,45.8,2.1,12.58,86.0,33.7,Critical
109.2,31.8,5.5,12.26,91.0,40.5,Warning
92.9,34.3,6.0,11.57,83.0,32.6,Warning
101.1,42.2,9.9,12.91,176.0,37.4,Normal
104.9,38.8,9.7,12.4,74.0,31.4,Normal
103.5,57.4,4.1,12.45,149.0,33.2,Normal
96.1,40.0,9.3,13.24,87.0,29.4,Normal
86.5,31.5,3.1,12.51,114.0,31.2,Warning
97.2,42.1,2.2,12.43,83.0,33.7,Critical
97.3,40.5,5.0,12.49,147.0,33.8,Normal
74.5,41.4,11.5,12.65,148.0,32.9,Warning
84.8,50.0,4.3,13.49,142.0,33.6,Normal
121.2,41.0,4.3,12.46,96.0,28.1,Critical
106.0,40.9,2.8,12.76,36.0,34.1,Warning
88.6,43.3,4.6,12.24,181.0,34.7,Normal
100.4,33.6,4.7,13.83,103.0,29.9,Normal
95.3,54.4,9.8,12.8,192.0,33.4,Normal
102.6,38.7,5.8,12.7,107.0,33.3,Normal
101.3,29.5,4.1,12.8,124.0,31.2,Normal
97.0,30.0,9.8,12.86,118.0,37.4,Normal
99.3,31.2,10.6,12.55,154.0,31.5,Normal
97.3,39.8,11.6,12.74,131.0,36.7,Normal
90.0,35.0,12.0,12.42,186.0,34.8,Normal
95.6,36.6,8.2,11.86,198.0,38.7,Warning
109.5,49.6,6.0,11.87,174.0,37.7,Warning
89.2,56.8,8.9,12.23,41.0,27.2,Warning
96.0,24.6,6.7,12.56,30.0,37.9,Warning
106.3,32.8,4.2,12.8,140.0,33.5,Normal
97.5,32.2,8.8,12.23,193.0,36.2,Normal
95.1,29.7,8.8,12.03,153.0,35.8,Normal
93.0,39.8,5.4,11.93,67.0,30.8,Warning
92.8,28.6,6.0,13.1,12.0,35.2,Normal
93.3,37.9,5.8,12.57,43.0,34.3,Normal
90.2,37.9,4.3,12.05,179.0,28.2,Normal
91.7,39.7,6.2,12.24,87.0,34.3,Normal
103.2,36.8,12.0,13.02,147.0,31.4,Normal
97.0,43.4,10.6,13.52,98.0,35.4,Normal
87.8,41.3,5.1,12.62,72.0,40.2,Warning
94.3,46.4,9.1,13.09,86.0,31.2,Normal
92.5,47.0,9.7,13.07,42.0,29.7,Critical
91.5,41.0,11.9,13.94,181.0,34.9,Normal
75.5,45.1,8.8,11.79,139.0,30.4,Warning
77.3,57.2,9.1,12.8,154.0,33.8,Normal
100.3,44.4,3.0,11.99,184.0,33.1,Warning
89.1,37.6,11.5,13.31,135.0,32.9,Normal
115.0,42.2,11.6,13.11,121.0,32.1,Warning
92.1,43.4,9.1,12.61,27.0,31.1,Normal
96.8,39.4,2.5,12.61,49.0,30.9,Critical
82.6,39.0,10.6,12.46,135.0,32.0,Normal
96.3,45.6,11.6,12.66,53.0,36.2,Normal
94.4,46.4,8.6,11.77,27.0,27.3,Warning
96.7,49.0,6.9,12.39,51.0,35.8,Normal
90.5,42.5,8.6,12.0,153.0,31.3,Normal
100.3,31.8,9.3,12.33,151.0,33.1,Normal
94.9,37.1,5.3,12.56,187.0,30.9,Normal
90.5,48.2,6.1,12.62,66.0,38.5,Critical
85.9,34.1,5.1,12.52,86.0,30.1,Normal
85.5,40.7,9.8,12.71,176.0,32.2,Normal
104.8,32.9,11.3,12.52,139.0,31.7,Normal
105.7,48.8,11.7,11.95,76.0,27.8,Warning
101.0,38.1,8.5,12.56,159.0,36.1,Normal
113.5,38.8,6.7,12.0,138.0,32.9,Warning
109.7,30.8,9.2,11.97,107.0,28.6,Warning
86.7,53.2,8.0,12.85,24.0,32.1,Normal
93.9,32.1,7.2,12.37,175.0,38.5,Normal
104.1,45.4,3.9,11.87,109.0,30.6,Warning
97.5,58.6,11.9,12.49,83.0,27.3,Warning
98.7,37.5,7.3,13.16,5.0,33.6,Normal
96.8,35.7,8.1,12.17,69.0,31.3,Normal
76.3,45.0,4.7,12.59,81.0,30.1,Normal
79.0,34.1,11.6,12.08,20.0,30.1,Normal
92.8,34.6,7.8,12.77,99.0,33.2,Normal
90.4,26.5,5.8,11.95,120.0,32.3,Warning
81.1,30.0,7.6,12.42,72.0,28.3,Normal
97.1,32.8,11.2,13.38,62.0,35.9,Normal
86.0,44.5,4.8,12.43,21.0,27.6,Warning
104.5,40.4,2.2,12.79,29.0,32.2,Critical
84.0,27.6,9.2,12.84,98.0,31.5,Normal
111.3,41.0,9.6,12.46,153.0,34.6,Warning
90.8,49.0,4.3,12.58,189.0,33.2,Normal
94.6,39.8,7.2,12.79,25.0,33.9,Normal
95.0,40.9,3.6,12.61,7.0,32.4,Warning
116.4,30.4,2.8,12.21,11.0,31.1,Normal
104.7,31.3,4.5,13.41,127.0,33.6,Normal
108.4,33.8,11.5,12.61,110.0,36.7,Warning
93.5,49.6,3.2,12.59,8.0,33.4,Warning
99.8,47.8,3.2,12.74,25.0,36.6,Warning
93.3,50.8,10.1,12.27,189.0,36.5,Normal
84.9,45.4,5.1,12.57,138.0,29.6,Normal
80.7,34.4,10.8,12.54,157.0,30.0,Normal
92.3,32.4,3.0,12.94,123.0,31.8,Warning
92.7,42.4,6.8,13.2,15.0,37.1,Normal
101.2,38.3,5.1,13.05,173.0,34.2,Normal
106.7,49.7,8.3,12.09,23.0,30.3,Normal
101.6,39.8,5.4,13.34,187.0,36.9,Normal
94.5,54.0,9.1,12.56,149.0,30.0,Normal
90.0,39.8,3.9,12.13,77.0,29.8,Warning
80.2,43.4,7.9,12.39,151.0,38.6,Normal
97.6,42.9,11.4,12.95,102.0,34.8,Normal
86.9,40.0,3.3,12.7,179.0,30.4,Warning
103.0,30.4,7.5,13.02,168.0,32.4,Normal
82.6,47.8,9.0,12.61,129.0,28.5,Critical
112.0,36.0,8.8,13.54,47.0,34.6,Warning
94.4,32.8,3.5,12.54,117.0,36.8,Warning
101.1,36.9,9.3,12.43,182.0,32.9,Normal
88.7,26.0,2.2,12.3,186.0,31.1,Critical
98.0,49.6,10.3,12.91,49.0,35.9,Normal
87.1,42.6,5.4,11.92,103.0,27.6,Warning
103.0,39.8,9.9,12.22,30.0,28.8,Normal
103.2,42.0,5.0,13.29,53.0,30.6,Normal
85.5,34.1,6.0,12.85,90.0,30.2,Normal
97.8,35.0,6.3,12.61,41.0,26.8,Warning
98.5,44.6,11.6,12.61,64.0,30.7,Normal
79.7,43.5,7.3,12.72,139.0,29.8,Normal
92.4,35.3,7.3,12.32,148.0,29.0,Normal
107.3,33.7,7.6,12.25,114.0,32.0,Normal
99.5,30.6,6.3,12.95,126.0,29.5,Normal
85.4,42.2,10.0,11.98,61.0,39.7,Warning
100.6,43.4,3.1,12.44,88.0,27.0,Warning
99.4,43.2,2.8,13.65,67.0,35.0,Warning
98.9,29.9,8.6,11.93,42.0,35.1,Warning
108.4,31.5,7.4,11.64,155.0,34.8,Warning
86.7,47.3,10.7,12.64,10.0,36.1,Normal
89.9,39.8,6.6,12.95,115.0,29.6,Normal
77.4,32.1,9.0,13.16,6.0,27.1,Warning
90.0,25.9,5.7,12.49,10.0,35.2,Normal
101.5,33.8,7.9,12.44,79.0,29.9,Normal
106.4,37.4,5.4,12.99,93.0,36.8,Normal
92.9,42.0,2.9,12.58,54.0,33.7,Warning
79.2,35.1,5.1,12.43,91.0,32.5,Normal
102.2,50.3,7.8,12.36,68.0,29.3,Normal
83.3,55.1,7.4,12.53,121.0,32.0,Normal
105.9,30.5,8.2,12.25,137.0,34.8,Normal
99.3,34.0,11.4,12.63,69.0,29.5,Normal
87.9,47.7,9.6,12.61,63.0,32.0,Normal
95.0,53.6,11.3,12.01,41.0,40.9,Warning
77.8,43.1,9.6,12.38,144.0,30.6,Normal
111.3,45.1,9.1,12.4,74.0,36.6,Warning
86.8,39.0,2.2,12.4,38.0,36.2,Critical
103.1,40.4,9.1,13.14,183.0,33.6,Normal
95.1,41.1,6.1,11.77,70.0,29.6,Warning
103.4,35.8,9.4,12.52,114.0,32.5,Critical
98.3,36.6,8.7,12.28,41.0,32.3,Normal
99.1,48.9,5.1,11.96,166.0,33.1,Warning
97.7,43.3,4.4,12.56,150.0,36.4,Normal
81.5,37.2,3.3,12.36,97.0,36.8,Warning
91.1,45.2,11.4,12.78,182.0,29.0,Normal
91.1,45.5,5.6,11.13,30.0,32.5,Critical
92.0,42.6,5.1,13.19,21.0,32.5,Normal
102.0,48.5,3.5,12.43,165.0,30.9,Warning
92.3,50.2,3.3,13.11,134.0,34.1,Warning
101.7,37.6,8.8,12.48,161.0,30.1,Normal
88.5,51.9,2.9,12.48,46.0,31.5,Warning
91.1,48.8,5.1,12.5,119.0,35.2,Normal
111.1,39.8,9.6,12.65,116.0,34.0,Warning
83.9,34.7,9.6,11.65,21.0,32.6,Warning
87.2,26.2,9.2,12.57,120.0,32.4,Normal
91.9,32.5,11.5,12.83,41.0,34.0,Normal
99.2,45.6,11.2,13.42,185.0,36.3,Normal
94.3,37.9,8.0,13.45,193.0,32.8,Normal
98.8,28.6,6.8,12.02,175.0,33.0,Normal
87.0,46.7,5.5,11.81,118.0,36.5,Warning
95.8,34.6,7.9,12.29,190.0,32.8,Normal
94.9,40.0,7.9,11.86,197.0,34.3,Warning
91.0,30.4,2.7,13.37,104.0,30.9,Warning
83.4,52.7,2.0,13.58,14.0,29.8,Critical
101.5,44.3,6.1,12.48,86.0,31.8,Normal
103.5,39.8,4.7,12.26,38.0,31.7,Normal
89.8,46.1,8.1,12.28,14.0,30.4,Normal
98.1,36.3,7.1,12.29,80.0,32.3,Normal
88.2,35.2,7.4,12.25,57.0,35.8,Normal
100.0,30.8,8.9,12.86,143.0,36.2,Normal
94.5,33.7,8.4,13.14,73.0,32.1,Normal
89.9,37.9,9.7,12.01,184.0,37.2,Normal
88.2,31.7,10.2,12.61,129.0,36.2,Normal
100.7,39.8,10.0,12.94,28.0,32.0,Normal
92.0,42.7,6.4,12.31,95.0,34.3,Normal
85.5,39.8,8.1,12.42,112.0,37.3,Normal
92.5,40.8,9.3,12.73,120.0,32.9,Normal
85.6,42.3,8.8,12.71,124.0,34.7,Normal
96.6,38.8,2.4,12.84,155.0,30.9,Critical
90.7,39.8,10.7,13.01,49.0,33.2,Normal
96.8,36.6,8.2,12.44,120.0,31.6,Normal
104.5,46.0,4.5,13.11,93.0,32.7,Normal
99.3,26.9,4.1,12.45,21.0,39.0,Normal
106.5,42.4,2.8,12.22,146.0,32.1,Warning
90.7,43.3,10.2,12.33,151.0,37.5,Normal
97.5,34.4,9.0,12.44,119.0,30.5,Normal
85.6,48.3,5.4,12.49,37.0,41.2,Warning
92.0,37.2,4.5,12.99,119.0,36.9,Normal
75.9,48.7,3.6,12.74,82.0,30.7,Warning
92.9,40.8,6.2,12.35,190.0,31.3,Normal
106.8,48.1,11.0,12.71,42.0,34.4,Normal
93.5,33.8,6.0,12.99,194.0,32.9,Normal
99.6,40.1,7.7,12.45,106.0,34.1,Normal
88.4,27.2,7.3,12.99,78.0,31.7,Normal
98.3,38.5,2.5,12.28,34.0,32.9,Warning
98.2,34.2,10.4,12.61,18.0,30.5,Normal
100.0,46.2,3.0,12.48,65.0,30.0,Warning
110.3,41.6,4.9,13.14,159.0,30.1,Warning
103.8,57.5,8.7,12.21,139.0,28.7,Normal
94.3,37.6,9.7,12.89,99.0,33.3,Normal
92.1,31.8,3.3,13.4,28.0,38.5,Warning
95.6,45.1,4.7,12.63,32.0,39.1,Normal
91.1,45.7,5.4,13.64,138.0,30.6,Normal
95.1,40.9,6.8,12.57,149.0,38.7,Normal
77.0,36.4,6.9,12.62,61.0,34.1,Normal
101.1,40.0,11.4,13.24,12.0,28.7,Normal
104.7,44.9,8.9,13.15,94.0,28.5,Normal
90.2,50.7,9.7,11.92,173.0,28.5,Warning
92.5,44.5,6.1,12.79,125.0,34.9,Normal
102.7,50.2,11.3,12.36,159.0,31.5,Normal
96.2,49.9,9.3,13.26,80.0,33.8,Normal
91.5,29.9,5.2,13.11,184.0,35.2,Normal
96.7,53.3,6.0,11.72,183.0,33.8,Warning
98.0,44.7,6.8,12.61,14.0,33.4,Normal
96.0,27.4,4.2,12.83,191.0,30.9,Critical
102.7,41.2,4.1,12.59,150.0,36.3,Normal
92.6,33.6,3.5,13.39,182.0,31.2,Warning
114.9,31.2,7.7,12.88,52.0,34.5,Warning
102.0,32.4,6.8,13.14,194.0,31.7,Normal
102.9,39.8,4.6,13.24,60.0,32.9,Normal
82.8,35.6,3.4,13.03,28.0,32.6,Warning
96.6,35.7,6.1,12.34,24.0,32.2,Normal
88.0,31.0,2.2,12.64,36.0,40.1,Critical
93.2,24.3,6.3,12.64,100.0,33.8,Warning
93.5,36.0,7.6,13.33,150.0,34.4,Normal
91.8,22.1,8.4,12.87,137.0,35.6,Warning
80.0,40.1,2.6,12.73,102.0,29.7,Warning
84.0,41.3,5.6,12.01,63.0,33.0,Normal
90.5,28.1,8.2,12.35,69.0,33.7,Normal
94.3,45.0,8.8,12.41,143.0,31.2,Normal
90.1,40.5,3.6,12.31,111.0,33.6,Warning
94.1,37.3,9.8,12.95,70.0,31.7,Normal
101.1,51.1,6.7,12.65,14.0,34.5,Normal
94.9,42.5,9.1,12.61,175.0,31.4,Normal
90.7,19.8,8.0,12.58,31.0,28.4,Warning
90.7,36.5,4.3,13.02,102.0,36.6,Normal
91.7,47.1,8.2,12.89,161.0,34.7,Normal
97.9,48.7,9.0,13.11,152.0,34.7,Normal
81.3,52.4,8.4,12.93,54.0,37.8,Normal
98.1,58.4,3.2,12.79,125.0,40.4,Warning
97.9,41.0,11.8,12.48,50.0,32.8,Normal
90.8,36.8,3.7,12.57,34.0,29.7,Warning
88.2,35.5,9.8,13.17,176.0,32.9,Normal
101.0,38.1,10.6,12.7,193.0,31.4,Normal
91.5,41.7,7.9,12.35,27.0,35.4,Normal
91.7,46.8,2.7,12.77,140.0,29.1,Warning
89.0,27.5,2.8,12.51,195.0,28.4,Warning
90.3,33.7,3.6,12.36,45.0,28.5,Warning
106.7,31.3,9.4,11.78,26.0,30.1,Warning
94.5,28.6,6.0,13.11,168.0,32.1,Normal
76.0,28.8,4.3,12.16,11.0,37.6,Normal
92.4,52.4,7.9,12.77,100.0,39.0,Normal
97.2,33.9,7.3,13.02,181.0,32.7,Normal
98.4,26.7,9.8,13.12,54.0,30.7,Normal
95.1,43.3,6.3,12.61,13.0,33.3,Warning
101.0,39.0,11.7,12.9,151.0,34.6,Normal
93.5,38.8,5.3,13.09,101.0,30.0,Normal
83.2,41.5,11.9,12.58,93.0,31.9,Normal
99.1,38.6,4.8,12.25,117.0,34.1,Normal
101.4,32.6,8.5,12.71,199.0,31.0,Normal
90.0,62.9,6.9,12.74,66.0,33.6,Normal
97.6,30.8,3.3,12.85,11.0,31.6,Warning
103.8,31.2,10.7,13.02,40.0,32.7,Critical
97.7,32.8,5.3,13.34,187.0,36.4,Normal
92.0,42.3,8.9,12.96,34.0,32.9,Normal
79.1,48.4,4.8,12.33,23.0,36.6,Normal
92.4,45.5,8.9,13.13,198.0,31.8,Normal
82.8,48.4,7.2,12.25,116.0,41.0,Warning
89.9,41.1,2.7,13.11,45.0,32.4,Warning
103.7,40.8,2.8,12.53,90.0,33.5,Warning
94.9,37.4,4.3,13.17,102.0,35.3,Normal
95.9,39.8,6.7,12.34,141.0,31.8,Normal
91.1,20.4,4.1,12.42,70.0,31.5,Warning
76.8,41.9,9.5,11.8,180.0,30.9,Warning
110.6,52.9,2.7,11.96,66.0,37.2,Normal
111.4,35.3,9.5,12.63,41.0,33.1,Warning
93.7,29.1,5.6,12.11,176.0,32.7,Normal
105.5,40.8,9.5,13.01,83.0,26.0,Warning
94.7,39.9,5.9,12.75,70.0,31.0,Normal
102.2,42.0,2.9,12.77,157.0,27.3,Warning
99.7,41.8,11.0,12.31,111.0,32.1,Normal
103.2,42.1,4.8,12.91,40.0,29.6,Normal
94.2,62.0,3.2,13.13,60.0,33.8,Warning
86.7,39.9,3.9,12.33,138.0,32.7,Warning
100.3,39.2,3.4,12.62,157.0,32.1,Warning
99.3,52.6,11.3,12.43,185.0,32.4,Normal
98.1,25.9,11.2,12.19,94.0,27.6,Warning
84.7,46.0,2.1,12.34,119.0,37.1,Critical
86.4,47.2,3.0,13.02,150.0,38.5,Warning
106.9,33.8,8.4,12.49,181.0,35.9,Normal
92.5,36.7,11.0,13.27,157.0,33.2,Normal
99.0,38.0,7.9,12.58,143.0,34.5,Normal
83.4,52.8,4.3,13.05,148.0,28.5,Normal
99.4,42.0,9.4,12.91,189.0,30.8,Normal
106.4,40.2,5.3,11.92,56.0,37.5,Warning
88.4,42.2,4.3,12.76,70.0,30.2,Normal
92.3,28.7,11.4,13.27,180.0,33.3,Normal
82.3,52.6,4.6,12.9,144.0,32.9,Normal
88.8,29.5,10.3,12.88,190.0,37.2,Normal
98.3,35.9,10.8,13.57,183.0,29.8,Normal
115.0,35.3,5.5,12.71,28.0,32.9,Warning
94.4,43.5,5.7,12.9,104.0,29.3,Normal
87.4,40.7,6.9,12.61,173.0,32.8,Normal
82.5,40.8,4.7,11.62,85.0,33.9,Warning
86.4,30.5,2.4,12.26,46.0,35.6,Critical
98.0,41.2,2.8,12.26,31.0,27.9,Warning
92.0,46.2,7.1,12.3,100.0,32.3,Normal
97.9,39.8,11.1,12.29,98.0,34.8,Normal
81.7,50.2,6.8,12.39,49.0,33.6,Normal
94.3,39.8,9.2,12.13,74.0,33.3,Normal
106.4,31.2,7.6,13.19,10.0,34.4,Normal
100.1,41.1,4.0,12.39,140.0,30.9,Normal
95.5,43.8,7.4,13.01,161.0,36.6,Normal
95.1,35.3,5.3,12.67,94.0,33.4,Normal
89.8,39.5,10.0,12.52,11.0,36.1,Normal
104.1,21.4,2.1,13.15,120.0,37.7,Critical
100.4,49.2,6.9,12.18,131.0,31.6,Normal
94.5,43.1,2.6,12.8,165.0,37.4,Warning
80.2,39.4,7.6,12.38,145.0,34.7,Normal
91.8,41.1,9.8,12.23,92.0,31.6,Normal
100.5,39.8,7.6,12.82,168.0,29.4,Normal
86.7,31.9,8.8,12.61,159.0,32.3,Normal
97.5,43.7,8.7,12.31,120.0,33.1,Normal
100.7,40.8,7.9,12.05,137.0,35.1,Normal
83.9,45.0,3.6,11.96,123.0,32.7,Warning
91.7,32.6,2.3,12.68,6.0,33.5,Critical
91.6,33.1,10.5,12.93,79.0,29.8,Normal
112.2,43.5,12.0,12.2,130.0,29.0,Warning
84.1,31.8,10.7,12.16,11.0,32.9,Normal
79.3,47.3,2.6,12.61,112.0,29.9,Warning
86.0,27.7,5.4,12.73,57.0,26.5,Warning
94.0,35.4,4.6,11.75,90.0,34.0,Warning
109.2,39.8,3.8,12.21,198.0,35.1,Critical
92.5,44.7,8.8,12.94,136.0,32.0,Normal
97.3,40.7,11.5,12.76,18.0,35.7,Normal
114.6,41.4,8.6,12.19,87.0,31.8,Warning
105.4,35.9,2.9,12.46,121.0,35.2,Warning
112.7,38.5,4.2,13.1,169.0,38.2,Warning
88.5,33.6,9.6,13.19,158.0,37.5,Normal
105.7,34.1,3.0,12.33,53.0,32.4,Warning
80.5,38.7,9.5,12.54,122.0,32.0,Normal
86.6,29.9,6.7,12.84,40.0,36.6,Normal
91.1,39.8,2.9,12.24,21.0,38.4,Warning
96.7,43.9,8.5,12.17,111.0,31.2,Normal
90.7,28.9,2.1,13.28,69.0,36.9,Critical
98.5,34.1,8.2,12.25,134.0,31.6,Normal
106.4,32.8,11.9,12.61,113.0,33.4,Normal
98.2,30.6,9.4,12.28,23.0,33.1,Normal
92.3,48.2,10.4,13.04,166.0,29.5,Normal
96.9,25.7,6.5,13.08,51.0,30.2,Normal
84.5,49.0,5.0,13.08,30.0,33.3,Normal
80.9,57.7,10.4,11.22,6.0,32.2,Critical
95.8,40.3,11.8,12.88,31.0,31.0,Normal
117.9,34.1,7.3,12.7,72.0,33.7,Warning
96.5,41.4,10.3,12.09,134.0,31.2,Normal
94.0,44.2,5.9,13.04,81.0,43.3,Warning
99.5,42.3,2.4,12.52,133.0,37.8,Critical
98.6,30.0,9.9,13.1,132.0,39.6,Normal
89.8,39.8,8.8,12.51,58.0,32.8,Normal
99.6,38.5,4.3,12.46,120.0,30.3,Normal
102.9,31.8,6.2,13.71,168.0,33.6,Normal
97.0,42.4,2.3,11.81,46.0,33.3,Critical
89.5,37.2,11.3,12.42,160.0,32.6,Normal
96.6,54.6,4.8,13.21,119.0,32.9,Normal
84.4,39.8,8.3,12.89,44.0,33.4,Normal
94.1,40.8,2.3,12.61,20.0,32.9,Critical
89.8,48.8,7.3,11.6,17.0,33.6,Warning
97.7,38.7,3.9,11.98,187.0,29.2,Warning
90.9,24.8,11.1,12.81,106.0,29.6,Warning
92.5,21.7,10.9,12.54,199.0,33.2,Warning
89.5,46.6,4.4,13.68,55.0,31.7,Normal
108.6,22.9,11.9,12.29,35.0,39.2,Warning
89.3,27.3,9.6,12.85,191.0,34.0,Normal
81.9,39.7,5.1,12.89,77.0,30.9,Normal
90.0,34.0,3.7,12.7,186.0,25.7,Warning
83.7,44.7,2.3,12.63,165.0,34.8,Critical
99.9,39.0,9.3,13.37,123.0,38.2,Normal
94.0,41.4,5.5,12.56,26.0,34.4,Normal
105.9,47.7,9.2,13.33,189.0,33.7,Normal
94.5,49.6,5.1,13.27,20.0,40.3,Warning
96.6,33.7,3.8,12.42,112.0,30.1,Warning
82.5,65.0,7.0,12.31,12.0,34.4,Normal
91.3,33.5,10.1,13.23,143.0,32.9,Normal
97.6,49.2,3.3,12.73,74.0,31.8,Warning
98.4,38.0,9.7,12.35,170.0,32.5,Normal
100.3,36.3,7.1,13.09,179.0,32.5,Normal
83.9,42.0,11.8,13.38,178.0,24.4,Warning
100.2,41.2,4.1,12.48,50.0,32.6,Normal
99.4,32.7,9.9,12.26,127.0,36.6,Normal
95.2,23.7,6.5,13.3,112.0,30.5,Warning
100.2,35.7,10.6,12.94,69.0,38.7,Normal
91.3,29.8,9.0,12.64,126.0,34.5,Normal
95.7,38.3,10.7,13.05,62.0,33.4,Normal
89.2,42.1,9.5,13.2,27.0,36.9,Normal
101.2,36.6,11.3,11.59,15.0,28.4,Warning
91.1,32.0,4.6,12.23,118.0,32.6,Normal
83.3,43.6,8.6,12.61,187.0,33.7,Normal
92.0,37.4,6.0,12.56,135.0,33.5,Normal
92.2,47.8,7.5,13.22,112.0,35.7,Normal
91.1,43.7,10.2,12.61,25.0,31.2,Warning
95.0,49.5,10.5,13.01,25.0,34.4,Normal
97.4,39.5,10.3,12.26,160.0,31.7,Normal
99.6,36.6,5.6,12.59,49.0,39.0,Normal
108.6,48.8,3.2,13.08,162.0,33.3,Warning
99.2,33.0,8.6,12.64,24.0,32.9,Normal
109.4,39.8,11.1,12.0,186.0,32.3,Warning
93.4,35.8,9.2,13.09,20.0,29.4,Normal
95.5,35.9,6.6,12.96,7.0,28.1,Normal
104.4,43.8,11.2,13.44,6.0,36.0,Normal
98.6,37.9,8.0,12.37,84.0,30.4,Normal
88.8,39.2,9.8,12.93,78.0,29.6,Normal
99.2,54.8,3.3,12.52,147.0,36.5,Critical
86.8,39.7,11.2,12.67,104.0,32.3,Normal
97.9,26.5,6.8,12.55,138.0,36.1,Normal
91.3,43.7,2.7,12.71,171.0,29.2,Warning
100.2,40.7,8.7,13.16,51.0,29.7,Normal
114.6,43.7,5.5,12.94,109.0,34.5,Critical
80.3,48.4,7.2,13.29,79.0,34.6,Warning
93.0,47.9,12.0,13.0,168.0,31.4,Normal
92.3,39.8,2.6,12.61,170.0,31.1,Warning
91.4,51.3,10.8,13.13,148.0,28.4,Normal
103.8,35.3,2.2,12.32,47.0,28.9,Critical
100.3,28.3,8.8,12.41,152.0,34.9,Normal
101.7,29.0,7.7,11.9,190.0,33.2,Normal
100.5,38.6,6.9,13.69,20.0,34.2,Normal
85.3,39.3,10.8,12.87,107.0,30.1,Normal
102.4,32.6,2.9,13.47,160.0,31.7,Warning
91.6,36.8,2.4,12.01,186.0,36.8,Critical
98.8,43.7,10.2,13.41,118.0,37.8,Normal
79.9,39.0,4.8,12.18,192.0,31.5,Normal
94.9,49.9,5.6,12.47,76.0,37.6,Normal
93.6,47.6,9.9,13.32,90.0,34.3,Normal
102.1,25.5,7.4,12.86,73.0,30.7,Normal
105.0,40.7,6.5,12.19,34.0,35.3,Normal
89.4,44.4,8.4,13.07,159.0,34.5,Normal
100.8,56.5,5.8,12.63,45.0,26.1,Warning
107.6,40.0,9.1,12.68,112.0,31.6,Normal
93.6,40.0,11.7,12.54,64.0,30.9,Normal
92.2,28.7,7.3,12.44,125.0,34.2,Normal
85.6,44.2,6.6,12.86,86.0,36.7,Critical
108.3,39.8,7.5,13.15,14.0,29.2,Warning
97.8,46.2,7.3,11.95,146.0,31.6,Warning
94.2,36.3,6.7,12.31,159.0,35.6,Normal
92.9,31.4,5.6,11.9,27.0,36.5,Warning
99.8,36.6,2.3,13.96,108.0,31.5,Critical
101.6,15.8,10.5,13.51,52.0,28.5,Critical
88.2,45.5,8.9,12.77,40.0,36.6,Normal
85.0,35.2,6.4,13.79,125.0,37.3,Normal
84.9,42.7,9.8,12.8,24.0,36.2,Normal
101.1,33.6,9.3,12.87,133.0,32.3,Normal
92.2,38.9,2.6,12.67,10.0,26.5,Warning
104.8,35.9,11.7,12.44,58.0,31.4,Normal
92.0,37.0,11.4,12.85,82.0,35.2,Normal
97.6,28.9,10.6,12.43,59.0,28.0,Warning
96.8,37.5,3.5,12.02,186.0,27.5,Warning
90.2,55.8,5.2,12.47,109.0,34.0,Normal
110.8,12.4,9.6,12.36,13.0,26.8,Critical
88.1,38.5,3.5,12.52,112.0,31.7,Warning
92.8,41.8,7.2,12.05,9.0,31.6,Normal
80.1,37.2,11.1,12.82,135.0,30.0,Normal
88.8,37.9,2.8,12.65,6.0,34.6,Warning
94.3,52.6,4.0,13.0,157.0,32.9,Warning
84.6,37.4,9.1,12.56,40.0,38.4,Normal
90.1,40.5,4.6,12.61,146.0,34.2,Normal
108.5,33.9,2.2,13.37,128.0,32.8,Critical
89.8,39.3,2.3,12.28,104.0,38.0,Critical
86.6,47.2,12.0,12.37,159.0,29.7,Normal
95.8,35.9,7.0,12.58,14.0,34.2,Normal
113.9,43.3,7.4,12.63,190.0,34.2,Warning
88.0,45.3,5.9,12.28,194.0,28.9,Normal
94.2,47.7,5.4,12.55,160.0,34.6,Normal
93.3,55.2,4.1,12.3,7.0,32.1,Normal
90.2,35.5,2.4,12.42,77.0,37.2,Critical
97.0,45.6,10.0,11.76,145.0,30.6,Warning
92.5,32.8,5.1,12.36,39.0,33.1,Normal
95.2,52.7,2.4,13.17,188.0,31.7,Critical
100.6,53.9,5.5,12.62,117.0,36.0,Normal
101.7,45.4,7.7,13.08,32.0,28.9,Normal
96.8,36.0,8.5,13.14,28.0,32.5,Normal
79.9,39.0,5.5,12.54,79.0,33.3,Normal
93.8,31.4,11.2,12.88,6.0,40.7,Warning
94.2,39.2,9.6,12.48,198.0,33.9,Normal
99.0,48.6,9.4,12.93,89.0,32.3,Normal
80.6,45.3,8.2,12.58,64.0,32.9,Normal
103.9,36.9,3.4,12.59,168.0,29.6,Warning
87.3,55.6,4.0,11.71,199.0,35.9,Warning
101.3,39.8,11.0,12.38,92.0,33.0,Normal
90.7,27.7,4.2,12.63,87.0,29.1,Normal
96.3,41.1,11.4,12.87,182.0,33.8,Normal
88.3,23.8,2.6,12.7,139.0,34.2,Warning
97.0,51.4,5.7,13.04,177.0,30.0,Normal
102.8,42.0,6.2,13.24,98.0,29.8,Critical
100.6,47.9,7.4,12.33,22.0,27.3,Warning
94.2,30.8,8.3,12.58,199.0,24.8,Warning
94.4,28.1,7.5,12.88,50.0,30.8,Normal
92.2,43.5,8.3,13.46,176.0,34.6,Normal
97.6,54.6,11.5,12.74,27.0,35.0,Normal
100.0,39.8,9.2,12.36,197.0,30.4,Normal
106.1,33.9,7.8,13.13,163.0,29.5,Normal
92.7,39.4,9.7,12.77,38.0,38.3,Normal
97.0,52.1,11.6,11.79,163.0,34.7,Warning
103.5,43.6,7.0,11.86,143.0,26.9,Warning
92.4,42.5,3.8,12.7,124.0,32.9,Normal
101.4,27.6,5.5,11.98,71.0,31.7,Warning
94.6,47.0,11.7,12.57,111.0,25.4,Warning
95.0,35.1,5.1,12.61,192.0,30.6,Warning
97.5,30.0,7.5,12.26,20.0,32.6,Normal
98.2,36.5,3.6,12.43,18.0,31.6,Warning
93.3,54.2,8.6,13.16,123.0,33.1,Normal
90.0,47.3,8.0,12.24,11.0,31.4,Normal
100.0,39.2,5.4,11.68,53.0,37.0,Warning
95.6,41.0,5.2,11.96,111.0,35.0,Warning
97.4,33.4,8.2,12.99,127.0,30.5,Normal
101.9,34.5,7.1,12.48,117.0,30.1,Normal
87.7,43.3,9.4,12.38,27.0,34.6,Normal
77.1,37.1,7.8,13.03,71.0,35.9,Normal
104.8,39.8,2.3,13.06,117.0,31.8,Critical
83.1,47.2,10.6,12.9,6.0,33.0,Normal
99.6,49.1,8.7,13.21,156.0,33.3,Normal
91.5,48.5,6.4,12.96,51.0,35.1,Normal
89.6,26.1,9.2,13.24,32.0,32.9,Normal
104.5,29.8,4.7,12.32,17.0,39.5,Normal
106.0,37.1,10.9,12.59,128.0,41.9,Warning
89.9,41.7,5.2,11.62,42.0,35.6,Warning
85.0,52.2,7.5,12.75,177.0,35.3,Normal
94.3,39.2,4.6,12.9,131.0,32.8,Normal
105.2,46.8,4.2,12.79,146.0,34.8,Normal
91.1,32.3,11.1,11.76,125.0,34.6,Warning
92.7,38.6,9.2,12.59,155.0,34.2,Normal
91.2,23.5,7.9,12.75,53.0,30.8,Normal
92.2,33.2,8.4,12.85,51.0,28.9,Normal
107.0,57.0,12.0,12.84,134.0,33.1,Normal
88.2,48.5,6.6,12.72,32.0,31.4,Normal
101.3,45.6,2.6,12.72,46.0,37.0,Warning
83.8,25.8,6.7,12.53,76.0,32.3,Normal
72.5,53.0,9.5,12.72,70.0,28.3,Warning
94.3,39.1,6.3,12.4,75.0,32.9,Normal
112.3,44.0,10.2,12.16,61.0,36.4,Warning
90.4,45.4,9.0,13.02,80.0,32.9,Normal
84.3,48.0,3.7,13.91,130.0,32.0,Warning
94.6,41.4,8.5,12.41,14.0,30.9,Normal
94.9,43.4,9.9,13.23,10.0,32.3,Normal
99.9,29.1,11.3,12.61,49.0,32.1,Normal
95.4,38.4,9.7,13.09,172.0,33.7,Normal
84.0,41.2,5.0,11.79,50.0,31.9,Warning
91.2,41.9,10.3,12.54,59.0,37.3,Normal
89.2,49.1,9.2,12.26,49.0,34.2,Normal
93.1,37.2,3.6,12.9,137.0,37.8,Warning
102.8,39.4,7.3,12.51,164.0,34.6,Normal
93.0,44.3,3.7,11.58,173.0,34.0,Warning
86.8,37.0,8.9,12.5,43.0,33.2,Normal
92.4,18.4,7.4,12.41,120.0,32.6,Warning
94.4,48.1,10.5,12.67,6.0,27.5,Warning
86.7,34.2,4.9,12.89,107.0,31.5,Normal
91.8,39.0,8.6,12.54,146.0,36.2,Normal
93.1,40.6,6.7,12.06,126.0,38.8,Normal
79.7,39.8,9.3,12.09,195.0,35.2,Normal
104.0,33.3,11.3,11.95,117.0,35.7,Warning
81.6,20.2,10.0,11.63,101.0,30.9,Warning
92.8,52.0,7.1,12.9,86.0,36.4,Normal
85.6,49.6,3.3,13.62,124.0,35.9,Warning
113.6,33.1,9.2,12.61,61.0,31.7,Warning
80.8,46.4,4.7,12.08,188.0,29.5,Normal
96.0,47.2,10.9,13.65,124.0,33.1,Normal
96.5,39.8,6.0,12.74,19.0,36.7,Normal
104.4,29.6,8.5,12.73,183.0,33.0,Normal
101.1,35.2,9.4,12.22,6.0,27.8,Warning
86.1,31.8,8.6,12.88,192.0,31.8,Normal
109.1,33.2,3.4,12.6,62.0,36.3,Warning
104.5,20.8,11.8,12.4,148.0,32.6,Warning
93.5,35.5,2.4,12.55,169.0,32.2,Critical
109.4,35.8,2.8,12.3,125.0,36.2,Warning
97.5,36.4,10.7,11.55,68.0,31.4,Warning
89.2,44.7,6.1,12.39,147.0,38.5,Normal
99.9,44.2,7.2,12.89,27.0,32.2,Normal
76.9,49.1,4.9,13.93,134.0,29.3,Normal
108.6,44.2,11.7,11.74,71.0,30.6,Warning
100.7,45.8,9.5,12.65,171.0,28.2,Normal
96.8,47.0,11.0,12.52,162.0,30.3,Normal
96.4,25.7,7.4,12.81,161.0,30.3,Normal
98.3,35.6,11.4,12.65,48.0,35.8,Normal
95.5,38.7,8.0,12.99,23.0,31.7,Normal
91.4,36.5,6.4,12.61,90.0,25.1,Warning
89.0,50.2,3.8,12.61,123.0,35.1,Warning
92.2,42.2,10.6,13.05,143.0,33.9,Normal
86.3,44.1,9.0,12.96,108.0,31.2,Normal
92.9,40.2,10.3,12.61,62.0,34.2,Normal
107.4,41.4,3.8,12.57,74.0,29.0,Warning
90.9,46.9,5.9,12.62,156.0,24.3,Warning
80.9,43.2,6.0,13.01,8.0,33.4,Normal
104.4,36.5,5.0,12.61,194.0,35.5,Normal
102.2,34.2,10.2,12.09,43.0,30.5,Normal
100.9,43.8,5.3,13.33,198.0,33.0,Normal
97.0,39.8,8.7,12.57,158.0,30.4,Normal
88.7,37.9,6.4,13.42,42.0,32.6,Normal
101.0,48.5,4.4,12.15,146.0,28.1,Normal
92.4,37.8,9.2,11.76,29.0,34.3,Warning
111.4,34.4,10.3,12.45,151.0,29.6,Normal
97.3,42.7,8.3,11.4,120.0,33.5,Warning
85.8,40.0,8.7,12.01,38.0,34.3,Normal
84.2,41.9,7.6,12.92,200.0,31.8,Normal
91.7,43.6,11.5,12.7,19.0,32.7,Normal
96.9,36.0,5.1,13.34,187.0,29.2,Normal
98.2,33.0,8.8,13.45,138.0,35.0,Normal
90.5,38.4,11.3,12.91,190.0,37.8,Normal
88.9,40.6,7.4,12.74,19.0,33.7,Normal
93.7,26.8,4.9,12.84,142.0,32.0,Normal
94.2,37.4,11.0,12.37,15.0,37.1,Normal
93.6,30.6,2.7,13.77,109.0,34.2,Warning
89.1,39.3,4.4,12.66,190.0,31.5,Normal
81.8,45.2,4.5,11.93,143.0,34.6,Warning
93.6,56.9,9.2,12.61,62.0,29.7,Normal
102.4,39.9,8.7,12.27,142.0,27.0,Warning
105.4,37.3,4.0,13.02,27.0,37.5,Normal
96.3,39.8,4.6,12.39,134.0,31.4,Normal
95.1,42.6,11.0,12.7,156.0,32.9,Normal
101.8,42.8,10.0,13.86,122.0,26.3,Warning
92.7,33.7,10.2,13.05,168.0,33.2,Normal
93.6,30.2,7.1,13.3,23.0,33.7,Normal
97.6,40.9,7.3,13.0,7.0,35.7,Normal
84.8,39.8,7.1,12.38,117.0,29.2,Normal
90.7,37.6,5.2,12.37,91.0,31.6,Normal
86.1,37.5,11.5,13.32,135.0,32.8,Normal
94.4,32.7,11.6,11.74,117.0,35.9,Warning
99.4,33.5,3.3,12.83,186.0,36.8,Warning
96.8,31.6,8.2,13.05,87.0,35.1,Normal
78.1,49.2,9.8,12.68,120.0,33.6,Normal
114.9,41.6,3.1,13.28,57.0,30.7,Warning
90.3,46.6,5.7,13.73,11.0,29.6,Normal
100.7,26.2,2.9,13.08,160.0,30.9,Normal
98.9,20.5,5.5,12.76,191.0,39.1,Warning
99.9,43.9,5.1,12.57,15.0,33.3,Normal
84.7,38.5,9.1,12.2,40.0,33.0,Normal
85.3,36.1,9.8,12.7,32.0,40.1,Warning
111.6,35.8,5.0,12.68,54.0,27.6,Warning
97.8,23.8,6.6,12.71,40.0,31.1,Warning
86.7,40.8,7.6,13.6,19.0,30.5,Normal
108.4,39.8,2.1,11.7,199.0,32.7,Critical
89.4,47.0,3.9,12.45,50.0,32.1,Warning
94.1,38.3,3.1,12.61,121.0,34.5,Warning
117.5,42.1,5.8,12.98,59.0,30.6,Warning
101.6,26.1,7.6,12.61,48.0,31.2,Normal
102.4,50.3,11.5,12.62,176.0,29.1,Normal
97.2,43.6,10.6,11.23,95.0,31.8,Critical
82.5,41.9,3.9,12.61,133.0,26.8,Warning
87.7,50.9,4.5,12.8,82.0,32.9,Normal
94.4,44.7,7.5,12.36,28.0,32.4,Normal
94.7,48.2,4.9,12.94,167.0,28.8,Normal
106.9,39.5,4.2,12.81,90.0,31.6,Normal
97.4,56.0,7.2,11.89,51.0,31.4,Warning
96.2,43.0,11.9,12.69,74.0,31.5,Normal
96.5,30.7,4.4,12.39,141.0,32.5,Normal
93.8,50.6,11.8,13.31,8.0,34.2,Normal
90.3,22.4,8.6,12.65,9.0,37.3,Warning
90.1,37.7,2.0,12.51,70.0,30.7,Critical
97.3,43.0,10.3,12.22,194.0,32.4,Normal
96.6,51.5,3.0,11.79,21.0,32.9,Warning
88.8,64.8,4.1,12.68,104.0,35.2,Normal
97.3,35.5,11.2,12.91,52.0,32.0,Normal
88.7,33.6,6.1,12.49,94.0,35.6,Normal
94.9,34.0,8.1,12.17,142.0,29.1,Normal
91.2,32.7,6.8,13.33,160.0,34.9,Normal
91.6,64.2,5.2,12.25,122.0,31.6,Normal
95.7,41.6,2.6,12.8,90.0,33.4,Warning
86.6,33.0,6.0,12.82,176.0,34.5,Normal
89.4,29.4,5.0,13.14,89.0,31.3,Normal
100.9,42.5,7.8,12.07,53.0,38.6,Normal
94.3,37.1,8.1,11.88,173.0,34.7,Warning
99.3,35.3,8.4,13.41,32.0,31.8,Normal
96.2,40.1,2.4,12.46,25.0,28.7,Critical
91.1,36.1,2.1,12.74,114.0,30.3,Critical
95.4,49.0,7.5,11.54,14.0,34.6,Warning
102.8,50.3,9.1,12.29,19.0,31.9,Normal
93.0,50.7,5.3,13.27,136.0,34.7,Normal
103.4,40.1,2.6,13.28,85.0,31.4,Warning
98.4,35.5,2.8,12.82,125.0,30.6,Warning
92.6,41.1,11.3,12.43,48.0,32.5,Normal
108.3,37.7,9.9,12.3,146.0,33.9,Warning
88.8,42.5,4.4,13.46,145.0,33.7,Normal
92.5,41.3,7.8,13.05,130.0,30.8,Normal
88.8,42.0,9.5,12.62,33.0,35.4,Normal
99.6,51.8,9.4,12.42,14.0,31.8,Normal
75.7,30.5,4.6,12.1,74.0,32.6,Normal
100.7,42.6,10.9,12.71,56.0,30.4,Normal
90.5,49.6,5.3,13.03,186.0,32.7,Normal
86.3,44.9,3.5,12.83,27.0,36.4,Critical
89.0,32.4,7.9,12.32,143.0,31.5,Normal
94.8,54.4,4.8,12.53,147.0,32.2,Normal
110.8,39.8,6.6,13.03,9.0,35.1,Warning
87.1,44.6,3.1,12.17,162.0,36.8,Warning
90.0,38.5,6.1,11.67,156.0,36.2,Warning
105.5,33.7,11.5,12.36,19.0,36.2,Normal
94.8,36.9,6.3,13.31,148.0,33.1,Normal
101.5,38.6,8.9,12.94,64.0,29.3,Normal
83.0,38.4,6.1,12.82,44.0,32.1,Normal
90.7,31.6,5.1,13.26,116.0,32.6,Normal
98.6,39.3,10.1,12.19,134.0,27.7,Warning
89.7,22.5,6.3,12.37,161.0,32.2,Warning
99.9,39.0,7.5,11.68,190.0,28.4,Warning
89.8,37.2,11.3,14.0,78.0,32.3,Normal
87.6,47.6,2.4,12.48,6.0,36.5,Critical
94.6,29.1,5.1,13.5,126.0,37.8,Normal
99.1,40.0,8.3,12.07,72.0,35.8,Normal
105.8,42.8,11.1,13.13,126.0,31.6,Normal
105.8,46.7,9.6,12.65,19.0,37.0,Normal
93.0,31.5,9.2,12.59,27.0,33.2,Normal
95.3,50.0,2.8,12.06,157.0,35.6,Warning
94.3,43.4,3.9,13.13,26.0,31.5,Warning
102.3,28.1,11.8,13.38,120.0,29.4,Normal
96.9,40.4,3.6,12.74,24.0,31.1,Warning
98.0,40.5,11.5,13.04,117.0,31.9,Normal
101.8,51.2,8.5,12.4,198.0,34.1,Normal
107.2,36.5,11.6,11.52,38.0,38.7,Warning
94.9,34.6,6.6,13.09,173.0,33.5,Critical
92.1,43.8,6.5,12.83,59.0,32.9,Normal
90.9,34.3,10.0,12.76,157.0,33.0,Normal
107.8,54.6,5.1,12.82,153.0,34.1,Normal
111.7,44.9,9.4,12.59,109.0,31.5,Warning
92.0,37.8,2.9,12.73,175.0,30.7,Warning
93.9,28.7,11.4,12.57,184.0,33.8,Normal
87.4,40.1,5.0,11.96,54.0,31.9,Warning
95.3,43.0,8.1,12.21,39.0,32.4,Normal
104.7,39.2,9.8,12.11,128.0,31.8,Normal
96.7,35.4,4.6,11.91,87.0,28.8,Warning
90.7,60.4,3.6,12.64,100.0,32.9,Warning
102.2,31.3,9.2,12.59,116.0,30.8,Normal
95.5,40.5,8.0,12.61,182.0,32.9,Normal
88.2,35.5,3.4,12.77,100.0,34.1,Warning
90.2,44.2,10.8,12.32,149.0,36.6,Normal
94.2,56.6,5.6,11.65,161.0,34.2,Warning
95.5,41.3,10.3,12.64,137.0,36.9,Normal
94.8,49.9,3.6,12.59,173.0,37.7,Warning
94.5,45.7,5.5,11.58,85.0,31.4,Warning
83.4,37.8,3.0,12.87,48.0,33.7,Warning
93.8,46.7,5.4,12.82,163.0,34.4,Normal
90.8,41.6,2.2,12.83,161.0,34.5,Critical
92.9,33.5,10.7,12.36,173.0,32.9,Normal
83.8,47.4,10.2,13.19,156.0,31.0,Normal
91.1,38.9,3.5,12.68,82.0,33.9,Warning
89.2,38.2,10.8,13.22,110.0,31.7,Normal
92.6,46.0,9.1,12.26,35.0,34.6,Normal
78.2,37.4,11.5,13.23,99.0,36.3,Normal
94.8,22.8,2.0,12.13,51.0,33.4,Critical
84.6,53.8,2.2,13.3,124.0,32.9,Critical
98.3,39.9,8.9,12.11,78.0,39.6,Normal
92.2,46.2,4.4,12.08,37.0,24.8,Warning
93.7,40.9,7.8,12.75,142.0,32.1,Normal
105.1,42.5,11.7,12.4,179.0,36.6,Normal
82.2,33.9,6.0,13.22,166.0,33.0,Normal
96.6,22.0,3.0,12.52,198.0,31.3,Warning
90.9,30.0,6.6,13.02,149.0,30.4,Normal
96.4,55.1,6.9,12.45,96.0,29.3,Normal
95.7,43.8,7.1,12.61,23.0,34.4,Normal
102.8,32.6,7.8,12.71,41.0,35.2,Normal
98.8,31.2,6.8,12.75,178.0,31.2,Normal
92.3,39.8,10.4,12.6,129.0,32.9,Normal
92.1,39.8,6.6,11.41,11.0,29.7,Warning
101.0,45.4,7.3,12.61,197.0,32.8,Normal
87.4,37.9,4.9,12.01,152.0,32.9,Normal
94.2,65.0,11.7,12.31,8.0,32.2,Normal
100.4,39.8,8.9,11.96,50.0,30.3,Warning
98.9,46.0,10.7,12.68,125.0,34.3,Normal
109.7,48.5,5.3,12.2,105.0,34.1,Warning
91.5,33.9,8.1,12.07,154.0,32.6,Normal
102.0,35.5,3.1,11.71,168.0,38.8,Warning
92.6,37.5,10.0,12.49,16.0,38.1,Normal
86.4,31.1,4.7,12.17,186.0,34.8,Normal
93.1,46.0,5.2,12.46,9.0,32.1,Normal
81.5,40.4,11.4,12.45,162.0,27.8,Warning
91.8,35.9,6.2,13.13,194.0,28.3,Normal
94.9,26.7,6.3,13.39,15.0,34.1,Normal
108.0,44.3,6.8,12.82,9.0,36.0,Normal
87.8,44.5,9.8,13.1,145.0,39.0,Normal
77.6,44.2,7.4,13.06,194.0,32.7,Normal
111.5,50.8,9.7,12.74,128.0,28.1,Warning
84.1,45.4,10.2,12.84,110.0,28.4,Normal
95.6,39.8,3.4,12.61,194.0,29.9,Warning
90.8,38.8,11.6,12.59,170.0,29.4,Normal
98.1,56.9,4.0,12.19,94.0,29.6,Normal
92.5,29.3,5.2,12.61,33.0,32.8,Normal
89.8,39.8,11.5,12.28,181.0,36.8,Normal
98.7,50.8,11.9,13.04,21.0,30.6,Normal
88.8,33.5,9.3,12.68,67.0,31.7,Normal
104.0,46.9,3.4,12.61,129.0,29.8,Warning
102.1,29.8,7.5,12.64,191.0,35.4,Normal
98.6,33.2,8.3,12.4,175.0,26.8,Warning
97.4,37.6,10.5,11.88,166.0,36.5,Warning
94.1,39.8,6.9,13.22,29.0,31.4,Normal
89.0,47.3,8.6,13.68,162.0,27.7,Warning
95.6,52.6,11.1,12.29,81.0,29.2,Normal
89.0,40.7,2.0,13.04,138.0,31.3,Critical
92.6,33.6,11.8,11.53,30.0,27.7,Warning
91.5,29.0,11.3,12.84,68.0,29.3,Normal
87.0,36.6,2.5,11.93,168.0,32.3,Critical
95.3,46.2,8.8,13.29,173.0,28.9,Normal
101.0,41.1,6.5,12.82,81.0,32.3,Normal
94.9,23.3,5.1,11.98,80.0,33.7,Warning
82.5,28.7,2.2,12.91,44.0,35.7,Critical
92.3,48.4,4.4,12.55,76.0,31.2,Normal
88.5,50.1,7.8,11.67,179.0,34.6,Warning
88.4,36.0,2.1,12.04,82.0,37.0,Critical
77.8,36.6,2.2,12.21,142.0,32.9,Critical
97.5,34.3,8.2,13.14,100.0,31.3,Normal
97.9,44.3,7.0,12.51,36.0,31.5,Normal
83.4,27.2,6.0,11.46,41.0,34.5,Warning
100.4,49.3,2.1,12.09,56.0,28.3,Critical
93.5,32.9,11.2,12.56,126.0,34.9,Normal
83.0,46.4,5.6,11.86,74.0,37.5,Warning
97.2,38.6,10.8,12.53,90.0,32.1,Normal
111.2,31.6,9.1,12.64,170.0,36.2,Warning
98.3,38.1,4.0,12.54,100.0,32.8,Warning
80.7,41.3,11.7,12.39,143.0,38.8,Normal
86.8,30.3,9.4,12.61,164.0,32.9,Normal
94.6,39.1,4.3,12.67,99.0,36.7,Normal
97.2,27.4,6.1,12.07,116.0,30.6,Normal
96.9,43.4,10.3,12.74,101.0,28.6,Normal
102.0,45.9,10.0,12.64,11.0,36.7,Normal
89.4,52.4,10.6,12.69,136.0,28.6,Normal
87.7,27.7,4.6,12.73,110.0,34.2,Normal
87.3,34.6,8.8,12.61,178.0,35.2,Normal
100.0,35.0,2.1,12.58,73.0,35.8,Critical
76.5,37.1,3.6,13.12,154.0,35.7,Warning
98.2,38.2,5.3,13.13,16.0,33.0,Normal
91.4,27.4,11.9,11.97,129.0,33.6,Warning
77.0,50.3,2.4,12.57,36.0,31.5,Critical
89.8,37.6,3.1,11.87,114.0,37.7,Warning
100.1,58.0,10.1,12.25,91.0,32.7,Normal
87.8,52.6,2.7,11.77,183.0,36.9,Warning
93.9,35.1,9.5,13.29,87.0,33.9,Normal
91.8,35.5,3.5,12.66,134.0,34.1,Warning
92.1,33.8,6.1,12.86,74.0,39.3,Normal
103.9,48.8,8.4,12.61,8.0,32.4,Normal
95.9,35.8,11.2,12.14,154.0,30.2,Normal
107.4,38.6,6.5,12.2,28.0,34.4,Normal
88.8,39.0,8.0,12.67,181.0,34.2,Normal
96.9,40.1,9.5,12.88,92.0,36.3,Normal
104.7,36.4,11.5,12.28,124.0,33.5,Normal
89.8,44.1,10.7,12.43,77.0,34.0,Normal
111.6,39.2,10.4,12.44,8.0,31.2,Warning
82.4,37.5,11.7,12.44,197.0,32.8,Normal
90.8,39.8,9.1,13.14,53.0,27.1,Warning
95.0,51.1,11.4,12.51,10.0,30.9,Normal
93.8,39.5,5.8,12.12,170.0,27.9,Warning
91.8,33.9,7.8,13.17,92.0,32.9,Normal
80.5,51.2,9.7,12.67,163.0,31.1,Normal
98.0,36.7,4.8,12.97,123.0,29.4,Normal
86.3,54.2,8.3,12.4,140.0,33.6,Normal
100.3,39.8,3.2,12.48,38.0,34.0,Warning
99.4,34.6,4.0,12.56,177.0,37.0,Warning
98.4,39.2,4.4,13.56,177.0,32.8,Normal
95.5,36.1,11.6,12.62,57.0,36.9,Normal
92.9,33.9,11.7,12.58,51.0,33.7,Normal
92.3,31.2,12.0,11.91,59.0,33.6,Warning
94.1,41.4,5.7,12.06,94.0,30.7,Normal
98.1,40.7,5.2,12.48,179.0,30.0,Normal
96.2,23.0,11.3,13.42,128.0,33.3,Warning
83.2,44.1,2.9,12.15,79.0,42.4,Warning
108.0,37.2,9.9,12.15,194.0,35.2,Normal
97.2,38.6,9.9,12.86,187.0,35.0,Normal
93.2,44.6,10.5,12.17,106.0,29.7,Normal
109.1,31.9,4.2,12.76,113.0,31.3,Critical
99.2,54.4,3.2,12.81,53.0,31.3,Warning
93.9,39.8,11.6,12.53,185.0,33.5,Normal
118.2,50.5,5.6,12.52,110.0,32.1,Critical
89.9,39.8,4.2,11.88,29.0,32.3,Warning
78.0,45.1,9.2,13.41,152.0,28.7,Normal
83.6,37.8,4.7,11.53,147.0,33.9,Warning
83.4,37.1,4.6,12.97,157.0,37.1,Normal
96.4,30.9,9.1,12.28,48.0,35.9,Normal
92.4,31.9,10.3,12.59,158.0,33.8,Normal
95.4,25.3,5.4,13.45,46.0,40.0,Normal
91.2,24.4,10.1,12.4,140.0,33.0,Warning
98.1,42.8,5.3,12.87,13.0,32.1,Normal
95.8,25.9,5.7,13.12,66.0,33.1,Normal
84.1,43.5,4.0,13.01,180.0,31.7,Warning
114.1,26.6,9.2,13.99,199.0,31.2,Warning
86.7,38.5,2.4,14.06,111.0,35.7,Critical
85.8,41.1,11.4,13.24,21.0,35.5,Normal
94.0,41.5,10.3,12.68,16.0,30.5,Normal
101.8,29.0,10.9,11.75,189.0,27.9,Warning
103.8,36.3,3.0,12.36,119.0,27.1,Warning
99.7,54.8,11.5,11.98,157.0,28.7,Warning
93.1,48.7,9.7,11.93,36.0,32.9,Warning
93.9,41.9,11.2,12.42,116.0,32.5,Warning
105.8,36.9,5.3,12.61,168.0,37.0,Normal
99.6,35.6,2.6,12.95,121.0,32.9,Warning
104.2,29.0,9.0,12.57,151.0,30.7,Normal
99.1,37.7,9.5,12.02,116.0,32.6,Normal
103.2,33.6,4.8,12.49,156.0,29.8,Normal
86.2,41.2,4.2,13.34,56.0,39.6,Normal
87.4,39.6,3.7,12.76,180.0,28.2,Warning
88.0,28.6,9.8,12.23,25.0,29.0,Normal
95.2,41.6,6.3,13.71,146.0,38.3,Normal
93.4,44.2,4.3,12.16,138.0,41.2,Warning
81.3,44.8,6.4,12.9,56.0,37.2,Normal
88.5,48.2,3.6,11.72,117.0,28.5,Warning
77.1,39.8,4.1,12.83,29.0,32.4,Normal
94.8,45.3,10.7,12.61,25.0,35.6,Normal
107.4,26.4,3.2,12.51,55.0,33.7,Warning
89.0,55.9,9.3,12.4,30.0,39.0,Normal
95.1,44.4,2.9,12.54,174.0,35.5,Warning
103.1,39.0,7.3,12.78,62.0,31.7,Normal
100.1,35.4,3.5,12.38,57.0,26.0,Warning
95.4,39.7,5.4,12.53,48.0,34.2,Normal
83.6,20.4,7.8,12.24,107.0,35.4,Warning
94.6,42.8,6.8,12.77,140.0,36.0,Normal
88.2,29.0,9.7,12.82,133.0,32.9,Normal
93.5,36.8,2.8,12.23,164.0,34.3,Warning
96.9,36.3,9.4,13.01,159.0,32.9,Normal
92.6,49.4,6.3,13.0,196.0,31.2,Normal
101.4,33.6,10.2,11.94,26.0,35.8,Warning
104.4,25.2,3.5,12.2,100.0,32.0,Warning
87.3,34.4,10.2,11.7,136.0,33.7,Warning
99.5,50.2,11.8,12.36,68.0,34.2,Normal
95.2,39.8,5.9,12.6,151.0,32.5,Normal
90.0,37.9,7.5,13.46,132.0,29.6,Normal
90.5,44.7,3.0,12.56,159.0,36.6,Warning
89.5,55.0,8.4,12.17,153.0,32.9,Normal
92.1,49.8,9.8,12.32,120.0,29.0,Normal
97.9,35.4,2.4,12.53,128.0,28.6,Critical
77.6,31.8,5.1,12.66,139.0,27.9,Warning
88.5,45.8,2.8,12.53,190.0,31.1,Warning
102.5,40.8,11.7,12.42,26.0,33.9,Normal
109.1,39.8,5.9,12.41,67.0,31.4,Warning
87.1,35.2,5.5,13.8,127.0,29.0,Normal
83.4,47.6,7.5,12.86,32.0,31.5,Normal
94.0,40.4,8.0,13.16,138.0,33.7,Normal
96.4,32.3,8.8,12.12,91.0,35.6,Normal
85.0,39.4,8.0,13.38,87.0,35.4,Normal
90.2,33.5,11.3,12.62,43.0,35.6,Normal
90.0,38.4,5.0,13.43,53.0,33.9,Normal
92.2,26.5,9.0,11.86,101.0,32.9,Warning
97.6,27.0,9.8,12.14,190.0,36.1,Normal
98.3,27.6,7.1,12.22,52.0,34.4,Normal
94.3,58.9,7.0,12.6,23.0,29.2,Normal
99.8,41.2,3.0,12.87,106.0,29.8,Warning
88.5,30.5,6.6,12.42,150.0,29.1,Normal
93.8,60.7,2.7,12.11,178.0,34.3,Warning
104.0,40.2,7.1,12.73,110.0,34.0,Normal
90.3,43.7,8.9,12.39,188.0,35.4,Normal
100.7,51.7,7.0,12.61,138.0,34.5,Normal
88.5,40.8,6.7,11.93,65.0,34.7,Warning
88.7,27.4,8.8,13.45,184.0,36.6,Normal
82.3,56.6,7.3,12.83,98.0,34.5,Normal
86.6,51.9,5.3,12.54,104.0,34.6,Normal
109.5,36.6,6.2,11.54,191.0,26.4,Warning
91.2,46.1,10.1,12.66,78.0,34.6,Normal
93.2,39.8,8.5,12.92,158.0,31.5,Normal
97.6,44.4,3.4,11.7,111.0,33.6,Warning
108.5,52.7,10.5,12.79,132.0,33.6,Warning
114.6,44.6,12.0,12.6,90.0,34.9,Warning
102.5,48.5,6.3,13.21,126.0,29.9,Normal
96.9,39.8,7.7,12.61,41.0,33.8,Normal
96.1,41.0,11.7,13.33,64.0,31.5,Normal
102.9,30.9,9.7,11.21,45.0,31.5,Critical
106.1,39.2,2.7,13.3,136.0,29.7,Warning
86.9,47.3,5.1,12.83,159.0,33.2,Normal
95.6,31.5,10.3,12.62,11.0,32.7,Normal
95.5,44.6,9.1,12.12,101.0,30.8,Normal
91.1,34.7,2.7,13.21,30.0,34.0,Warning
103.0,39.8,8.7,12.14,92.0,27.7,Warning
92.5,34.8,4.7,12.85,126.0,32.9,Normal
92.7,50.2,4.3,12.83,97.0,32.8,Normal
89.9,41.8,9.1,12.8,177.0,36.0,Normal
106.8,36.3,7.7,12.76,161.0,36.7,Normal
106.8,46.8,11.2,12.69,135.0,30.9,Normal
92.5,45.6,3.4,12.32,182.0,32.5,Warning
103.0,49.7,3.4,12.93,53.0,34.8,Warning
89.5,44.9,10.4,13.35,69.0,32.3,Normal
72.8,34.4,2.2,12.98,151.0,31.0,Critical
95.0,45.3,6.5,12.25,199.0,33.3,Normal
84.8,38.2,4.4,12.68,67.0,36.9,Normal
95.1,57.0,10.2,12.61,118.0,34.8,Normal
104.0,28.8,4.7,12.23,155.0,33.0,Normal
97.0,34.1,8.2,12.68,21.0,30.9,Normal
93.1,58.0,7.4,11.78,161.0,35.2,Warning
96.6,47.9,3.4,12.61,176.0,29.0,Warning
88.5,29.7,10.8,13.07,109.0,35.6,Normal
88.2,50.9,4.9,12.46,74.0,34.0,Normal
100.3,49.7,4.2,12.2,179.0,34.4,Normal
105.0,51.2,7.5,13.08,184.0,27.8,Warning
90.7,39.8,5.2,11.95,128.0,29.7,Warning
106.2,42.7,4.9,12.72,120.0,31.2,Normal
94.4,40.8,8.2,12.04,153.0,28.5,Normal
89.0,30.7,7.5,11.61,29.0,33.5,Warning
85.4,31.7,4.2,11.42,28.0,35.1,Warning
88.8,33.4,7.0,12.87,47.0,35.5,Normal
93.5,48.2,3.5,12.16,72.0,33.7,Warning
99.4,42.0,7.8,13.51,190.0,32.9,Normal
95.1,44.9,9.8,13.32,42.0,28.7,Normal
104.5,33.2,3.4,12.69,175.0,32.9,Warning
101.2,25.8,4.2,11.97,36.0,32.4,Warning
104.1,46.6,11.0,11.75,16.0,30.4,Warning
90.5,23.8,4.1,12.77,7.0,28.4,Warning
92.6,41.7,3.7,11.88,117.0,31.8,Warning
96.1,39.6,8.1,12.55,130.0,29.6,Normal
83.6,34.0,10.2,11.5,30.0,33.1,Warning
83.5,36.6,10.7,12.66,19.0,32.2,Normal
97.7,22.7,5.7,12.9,127.0,31.2,Warning
96.0,51.5,5.5,12.61,104.0,39.3,Normal
95.2,35.8,2.8,12.7,52.0,28.2,Warning
98.2,52.3,2.8,12.15,56.0,32.4,Warning
85.1,47.1,6.1,12.75,140.0,30.1,Normal
107.6,32.8,2.2,12.21,132.0,35.1,Critical
79.0,25.7,9.6,11.83,73.0,34.1,Warning
93.5,28.8,9.8,12.61,168.0,34.7,Normal
96.0,37.8,10.7,12.51,124.0,33.4,Normal
96.0,39.8,7.4,11.6,134.0,28.0,Warning
102.6,41.0,4.7,12.23,96.0,32.9,Normal
88.5,38.8,5.1,12.33,130.0,35.0,Normal
77.8,37.1,8.0,12.35,142.0,35.4,Normal
99.2,41.3,11.2,13.32,12.0,32.9,Normal
85.4,38.4,6.8,13.24,134.0,35.7,Normal
101.3,39.8,8.6,12.69,98.0,30.8,Normal
97.9,43.8,9.3,11.42,160.0,33.9,Warning
95.3,25.4,11.0,12.32,85.0,37.0,Normal
97.0,45.5,10.4,12.12,96.0,39.7,Normal
87.5,28.9,5.5,12.94,96.0,27.5,Warning
95.9,30.8,5.3,12.62,68.0,31.8,Normal
119.9,39.8,6.5,12.85,33.0,34.9,Critical
110.2,45.9,9.2,12.03,26.0,30.3,Warning
110.9,43.8,5.0,12.49,40.0,34.2,Warning
96.3,30.3,7.1,12.23,46.0,31.9,Normal
91.8,35.1,3.2,13.11,13.0,30.5,Warning
89.3,43.5,2.6,13.14,170.0,31.6,Warning
114.1,39.7,2.2,13.0,80.0,31.6,Critical
89.2,34.5,10.8,13.28,169.0,35.8,Normal
108.9,39.8,6.3,12.87,40.0,35.4,Warning
87.7,31.0,7.6,12.3,38.0,38.4,Normal
94.5,34.7,9.6,12.74,141.0,35.2,Normal
97.5,46.3,5.2,11.87,133.0,34.0,Warning
97.1,27.5,3.8,13.74,157.0,33.6,Warning
91.8,35.8,4.9,12.98,105.0,33.9,Normal
93.3,24.2,9.4,13.28,154.0,30.6,Warning
95.0,39.1,8.3,12.88,136.0,28.2,Normal
109.8,32.1,2.1,13.26,142.0,33.9,Critical
95.2,30.3,2.4,13.02,56.0,32.9,Critical
73.0,25.0,8.2,12.82,58.0,33.3,Warning
95.9,25.1,6.4,12.56,12.0,31.7,Normal
109.7,45.5,2.3,12.98,19.0,34.1,Critical
77.8,33.6,3.5,12.22,185.0,32.2,Warning
102.1,49.3,10.8,11.69,107.0,34.1,Warning
88.6,51.1,7.2,11.84,43.0,28.7,Warning
94.7,27.1,6.4,13.27,91.0,37.5,Normal
95.0,37.9,6.1,12.68,69.0,31.5,Normal
88.5,37.0,4.9,12.21,144.0,34.5,Normal
93.9,35.3,3.7,12.97,113.0,35.8,Warning
103.5,36.4,8.6,12.41,184.0,34.8,Normal
101.9,29.2,4.4,12.04,106.0,27.6,Warning
100.3,42.1,10.9,13.34,37.0,30.8,Normal
79.4,36.6,7.5,12.41,130.0,37.1,Normal
99.7,42.0,10.2,12.45,64.0,30.1,Normal
101.2,47.7,3.6,12.96,40.0,34.9,Warning
103.6,47.6,7.9,12.7,182.0,29.8,Normal
88.5,50.2,4.3,12.43,120.0,35.1,Normal
77.5,45.7,5.7,12.84,129.0,30.9,Normal
99.6,35.6,8.2,13.01,126.0,33.4,Normal
104.2,29.0,9.9,12.44,171.0,33.5,Normal
98.3,35.3,9.0,12.54,21.0,34.0,Normal
92.4,39.8,8.8,12.8,125.0,39.3,Normal
98.4,32.5,3.0,12.26,158.0,33.2,Warning
103.7,40.8,9.9,12.73,187.0,31.0,Normal
81.4,45.8,7.4,12.39,193.0,36.2,Normal
95.8,46.9,7.7,11.81,87.0,34.1,Warning
72.1,34.6,2.5,12.61,123.0,41.1,Warning
84.3,48.4,8.3,12.25,48.0,35.6,Normal
86.7,46.7,8.0,12.55,102.0,22.3,Warning
106.9,44.4,7.7,13.14,87.0,33.1,Normal
95.5,32.1,9.6,12.48,55.0,32.5,Normal
109.2,42.9,9.9,12.67,10.0,32.9,Warning
95.6,49.4,7.5,12.83,39.0,34.1,Normal
93.0,36.0,11.5,12.14,109.0,32.9,Normal
86.6,29.2,5.6,12.33,79.0,29.9,Normal
84.4,39.8,8.1,13.14,143.0,33.0,Normal
105.4,43.2,2.7,12.07,67.0,30.0,Warning
94.0,28.1,5.0,12.12,115.0,30.9,Normal
97.3,55.9,6.2,12.61,110.0,31.5,Normal
81.7,50.7,2.3,12.94,84.0,27.2,Critical
87.9,39.6,3.6,13.48,106.0,25.9,Warning
106.8,36.7,10.0,12.89,149.0,35.9,Normal
94.5,47.3,8.6,12.99,133.0,38.9,Normal
98.9,44.1,10.5,13.74,158.0,33.8,Normal
89.4,32.2,6.8,12.86,173.0,33.2,Normal
92.3,40.6,4.9,13.09,19.0,33.3,Normal
85.8,29.9,7.1,12.28,44.0,36.6,Normal
92.9,25.5,6.1,11.99,24.0,30.7,Warning
90.8,45.5,6.0,12.62,192.0,29.1,Normal
90.8,39.3,9.2,12.25,112.0,34.4,Normal
90.4,40.6,6.0,12.33,23.0,33.6,Normal
94.3,50.8,5.8,13.58,37.0,39.0,Normal
79.9,50.2,8.6,12.4,137.0,27.8,Warning
93.1,33.7,11.7,12.83,63.0,35.7,Normal
94.9,39.8,10.5,13.02,77.0,32.4,Normal
100.5,29.6,3.9,13.0,147.0,35.4,Warning
102.5,39.8,2.4,12.61,108.0,32.9,Critical
91.3,49.6,2.2,13.29,158.0,33.0,Warning
93.0,38.4,4.9,12.15,129.0,30.9,Normal
95.1,30.2,8.5,13.06,142.0,28.3,Normal
95.9,39.7,2.9,12.12,19.0,37.6,Warning
97.3,33.0,8.3,12.61,137.0,34.0,Normal
89.1,41.3,4.1,12.58,161.0,30.5,Warning
94.0,51.8,6.3,13.11,36.0,34.1,Normal
87.3,40.7,6.0,13.19,181.0,32.9,Warning
99.5,39.8,9.4,12.23,158.0,35.9,Normal
99.5,37.6,9.4,12.19,76.0,29.1,Normal
73.0,26.4,3.1,12.46,68.0,36.5,Warning
92.5,40.0,10.4,12.42,8.0,38.8,Normal
105.3,32.9,3.1,12.96,144.0,32.9,Warning
84.0,30.9,4.5,13.32,107.0,32.8,Normal
95.2,39.8,9.2,11.89,88.0,32.5,Warning
95.3,31.0,4.0,12.32,118.0,32.9,Normal
80.3,47.9,9.9,12.31,164.0,30.5,Normal
95.6,36.5,8.3,13.25,70.0,31.4,Normal
93.2,36.9,3.4,12.91,21.0,31.8,Warning
99.1,36.2,9.6,12.03,82.0,35.8,Normal
79.2,36.9,2.2,11.65,72.0,31.6,Critical
97.5,39.2,3.0,11.96,82.0,29.7,Warning
91.4,25.3,6.1,12.44,69.0,33.5,Normal
100.8,33.4,6.6,12.51,146.0,32.1,Normal
103.2,40.6,3.8,12.54,157.0,27.9,Warning
102.5,39.6,10.0,12.78,189.0,31.1,Normal
84.3,55.7,11.7,11.94,42.0,29.8,Warning
86.9,46.7,3.6,12.55,18.0,33.3,Warning
103.6,38.6,2.5,13.46,185.0,36.7,Critical
82.3,48.1,10.8,12.17,123.0,35.9,Normal
109.7,39.2,5.6,11.97,103.0,33.6,Warning
90.1,40.2,5.2,12.35,124.0,35.1,Normal
100.9,48.2,10.2,12.27,196.0,34.1,Normal
84.9,46.9,2.5,13.52,199.0,32.9,Warning
89.4,40.4,5.5,12.9,91.0,34.6,Normal
111.3,51.6,3.2,12.83,97.0,32.9,Warning
79.4,34.6,3.0,12.19,51.0,30.6,Warning
95.7,35.0,5.1,12.18,59.0,31.7,Normal
76.1,43.1,9.0,12.95,158.0,38.0,Normal
104.4,33.7,2.1,11.64,199.0,38.5,Critical
95.1,44.2,9.0,12.59,112.0,29.7,Normal
94.2,43.2,9.1,12.12,54.0,34.3,Normal
95.6,37.9,2.4,12.25,54.0,31.6,Critical
103.8,51.6,2.7,13.52,126.0,31.3,Warning
70.5,51.0,8.0,13.74,48.0,32.0,Warning
102.4,42.5,2.1,12.22,157.0,31.8,Critical
101.3,38.0,10.6,13.1,112.0,32.8,Normal
100.0,31.5,10.3,12.46,200.0,38.0,Normal
98.0,48.5,6.3,12.3,72.0,30.1,Normal
103.7,40.5,6.9,11.67,108.0,31.9,Warning
86.8,45.6,11.2,13.08,136.0,32.9,Normal
94.6,49.3,11.1,12.61,118.0,32.9,Warning
95.1,41.9,5.6,13.12,72.0,29.2,Normal
107.4,48.8,2.6,12.99,157.0,31.2,Warning
91.0,39.3,2.5,12.38,23.0,24.8,Critical
104.7,45.3,11.0,12.77,73.0,35.1,Normal
90.8,24.7,6.5,12.52,21.0,36.9,Warning
94.5,45.1,2.7,11.99,100.0,29.9,Warning
94.9,55.2,4.4,12.44,179.0,34.9,Normal
95.6,49.6,4.1,12.01,28.0,32.6,Normal
93.3,45.2,11.2,12.53,167.0,32.9,Normal
99.8,47.4,5.3,12.69,7.0,40.2,Warning
90.1,31.4,8.5,12.8,183.0,31.7,Normal
97.7,36.9,11.7,12.37,152.0,38.1,Normal
90.5,41.2,4.6,12.61,181.0,31.8,Warning
96.4,54.6,3.3,13.0,70.0,32.6,Warning
103.7,45.4,6.6,12.99,113.0,34.7,Normal
95.8,33.5,4.6,11.81,55.0,33.9,Warning
88.7,42.3,9.8,12.34,130.0,33.4,Normal
83.7,29.4,2.5,12.89,171.0,33.6,Critical
106.2,39.5,8.7,12.81,130.0,34.2,Normal
90.1,35.5,7.3,12.93,92.0,31.1,Normal
104.2,44.4,9.5,12.61,110.0,32.9,Normal
88.8,31.7,11.7,11.99,18.0,33.2,Warning
94.1,27.7,4.7,11.86,195.0,39.0,Warning
83.8,35.5,3.1,12.29,181.0,33.5,Warning
97.3,38.8,7.5,12.89,5.0,29.9,Normal
91.6,31.7,9.4,12.23,112.0,32.9,Normal
73.8,28.7,3.3,12.61,136.0,32.4,Warning
93.0,37.3,10.8,12.57,96.0,32.8,Normal
90.6,43.5,8.8,12.2,150.0,36.1,Normal
106.4,26.8,2.5,12.69,72.0,39.6,Warning
70.1,33.7,7.4,12.37,122.0,32.4,Warning
94.9,43.5,9.5,12.7,60.0,33.1,Normal
89.7,39.0,8.4,11.67,65.0,34.0,Warning
87.5,39.6,9.9,11.94,130.0,31.7,Warning
93.9,37.4,3.5,11.51,196.0,29.0,Warning
91.1,37.2,2.4,13.32,32.0,28.5,Critical
101.8,37.4,7.0,12.47,9.0,35.8,Normal
96.2,49.8,2.8,11.57,83.0,30.4,Warning
98.3,48.0,4.2,13.08,17.0,37.1,Normal
100.0,35.4,2.1,13.31,43.0,32.7,Critical
91.8,27.0,6.0,12.34,112.0,32.1,Critical
80.3,35.8,5.3,13.14,188.0,30.8,Normal
95.6,36.0,5.9,12.06,88.0,34.6,Normal
101.9,41.4,2.2,12.39,152.0,40.2,Critical
88.8,27.0,9.6,12.39,72.0,32.4,Normal
94.5,34.4,7.4,13.46,11.0,29.6,Normal
86.5,43.3,3.6,13.16,103.0,31.7,Warning
93.5,37.1,9.3,11.54,182.0,31.2,Warning
98.9,49.0,10.3,12.18,22.0,35.3,Normal
107.3,39.4,9.4,12.99,158.0,26.5,Warning
102.5,50.8,5.2,12.61,51.0,33.5,Normal
100.4,38.7,11.0,13.23,181.0,30.2,Normal
83.4,27.9,10.2,13.43,105.0,37.8,Normal
85.5,38.3,2.5,12.62,130.0,32.9,Critical
106.3,40.6,5.0,12.35,120.0,37.4,Normal
89.4,48.8,10.7,11.86,185.0,31.6,Warning
84.6,25.1,7.5,12.61,57.0,37.5,Normal
91.1,28.6,8.8,11.96,81.0,31.5,Warning
100.6,39.2,7.1,11.9,75.0,34.3,Warning
95.9,35.4,10.2,12.61,163.0,31.0,Normal
102.0,52.5,9.6,12.64,135.0,31.4,Normal
94.9,36.8,7.7,12.1,74.0,34.6,Normal
93.1,50.1,7.9,12.63,9.0,40.1,Warning
94.1,39.5,8.2,12.7,78.0,33.2,Normal
84.7,46.5,5.3,12.61,187.0,31.0,Normal
110.1,38.1,8.7,12.61,140.0,35.2,Warning
80.9,35.2,2.3,13.3,89.0,35.3,Critical
90.4,55.1,4.1,12.3,59.0,34.8,Normal
95.4,39.1,7.6,13.31,48.0,35.0,Normal
97.5,43.6,3.5,12.61,106.0,28.2,Warning
84.4,45.7,4.8,12.19,129.0,34.9,Normal
93.1,27.6,6.9,12.67,149.0,31.9,Normal
95.7,42.8,2.7,12.61,95.0,32.2,Warning
95.2,47.4,11.0,11.83,82.0,32.3,Warning
115.5,47.0,4.7,13.1,157.0,32.6,Warning
106.3,38.2,2.1,12.61,85.0,36.2,Critical
91.7,38.1,11.0,12.65,154.0,28.4,Normal
84.5,41.7,5.0,12.65,127.0,34.8,Normal
85.2,45.9,8.8,12.74,183.0,33.8,Normal
90.3,25.8,10.3,12.67,141.0,31.7,Normal
87.2,35.7,9.7,12.54,36.0,33.1,Normal
98.8,47.0,2.9,12.07,51.0,33.7,Warning
99.5,34.9,11.6,12.52,106.0,35.6,Normal
96.7,39.1,3.7,12.38,53.0,35.5,Warning
96.2,39.8,9.6,12.95,112.0,34.4,Normal
102.8,43.0,9.3,13.95,79.0,36.7,Normal
101.0,37.3,4.6,13.29,99.0,33.1,Normal
97.6,32.5,10.3,12.61,193.0,28.6,Normal
103.8,37.9,6.9,11.83,126.0,33.4,Warning
96.3,48.5,2.8,13.79,129.0,36.9,Warning
95.3,37.4,3.1,11.95,26.0,28.7,Warning
94.6,34.8,9.9,12.24,174.0,32.7,Normal
95.2,19.9,9.0,12.62,200.0,32.3,Warning
83.2,43.9,3.5,12.39,60.0,35.5,Warning
100.1,34.5,7.5,12.74,166.0,29.3,Normal
97.1,41.9,11.5,11.96,38.0,27.0,Warning
103.4,42.9,2.1,12.89,88.0,32.1,Critical
108.3,53.8,3.7,12.13,112.0,34.6,Warning
83.9,42.7,7.1,13.5,47.0,36.1,Normal
100.9,51.0,10.2,12.67,199.0,30.1,Normal
87.8,46.1,8.8,11.24,145.0,30.2,Critical
95.3,42.4,11.9,12.99,88.0,36.9,Normal
86.3,40.8,4.3,12.11,89.0,36.9,Warning
99.9,39.3,10.7,12.52,163.0,32.6,Normal
95.1,41.5,11.3,12.51,83.0,30.3,Normal
101.3,44.6,12.0,12.12,184.0,32.9,Normal
99.9,43.7,7.1,12.6,104.0,32.0,Normal
98.1,35.0,8.5,12.2,200.0,35.5,Normal
92.9,40.9,5.5,12.42,40.0,32.9,Normal
98.7,40.8,11.8,14.02,56.0,33.3,Normal
95.0,38.6,7.5,13.0,100.0,35.3,Normal
97.6,39.7,10.4,11.9,101.0,33.1,Warning
87.9,36.1,11.8,12.08,109.0,37.7,Normal
90.8,39.8,2.1,12.07,157.0,29.9,Critical
98.2,52.7,5.0,12.07,55.0,37.0,Normal
88.5,54.0,4.4,12.19,179.0,31.3,Normal
79.5,36.8,4.5,13.63,127.0,37.4,Normal
93.6,32.8,4.0,12.82,27.0,28.1,Warning
91.0,38.1,2.4,12.68,145.0,31.5,Critical
105.3,44.7,11.9,12.06,105.0,30.6,Normal
94.2,32.3,2.7,12.86,152.0,35.0,Warning
95.6,44.6,9.5,12.4,75.0,36.2,Normal
89.1,35.4,10.5,12.55,121.0,34.0,Normal
100.3,40.8,2.7,12.86,108.0,36.3,Warning
93.2,40.3,10.3,12.61,193.0,31.2,Warning
103.5,34.0,11.5,12.95,159.0,32.9,Normal
89.8,43.1,5.6,13.11,105.0,34.5,Normal
88.0,49.4,9.4,12.18,10.0,27.7,Warning
97.4,39.8,8.6,11.52,124.0,28.0,Warning
97.7,38.1,9.6,13.02,41.0,34.0,Normal
92.4,42.8,2.7,13.25,189.0,34.6,Warning
86.4,21.8,2.5,11.92,124.0,32.9,Warning
105.5,52.4,2.6,12.18,20.0,34.0,Warning
101.2,26.4,6.9,13.03,44.0,32.6,Normal
83.2,39.8,9.9,12.61,113.0,29.3,Normal
95.6,30.5,6.2,12.59,76.0,32.3,Normal
108.4,43.8,7.1,11.42,80.0,34.7,Warning
82.8,32.1,6.8,12.71,146.0,31.5,Normal
102.9,36.7,8.0,13.38,66.0,33.2,Normal
107.3,34.0,2.3,12.61,159.0,32.8,Critical
107.6,34.5,2.5,12.54,77.0,37.6,Warning
97.4,44.2,4.5,13.08,163.0,32.2,Normal
106.0,51.1,8.2,12.53,160.0,34.6,Normal
87.2,41.8,10.4,12.93,9.0,32.9,Normal
98.8,45.4,9.7,13.68,159.0,32.0,Normal
96.4,35.0,3.3,12.58,82.0,31.1,Warning
89.2,39.9,10.2,12.53,69.0,39.6,Normal
91.4,47.8,10.5,12.93,78.0,37.5,Normal
102.8,45.9,4.9,12.04,188.0,31.7,Normal
97.4,34.1,6.8,12.83,33.0,29.9,Normal
90.5,39.0,3.7,13.11,75.0,35.5,Warning
104.5,35.6,6.4,12.2,97.0,31.6,Normal
87.6,61.6,6.2,11.86,181.0,32.8,Warning
85.4,31.6,5.6,12.27,75.0,33.1,Normal
94.2,32.4,6.5,12.61,169.0,33.6,Normal
93.0,34.7,10.6,12.92,84.0,29.0,Normal
106.6,28.3,5.8,12.3,139.0,32.6,Normal
97.9,42.8,11.8,12.09,136.0,32.5,Normal
106.9,43.4,7.4,12.8,172.0,31.7,Normal
86.9,41.9,8.9,11.79,57.0,27.1,Warning
79.9,31.3,8.8,13.07,33.0,31.0,Normal
98.6,35.4,3.8,12.36,99.0,35.0,Warning
98.9,46.6,2.6,11.66,13.0,38.3,Warning
91.8,43.8,10.5,12.5,43.0,32.9,Normal
99.5,40.1,10.4,13.23,140.0,32.0,Normal
97.0,39.8,9.9,11.43,175.0,31.5,Warning
100.3,48.4,3.7,12.92,96.0,28.5,Warning
87.2,37.6,6.4,12.82,117.0,31.3,Normal
101.7,37.3,6.4,13.51,83.0,33.4,Normal
84.2,39.8,6.5,12.61,37.0,32.9,Normal
90.6,28.3,5.0,12.61,165.0,32.9,Normal
77.4,26.5,8.8,12.24,139.0,31.4,Normal
100.8,41.4,3.1,13.58,123.0,33.2,Warning
97.8,51.2,5.6,11.59,52.0,28.6,Warning
89.3,43.1,11.9,11.18,35.0,31.7,Critical
84.0,32.9,8.2,12.59,59.0,38.7,Normal
101.8,46.1,11.7,12.9,81.0,37.4,Normal
107.4,48.7,5.7,12.99,97.0,34.3,Normal
88.1,45.4,4.0,12.53,32.0,29.1,Warning
111.6,46.5,7.1,12.43,85.0,27.0,Warning
81.8,45.4,2.6,12.48,85.0,32.9,Warning
95.2,43.0,7.5,11.81,170.0,31.0,Warning
86.0,44.2,3.0,13.85,29.0,28.2,Warning
97.1,42.4,5.0,12.77,66.0,32.2,Normal
88.8,37.9,4.2,12.28,147.0,32.6,Normal
95.0,45.3,4.4,11.79,54.0,32.8,Warning
102.7,45.6,11.5,13.49,188.0,32.8,Normal
103.1,42.1,8.3,11.83,83.0,34.3,Warning
102.9,48.5,11.6,12.43,54.0,31.6,Normal
90.6,16.6,8.6,12.41,116.0,35.3,Critical
86.4,40.6,6.0,12.24,142.0,27.9,Critical
91.6,40.2,9.1,12.23,175.0,29.1,Normal
93.0,38.5,8.2,12.53,147.0,32.1,Normal
95.0,54.0,5.1,13.39,32.0,32.6,Normal
92.6,40.5,4.9,12.71,37.0,30.9,Normal
97.7,27.1,9.2,12.3,138.0,34.9,Normal
101.6,36.0,10.7,12.52,20.0,38.3,Normal
100.4,39.8,5.4,14.1,134.0,32.7,Normal
108.1,43.3,9.3,12.44,165.0,29.1,Warning
99.3,45.9,3.2,13.07,147.0,34.1,Warning
90.7,53.1,9.0,13.0,108.0,31.8,Normal
122.6,39.8,6.5,12.36,63.0,34.0,Critical
103.9,42.8,4.0,12.68,108.0,32.0,Normal
94.4,40.0,7.9,12.83,190.0,37.6,Normal
104.3,46.6,4.1,12.61,96.0,39.0,Normal
99.1,43.5,6.9,11.99,64.0,33.9,Warning
92.7,39.8,8.1,13.11,94.0,25.9,Warning
96.8,49.0,5.4,12.44,158.0,34.8,Normal
96.1,39.0,11.2,13.56,38.0,31.6,Normal
101.2,35.7,3.3,12.5,188.0,36.2,Warning
83.4,43.4,2.1,12.2,93.0,31.8,Critical
92.1,49.9,8.6,12.64,9.0,33.1,Normal
70.9,46.2,10.4,12.27,132.0,34.9,Warning
104.9,57.2,5.3,13.4,129.0,33.6,Normal
98.4,41.1,7.7,12.29,52.0,35.8,Normal
90.5,47.6,9.9,11.94,30.0,33.2,Warning
96.4,30.5,9.7,12.92,194.0,28.0,Warning
89.7,23.6,2.6,11.93,156.0,32.5,Warning
94.0,36.5,3.4,11.79,195.0,36.5,Warning
96.7,38.3,4.9,12.99,180.0,30.0,Normal
101.6,36.7,7.9,12.43,146.0,34.5,Normal
94.7,44.7,10.9,12.86,98.0,35.7,Normal
104.0,51.6,2.7,12.4,144.0,36.5,Warning
102.8,25.1,6.1,12.36,149.0,34.0,Normal
88.0,49.2,7.4,12.76,152.0,34.2,Normal
83.8,35.2,5.4,13.49,189.0,31.9,Normal
83.0,44.3,8.5,12.19,174.0,31.1,Normal
91.9,31.8,2.5,12.72,11.0,31.2,Warning
110.1,43.7,8.8,12.85,78.0,32.4,Warning
79.2,40.0,5.8,12.45,162.0,32.9,Normal
85.0,39.8,10.9,12.67,163.0,31.9,Normal
95.6,28.2,5.6,12.72,58.0,32.2,Normal
95.9,37.6,5.4,12.54,164.0,31.2,Normal
107.9,31.2,10.2,13.1,99.0,34.3,Normal
105.5,35.2,2.6,12.43,170.0,30.1,Warning
92.3,29.5,9.2,12.87,42.0,31.1,Normal
88.0,47.2,8.8,13.08,127.0,32.9,Normal
104.6,40.6,4.6,12.07,156.0,32.1,Normal
92.4,59.2,4.4,11.96,139.0,35.4,Warning
90.3,38.4,10.2,13.11,6.0,37.9,Normal
79.9,47.1,7.7,12.47,43.0,36.4,Normal
82.7,33.6,2.3,12.39,57.0,35.4,Critical
90.9,35.0,7.6,12.21,30.0,30.7,Normal
93.8,44.6,5.8,12.89,161.0,32.6,Normal
99.7,49.4,5.6,13.15,138.0,32.1,Warning
76.8,46.7,4.1,12.94,180.0,32.9,Normal
91.7,43.3,5.2,13.4,105.0,25.6,Warning
100.7,27.9,3.3,11.99,181.0,34.4,Warning
103.6,36.3,11.2,12.04,99.0,35.6,Normal
100.3,32.8,11.1,11.39,37.0,30.7,Warning
109.1,49.2,9.5,12.53,198.0,31.0,Warning
88.2,41.0,4.9,12.52,90.0,38.3,Normal
95.5,48.0,4.3,12.87,47.0,31.2,Normal
91.1,39.6,2.0,12.53,44.0,32.8,Critical
81.8,52.2,7.0,13.58,94.0,33.4,Normal
95.0,28.5,9.9,12.78,161.0,35.6,Normal
96.2,49.6,10.0,12.3,56.0,29.7,Normal
93.1,42.6,7.4,12.11,167.0,37.4,Normal
71.1,39.9,10.1,12.03,118.0,31.1,Warning
91.4,28.1,10.7,13.72,21.0,32.9,Normal
87.4,45.7,4.5,13.99,12.0,35.5,Normal
105.6,42.1,7.1,11.9,153.0,29.5,Warning
96.7,17.8,9.4,11.64,60.0,35.4,Critical
86.1,37.7,4.5,12.97,67.0,31.2,Normal
94.2,51.2,7.2,12.94,159.0,37.0,Normal
93.5,47.6,8.7,12.2,154.0,35.4,Normal
104.1,44.9,10.4,12.45,83.0,27.9,Warning
97.3,50.5,9.8,13.17,143.0,31.1,Normal
87.8,44.2,9.4,13.36,110.0,32.1,Normal
80.5,43.7,10.5,11.93,200.0,24.6,Warning
87.8,39.8,10.4,12.22,139.0,33.7,Normal
94.3,40.7,11.6,12.35,93.0,36.4,Normal
94.9,36.7,2.7,11.78,103.0,29.9,Warning
89.2,31.1,7.8,12.02,135.0,39.8,Normal
83.8,44.3,8.7,12.76,103.0,39.3,Normal
92.1,41.5,9.1,12.42,152.0,32.3,Normal
91.8,29.7,10.8,13.14,90.0,31.3,Normal
107.4,46.8,5.7,12.39,20.0,30.5,Normal
102.6,42.5,4.4,11.31,200.0,32.2,Warning
100.8,36.1,3.1,12.57,132.0,35.7,Warning
81.2,44.4,6.5,13.19,108.0,33.8,Normal
98.9,51.5,5.8,12.45,68.0,39.3,Normal
93.8,44.7,5.2,13.87,25.0,33.2,Normal
92.0,39.3,4.4,12.27,19.0,34.4,Normal
101.0,32.4,10.2,12.61,55.0,27.9,Warning
101.7,51.1,3.3,12.16,143.0,32.2,Warning
93.1,36.0,10.4,12.25,126.0,28.6,Normal
93.7,41.0,3.7,12.96,113.0,37.5,Warning
95.4,39.8,6.1,12.63,199.0,38.6,Normal
87.5,39.2,11.0,12.72,138.0,34.4,Normal
85.3,48.8,4.8,12.43,103.0,33.9,Critical
97.9,37.0,2.5,12.51,49.0,36.1,Warning
101.8,31.0,6.2,11.74,22.0,29.4,Normal
103.7,29.0,3.4,12.61,113.0,33.4,Warning
95.9,41.6,7.4,12.4,135.0,35.0,Normal
90.1,39.8,5.9,13.03,181.0,36.8,Normal
82.2,38.7,6.0,12.61,79.0,28.7,Normal
99.9,39.8,11.0,13.25,47.0,35.2,Normal
103.6,44.3,3.6,11.97,154.0,33.8,Warning
99.9,42.9,10.6,12.32,157.0,30.7,Normal
87.6,38.2,10.8,12.47,15.0,32.3,Normal
96.9,45.7,7.0,12.4,96.0,34.6,Normal
94.6,37.6,11.2,13.35,195.0,31.0,Normal
98.7,37.9,3.4,12.63,124.0,35.3,Warning
102.1,39.9,2.1,12.81,55.0,29.8,Critical
95.7,28.8,2.1,13.24,110.0,34.8,Critical
105.3,28.7,9.0,13.13,45.0,33.0,Normal
90.3,38.1,9.5,12.33,106.0,32.4,Normal
86.3,44.1,3.4,12.23,57.0,33.6,Warning
84.5,48.5,5.3,12.05,159.0,31.6,Normal
84.0,37.1,11.1,12.43,142.0,35.0,Normal
105.2,39.2,7.0,13.41,111.0,35.2,Normal
85.9,44.3,11.8,12.84,171.0,32.6,Normal
112.9,28.1,10.4,12.67,194.0,35.9,Warning
101.9,35.4,6.1,13.36,7.0,38.8,Normal
97.3,48.0,7.9,12.4,60.0,30.7,Normal
96.0,40.1,10.7,12.61,31.0,31.7,Normal
96.0,50.4,7.2,12.83,86.0,29.4,Normal
92.4,39.4,10.0,12.25,155.0,30.9,Normal
81.5,39.5,4.4,12.12,118.0,32.9,Normal
99.8,48.3,5.2,12.79,154.0,31.7,Normal
106.8,28.6,10.9,13.06,160.0,31.8,Normal
94.1,49.6,7.8,12.96,143.0,30.5,Normal
95.1,37.4,9.4,12.12,137.0,29.9,Normal
96.8,32.2,4.9,12.74,74.0,33.3,Normal
95.6,32.4,2.4,12.02,121.0,29.2,Critical
93.1,42.5,7.3,12.61,124.0,36.2,Warning
97.1,44.2,5.6,12.33,197.0,33.0,Normal
97.6,39.2,11.1,13.0,61.0,33.5,Normal
99.4,37.2,5.9,12.68,198.0,33.0,Normal
96.9,26.7,4.4,12.67,44.0,34.7,Normal
92.4,39.6,3.1,12.15,92.0,32.9,Warning
85.5,37.2,8.6,12.03,55.0,34.4,Normal
94.2,47.3,6.4,12.53,144.0,33.7,Normal
104.0,41.7,7.2,12.85,49.0,33.4,Normal
88.3,50.5,8.9,12.79,166.0,32.7,Normal
105.4,26.9,12.0,11.67,68.0,36.9,Warning
96.3,40.9,5.1,12.61,195.0,32.9,Normal
96.3,48.4,10.3,11.3,76.0,32.6,Warning
94.6,53.3,4.1,11.5,68.0,30.5,Warning
82.3,34.8,5.2,13.16,96.0,32.7,Normal
103.5,35.5,5.2,11.6,18.0,36.3,Warning
93.4,53.5,9.3,13.16,190.0,31.7,Normal
89.0,33.7,4.2,12.69,79.0,28.1,Normal
77.7,37.8,5.2,12.85,161.0,37.4,Normal
98.8,44.0,8.4,11.91,29.0,31.6,Warning
75.5,37.8,11.5,12.67,28.0,35.7,Normal
104.1,39.8,10.9,13.11,195.0,33.2,Normal
106.7,38.8,10.6,11.87,23.0,33.2,Warning
94.1,47.9,8.5,12.31,76.0,31.1,Normal
98.6,28.7,4.7,13.14,82.0,35.8,Normal
88.1,36.7,5.5,13.09,39.0,32.5,Normal
100.1,26.3,4.2,13.36,48.0,33.0,Normal
93.6,50.4,11.5,12.88,196.0,32.8,Normal
104.7,49.9,4.6,12.17,115.0,31.1,Normal
91.6,45.5,11.5,13.39,177.0,32.6,Normal
103.9,35.0,3.8,13.19,183.0,33.9,Warning
95.1,36.2,4.2,12.18,172.0,31.7,Normal
94.4,41.7,2.5,12.07,150.0,31.3,Critical
94.0,41.2,11.5,12.58,180.0,39.0,Normal
106.4,59.2,8.0,12.3,113.0,33.9,Normal
90.9,40.5,11.9,12.61,144.0,32.7,Normal
97.0,32.7,2.7,12.34,69.0,31.4,Warning
96.6,39.7,3.8,12.63,130.0,30.5,Warning
95.2,32.1,4.9,12.42,120.0,33.8,Normal
97.7,51.3,11.2,12.95,69.0,33.7,Normal
94.9,52.4,7.9,12.08,198.0,33.9,Normal
96.8,42.3,10.5,11.02,85.0,31.7,Critical
102.4,28.3,5.6,13.28,112.0,35.6,Normal
90.7,34.4,2.4,11.54,103.0,30.9,Critical
91.8,46.9,6.9,12.33,51.0,30.0,Normal
101.2,45.7,6.2,12.35,94.0,33.3,Normal
95.6,29.9,5.2,12.2,110.0,32.7,Normal
92.0,34.1,4.9,12.08,183.0,28.4,Normal
95.0,54.4,4.5,12.34,16.0,33.1,Normal
103.8,50.1,4.0,12.23,94.0,36.1,Normal
105.6,36.0,4.5,11.67,47.0,32.2,Warning
82.8,29.0,11.8,12.74,40.0,30.9,Normal
92.1,48.9,3.1,12.04,28.0,32.6,Warning
97.0,38.4,9.0,12.08,19.0,32.3,Normal
91.0,54.3,9.2,12.86,71.0,28.3,Normal
107.0,31.1,9.3,12.71,32.0,34.4,Normal
104.5,52.3,2.1,12.44,92.0,33.6,Critical
109.0,47.4,6.3,13.45,93.0,32.1,Warning
92.7,49.5,9.9,12.82,76.0,33.5,Normal
99.7,43.9,8.5,12.28,80.0,37.7,Normal
92.1,35.6,11.8,12.39,168.0,32.9,Normal
93.2,39.6,10.5,12.98,39.0,29.9,Normal
87.4,34.8,11.7,12.4,178.0,31.4,Normal
113.6,56.3,5.0,12.11,156.0,27.9,Warning
87.3,54.8,11.9,12.58,198.0,31.1,Normal
88.9,39.5,8.7,13.3,53.0,33.0,Normal
84.1,36.0,6.0,13.06,110.0,32.9,Normal
94.1,35.1,3.7,12.06,22.0,32.0,Warning
87.5,30.9,7.6,12.35,24.0,35.9,Normal
89.7,44.2,8.5,12.72,126.0,33.7,Normal
98.6,32.9,5.4,12.24,119.0,32.9,Normal
81.7,31.0,3.6,11.89,75.0,32.9,Warning
107.4,46.7,6.7,12.87,142.0,39.1,Normal
90.9,33.5,5.3,12.58,111.0,27.8,Warning
89.6,29.5,3.0,12.99,139.0,32.3,Warning
102.5,30.2,10.6,12.72,112.0,29.5,Normal
92.7,43.0,9.6,12.74,157.0,34.8,Normal
101.9,47.2,4.0,12.22,98.0,30.5,Normal
95.4,34.1,7.2,12.79,183.0,30.3,Normal
87.2,47.7,4.7,12.05,59.0,32.1,Normal
113.4,39.8,7.3,12.39,134.0,39.1,Warning
101.4,48.6,2.3,12.6,111.0,36.0,Critical
91.1,35.3,11.6,11.87,186.0,37.5,Warning
85.8,41.2,6.7,12.94,93.0,31.9,Normal
92.9,46.3,3.5,13.26,73.0,35.1,Warning
98.7,43.9,9.2,12.72,55.0,31.3,Warning
92.4,48.4,6.1,12.2,95.0,27.1,Warning
103.7,42.4,7.0,11.8,55.0,35.8,Warning
77.7,43.9,2.8,12.06,135.0,37.3,Warning
93.1,40.3,8.3,12.5,25.0,33.1,Normal
97.7,52.3,3.5,11.6,42.0,33.0,Warning
89.8,33.0,4.7,12.61,186.0,31.4,Normal
108.2,37.5,6.1,12.81,36.0,30.9,Warning
80.1,41.7,8.1,12.71,176.0,31.9,Normal
80.0,31.2,4.0,12.78,171.0,31.3,Warning
111.7,41.5,11.3,12.15,140.0,33.1,Warning
80.2,32.3,10.2,13.11,34.0,34.5,Normal
81.6,32.4,7.7,11.38,133.0,32.4,Warning
104.2,56.2,11.0,13.14,27.0,34.7,Normal
94.6,36.7,8.1,12.14,27.0,32.0,Normal
86.3,50.7,11.2,12.16,96.0,27.8,Warning
