vehicle_id,engine_temp_C,oil_pressure_psi,brake_pad_mm,battery_voltage_V,mileage_k,tire_pressure_psi,severity
VH-01132,89.5,,6.0,12.73,14.0,30.5, normal 
VH-06896,95.7,,2.7,12.58,29.0,32.8,Warning
VH-07002,89.2,46.0,7.4,12.28,157.0,33.6,Normal
VH-04236,96.6,46.5,11.5,13.01,55.0,29.9,Normal
VH-02629,94.7,48.4,8.6,12.5,22.0,28.6,Normal
VH-05359,93.9,38.0,10.9,11.87,24.0,33.4,Warning
VH-01320,88.9,46.4,7.1,13.14,76.0,29.4,Normal
VH-05021,103.7,44.5,11.0,12.52,34.0,34.7,Normal
VH-02199,88.5,32.8,6.3,13.2,157.0,30.4,Normal
VH-00102,92.1,30.3,4.6,13.36,102.0,35.0,Normal
VH-02855,107.6,45.6,9.2,12.14,185.0,33.3,Normal
VH-06493,94.7,23.4,4.0,12.7,103.0,34.7,Warning
VH-00121,96.4,47.4,3.2,12.95,135.0,34.0,Warning
VH-02578,105.1,38.7,3.4,12.72,28.0,36.3,Critical
VH-02810,89.9,41.9,8.3,12.98,43.0,36.2, normal 
VH-01790,81.7,43.5,10.3,13.3,30.0,32.1,Normal
VH-06181,101.8,31.5,9.8,11.76,80.0,32.8,Warning
VH-02125,96.5,29.3,8.5,12.62,17.0,35.1,WARNING
VH-07824,86.5,43.7,7.6,13.66,167.0,26.5,Warning
VH-00576,105.7,25.6,7.4,12.49,94.0,36.6,Normal
VH-00561,97.7,48.8,8.3,12.8,191.0,34.7, normal 
VH-04900,78.3,37.5,2.6,13.62,155.0,28.8,Warning
VH-00949,70.0,49.2,4.3,13.26,142.0,36.2,Warning
VH-00374,99.4,38.7,8.9,11.99,145.0,32.8,Warning
VH-00247,109.7,30.9,6.3,12.59,154.0,30.6,Warning
VH-02775,116.1,47.5,10.5,12.67,29.0,31.8,Warning
VH-01487,84.0,32.3,6.3,12.43,113.0,37.1,Normal
VH-00112,90.2,35.9,9.9,12.55,48.0,34.6,Normal
VH-05816,97.2,30.9,9.8,12.45,130.0,31.2,Normal
VH-01260,103.0,44.6,10.5,12.98,22.0,31.2,Normal
VH-06429,92.9,42.3,6.5,12.2,35.0,33.6,Normal
VH-01285,97.0,41.3,8.3,12.38,19.0,34.2,Normal
VH-01442,83.9,30.9,10.3,12.53,74.0,29.8,Normal
VH-05264,87.1,,6.6,12.05,135.0,34.1, normal 
VH-00797,103.5,49.3,8.4,12.79,102.0,36.4,Normal
VH-07350,106.0,44.0,3.5,12.34,141.0,40.4,Warning
VH-05418,92.9,59.4,2.6,13.07,5.0,32.5,Warning
VH-05147,88.9,58.1,9.2,12.1,95.0,33.8,Normal
VH-04411,93.9,34.4,4.0,12.62,75.0,35.1,Normal
VH-04300,91.5,41.1,10.6,11.85,47.0,38.6,Warning
VH-05647,88.2,48.9,5.9,11.97,125.0,31.1,Warning
VH-03024,93.6,46.9,5.0,12.52,59.0,32.9,Normal
VH-01041,102.8,49.9,4.8,,13.0,31.8,Critical
VH-02587,106.3,31.8,6.2,13.69,124.0,33.9,Normal
VH-03679,95.6,47.5,5.5,12.74,108.0,26.7,Critical
VH-06989,85.3,39.1,5.1,12.44,8.0,32.6,Normal
VH-01739,95.9,47.8,3.8,12.38,128.0,30.2,Warning
VH-05366,90.6,46.2,10.1,12.6,160.0,29.5,Normal
VH-02572,106.8,37.0,11.7,12.37,186.0,32.8,Normal
VH-07128,88.8,43.3,7.6,11.94,187.0,31.5,Warning
VH-05465,98.9,45.6,6.2,12.21,162.0,33.2,Normal
VH-05724,96.2,,11.3,12.12,177.0,35.5,Normal
VH-03113,101.2,,8.8,12.18,151.0,36.4,Normal
VH-03773,99.4,35.4,2.4,10.97,22.0,32.0,Critical
VH-00158,91.0,40.3,8.2,12.97,82.0,30.4,Normal
VH-04113,99.4,36.1,3.6,12.39,108.0,34.3,Warning
VH-02419,76.4,,11.0,12.68,45.0,34.4,Normal
VH-04825,89.8,46.3,9.6,12.31,192.0,34.5,Normal
VH-04029,96.6,35.8,9.8,12.9,32.0,40.0,Warning
VH-02464,89.4,60.8,11.6,12.48,134.0,34.7,Normal
VH-00459,94.8,,2.5,13.14,45.0,33.1,Warning
VH-07193,87.2,52.5,4.0,,81.0,30.6,Critical
VH-02848,101.3,41.6,10.4,12.96,83.0,31.3,Normal
VH-01113,93.1,37.6,8.5,12.91,127.0,32.5,Normal
VH-01127,94.2,39.7,6.6,12.22,185.0,35.7,Normal
VH-04935,89.7,38.7,7.1,12.89,73.0,26.3,Warning
VH-04036,112.6,,2.4,13.22,78.0,33.4,Critical
VH-01682,90.7,40.2,10.1,12.92,130.0,37.2,Normal
VH-06337,84.1,48.9,3.1,12.35,95.0,34.0,Warning
VH-06632,91.4,42.7,4.9,12.2,160.0,33.1,WARNING
VH-07093,90.6,30.4,4.1,11.99,67.0,35.8,Warning
VH-05270,102.0,42.2,8.0,12.89,80.0,33.9,Normal
VH-02193,95.3,43.6,2.6,12.71,116.0,34.8,Warning
VH-07446,96.7,31.1,2.0,12.98,177.0,32.1,Critical
VH-04213,93.9,40.9,6.5,11.99,40.0,35.0,WARNING
VH-02203,99.8,20.7,3.8,12.65,32.0,35.7,Warning
VH-03915,93.0,40.8,11.1,13.28,18.0,34.7,Normal
VH-04528,89.4,43.7,2.1,12.88,46.0,33.6,Critical
VH-01276,90.2,38.6,8.6,12.16,94.0,34.5,Normal
VH-02142,116.6,41.6,2.7,11.59,175.0,35.6,Warning
VH-02386,82.1,26.9,5.2,12.92,157.0,31.0,Normal
VH-07733,87.2,32.7,4.1,12.12,19.0,32.4, normal 
VH-01634,97.3,44.2,3.8,12.29,179.0,33.7,Warning
VH-05902,93.7,45.8,6.9,12.88,40.0,36.8,Normal
VH-00345,78.5,47.6,10.5,12.86,112.0,26.3,Warning
VH-03723,102.3,32.1,5.7,12.5,189.0,32.7,Normal
VH-00094,81.5,29.6,11.8,12.22,34.0,31.4,Normal
VH-00754,109.3,46.9,5.7,12.71,200.0,35.3,Warning
VH-06719,94.6,44.5,9.0,13.38,86.0,,Normal
VH-01714,86.9,45.2,6.5,12.83,160.0,33.0,Normal
VH-05403,95.0,,10.3,12.52,191.0,36.3,Normal
VH-03707,99.8,34.7,2.8,13.17,65.0,33.3,Warning
VH-05512,82.7,35.9,6.6,12.1,132.0,26.1,Warning
VH-03692,79.5,49.0,7.6,12.49,148.0,38.1,Normal
VH-06655,106.0,39.0,10.1,11.83,77.0,32.1,Warning
VH-03214,103.1,31.6,11.3,12.73,36.0,35.3, normal 
VH-04146,95.8,39.5,2.3,12.66,108.0,33.3,Critical
VH-02019,98.8,38.4,11.8,13.07,56.0,29.0,Normal
VH-06419,94.2,32.3,8.4,13.69,72.0,27.2,Warning
VH-04812,94.9,35.4,7.4,12.23,181.0,35.2,Normal
VH-02381,101.3,35.5,7.9,12.82,83.0,36.4,Normal
VH-06862,107.4,40.2,9.2,12.25,50.0,32.8,Normal
VH-06234,93.7,33.4,6.8,13.03,49.0,28.7,Normal
VH-04841,87.0,43.9,6.7,12.08,133.0,33.2,Normal
VH-00445,83.2,46.1,5.5,12.49,96.0,28.1,Normal
VH-00700,103.9,28.9,3.0,12.46,192.0,32.7,Warning
VH-06749,92.0,25.6,6.5,13.95,192.0,38.5,Normal
VH-02733,91.3,58.6,3.4,,129.0,33.0,Warning
VH-01925,85.5,46.1,5.5,12.81,40.0,31.2,Normal
VH-02893,89.7,57.7,8.9,12.96,187.0,35.9,Normal
VH-02830,87.7,36.2,8.0,11.71,9.0,31.8,Warning
VH-06913,112.1,48.1,7.4,13.55,10.0,30.2,Warning
VH-06371,112.0,56.9,5.6,11.6,52.0,35.5,Warning
VH-06266,98.4,29.9,10.0,12.45,169.0,33.4,Normal
VH-05911,96.6,47.9,9.9,12.95,106.0,33.6,Normal
VH-00140,98.3,44.6,11.0,12.86,138.0,37.4,Normal
VH-05258,83.1,50.4,6.9,12.44,12.0,29.9, normal 
VH-07661,102.2,34.3,11.8,13.06,64.0,30.1,Normal
VH-00852,102.3,30.5,5.2,12.73,130.0,30.4,Normal
VH-06964,106.7,39.0,7.8,13.32,85.0,32.2,Normal
VH-05661,97.0,48.9,11.2,12.55,10.0,33.0,Normal
VH-06942,90.5,34.8,5.6,13.22,156.0,34.5,Normal
VH-07390,85.1,48.0,12.0,12.37,30.0,35.3,Normal
VH-04296,92.9,34.3,7.2,12.58,8.0,38.8,Normal
VH-04351,85.8,37.8,3.4,12.62,140.0,32.4,Warning
VH-05447,94.7,43.5,9.3,13.16,9.0,26.9,Warning
VH-00415,96.6,37.6,8.6,11.66,37.0,38.5,Warning
VH-05996,96.8,41.9,10.3,12.44,132.0,28.9,Normal
VH-06700,88.7,29.9,5.9,12.61,151.0,32.2,Normal
VH-05182,94.5,34.3,4.8,12.61,143.0,33.0, normal 
VH-02494,103.7,44.7,3.6,13.06,25.0,29.8,Warning
VH-06243,104.8,37.1,5.4,12.98,137.0,33.3,Normal
VH-00433,80.4,38.6,9.1,12.14,84.0,34.5,Normal
VH-07843,89.0,54.4,7.9,12.61,27.0,38.1,Normal
VH-07567,97.1,31.4,4.0,11.97,28.0,34.9,Warning
VH-02555,92.0,32.6,7.4,13.27,30.0,33.2,Normal
VH-06818,96.1,49.1,8.1,13.08,29.0,36.5,Normal
VH-07387,96.6,51.0,9.1,13.03,135.0,37.3,Normal
VH-02901,83.7,47.1,3.6,11.97,148.0,35.3,Warning
VH-03060,104.4,31.4,3.8,13.7,142.0,31.2,Warning
VH-06166,100.4,47.3,11.8,12.23,92.0,31.9,Normal
VH-05705,96.8,701.181653244206,11.3,12.82,182.0,38.5,Normal
VH-01441,97.9,28.5,8.3,12.3,116.0,34.6,Normal
VH-01496,97.6,38.0,5.8,12.57,44.0,28.2,Normal
VH-05925,87.3,44.1,4.9,12.14,98.0,34.1,Normal
VH-02943,92.7,42.8,9.9,13.65,109.0,32.2, normal 
VH-04899,91.4,38.5,2.1,12.72,193.0,32.9,Critical
VH-02423,91.5,,9.2,13.04,99.0,33.4,Normal
VH-00162,112.0,30.8,2.9,11.64,150.0,32.4,Normal
VH-01095,104.8,29.1,7.6,12.4,91.0,30.7,Normal
VH-05301,88.5,34.1,6.9,12.37,162.0,35.1,Normal
VH-01641,99.0,37.1,6.3,11.63,112.0,36.3,Warning
VH-03027,84.1,35.7,10.7,12.6,29.0,35.1,Normal
VH-02408,76.0,48.2,2.6,11.58,40.0,36.0,Warning
VH-05382,89.7,43.1,2.6,12.02,196.0,32.5,Warning
VH-07647,106.0,46.6,5.6,12.82,29.0,34.3,Normal
VH-06182,79.5,42.2,8.2,12.59,24.0,34.4,Normal
VH-06304,102.9,25.8,2.5,12.59,43.0,32.8,Warning
VH-02441,99.6,53.7,4.0,13.26,131.0,33.0,Warning
VH-04511,93.6,44.2,4.4,12.96,172.0,30.1,Normal
VH-02888,91.8,34.6,6.6,11.67,18.0,31.0,Warning
VH-04444,95.8,29.4,7.5,12.77,140.0,37.0,Normal
VH-03788,109.2,44.1,9.5,12.96,176.0,32.4,Warning
VH-04547,104.9,31.0,10.1,13.03,47.0,36.4, normal 
VH-02421,92.8,34.9,7.7,12.4,194.0,30.9,Normal
VH-00901,95.8,27.8,2.1,12.75,155.0,38.5,Critical
VH-06443,94.3,50.7,11.0,12.36,99.0,33.2,Normal
VH-06574,91.3,48.4,6.9,12.77,53.0,35.9,Normal
VH-07013,91.9,22.6,9.3,12.48,22.0,32.9,Warning
VH-00950,81.2,50.4,7.8,12.36,95.0,33.1, normal 
VH-01003,100.1,30.8,2.0,12.52,159.0,36.4,critical
VH-01128,93.0,44.8,7.0,11.96,57.0,33.7,Warning
VH-00210,102.3,40.0,3.1,12.52,173.0,32.6,Warning
VH-03063,96.4,42.4,5.8,13.53,76.0,32.9,Normal
VH-01241,87.0,44.9,12.0,11.64,61.0,34.5,Warning
VH-01906,95.3,39.5,4.0,12.28,28.0,32.0,Normal
VH-06882,101.4,46.6,3.9,11.31,60.0,26.5,Warning
VH-02343,93.5,28.8,4.2,11.09,74.0,34.6,Normal
VH-06206,106.3,42.8,8.5,13.38,13.0,29.8,Normal
VH-07462,103.4,50.4,6.0,12.92,112.0,34.9,Normal
VH-03930,86.5,45.5,6.5,13.42,20.0,33.4, normal 
VH-02190,100.8,36.9,12.0,12.97,64.0,31.1, normal 
VH-04973,73.1,21.5,5.3,12.65,26.0,33.9,Critical
VH-03950,89.2,33.5,4.5,12.68,107.0,36.1,Normal
VH-00244,112.0,41.2,10.1,12.23,81.0,37.7,Warning
VH-00730,98.6,45.3,11.9,13.01,106.0,31.4,Normal
VH-00718,92.2,51.2,9.3,13.5,54.0,33.6,Normal
VH-00100,92.0,50.0,8.7,12.65,74.0,29.2,Normal
VH-02699,88.1,54.7,2.6,13.37,29.0,36.4,Warning
VH-05878,105.2,45.0,4.2,12.51,170.0,32.5,Normal
VH-01070,93.4,46.6,4.3,12.69,89.0,26.1,Warning
VH-04078,91.8,32.9,11.7,12.67,118.0,,Normal
VH-04055,98.0,40.5,10.5,11.89,145.0,32.3,Warning
VH-07195,105.0,40.1,4.4,13.27,35.0,39.7,Normal
VH-05138,90.3,41.0,4.5,12.08,126.0,33.3,Normal
VH-03641,108.3,55.5,9.2,12.63,45.0,32.3,Warning
VH-00705,87.2,36.2,10.6,11.7,90.0,33.8,Warning
VH-06974,106.6,29.1,6.5,13.01,135.0,32.6,Normal
VH-06778,85.1,44.1,7.8,12.54,145.0,32.2,Normal
VH-07170,93.9,27.1,3.0,12.43,31.0,32.4,Warning
VH-00522,105.7,39.9,6.3,12.01,35.0,33.2,Normal
VH-06829,84.0,29.8,3.7,12.72,126.0,37.3,Warning
VH-06242,91.1,38.4,4.3,13.43,129.0,30.6,Normal
VH-02650,86.5,21.4,6.5,13.03,151.0,32.4,Warning
VH-06062,96.2,50.4,10.6,12.04,124.0,35.2,Normal
VH-06948,106.1,35.6,2.5,12.86,10.0,35.6,Warning
VH-07327,91.4,48.4,7.3,11.46,115.0,34.3,Warning
VH-05610,102.4,,2.3,12.6,77.0,35.3,Critical
VH-00387,99.2,52.5,8.1,12.89,44.0,35.5,Normal
VH-03323,101.2,54.2,10.3,13.33,37.0,32.8,Normal
VH-01193,101.0,40.1,10.6,12.91,58.0,36.5,Normal
VH-00232,97.5,42.0,9.0,,12.0,31.4,Normal
VH-06944,96.1,31.4,2.6,12.78,124.0,35.7,Warning
VH-02593,100.7,44.6,2.7,12.36,181.0,29.1,Warning
VH-06593,104.7,29.1,2.6,12.7,156.0,32.7,Warning
VH-00351,101.8,37.3,2.8,12.4,52.0,28.7,Warning
VH-00596,90.8,40.2,9.2,12.66,102.0,,Normal
VH-04915,95.8,21.1,11.6,11.94,41.0,35.9,Warning
VH-05267,79.0,44.4,6.6,13.3,32.0,37.2,Normal
VH-06458,92.0,29.1,6.7,,49.0,37.4,Normal
VH-00885,97.3,54.4,5.4,12.37,58.0,37.6,Normal
VH-06145,91.4,37.3,9.7,13.58,167.0,40.2,Warning
VH-03667,86.2,37.6,10.2,13.31,124.0,31.1,Normal
VH-07789,92.2,44.2,4.8,12.1,156.0,32.5,Normal
VH-06136,86.5,32.5,4.0,12.89,66.0,35.4,Normal
VH-04380,110.6,38.4,11.1,12.21,179.0,,Warning
VH-05153,105.8,40.2,11.5,13.12,59.0,35.4,Normal
VH-07867,88.7,,9.4,12.36,61.0,33.9,Normal
VH-07322,106.7,37.1,2.7,12.66,54.0,31.6,Warning
VH-02397,93.5,43.0,6.9,13.9,123.0,31.9,Normal
VH-06759,107.4,42.4,6.1,12.62,19.0,35.3,Normal
VH-03763,99.7,32.1,3.2,12.09,182.0,36.4,Warning
VH-07301,90.2,45.4,9.0,13.7,71.0,28.5,Normal
VH-00985,100.1,,9.4,11.79,78.0,28.1,Warning
VH-01213,89.3,49.6,10.4,13.13,75.0,34.3,Normal
VH-03487,97.1,42.8,3.2,13.02,41.0,34.4,Warning
VH-03310,91.0,43.6,2.6,12.83,180.0,38.3,Warning
VH-02158,100.4,39.1,5.4,12.19,74.0,33.3,Normal
VH-01407,100.2,27.5,7.8,12.69,80.0,29.3,Normal
VH-07646,77.4,45.0,4.4,12.84,56.0,33.1,Normal
VH-05231,82.3,43.1,11.2,12.16,53.0,29.2,Normal
VH-06548,72.3,41.2,2.3,13.06,53.0,33.9,Critical
VH-01549,98.2,36.3,2.1,13.02,13.0,32.7,Critical
VH-06159,102.9,40.2,7.2,12.8,120.0,33.8,Normal
VH-01730,94.3,33.3,4.2,12.6,132.0,32.0,Normal
VH-00893,95.3,45.7,7.6,12.46,122.0,32.8,Normal
VH-01874,86.5,46.6,6.4,,164.0,30.9, normal 
VH-07393,98.1,45.0,7.2,12.38,58.0,32.6,Normal
VH-00835,87.8,26.8,11.4,11.88,120.0,35.3,Warning
VH-06338,105.0,41.6,10.5,12.58,6.0,32.2,Normal
VH-01901,103.6,42.0,11.8,13.97,60.0,31.5,Normal
VH-03435,99.2,50.0,5.7,12.09,184.0,31.7,Normal
VH-05533,96.3,61.0,5.6,12.28,171.0,33.8,Normal
VH-01614,89.6,50.3,6.2,13.0,100.0,35.0,Normal
VH-04601,95.4,28.5,5.7,13.1,190.0,39.1,Normal
VH-06874,85.3,42.7,7.4,12.81,168.0,31.1,Normal
VH-00407,101.6,,6.5,13.74,131.0,39.8,Normal
VH-04702,80.5,39.3,2.9,13.14,27.0,33.3,Warning
VH-01343,90.8,34.7,3.2,12.39,152.0,35.1,Warning
VH-06425,106.9,23.0,9.3,12.15,146.0,33.8,Warning
VH-06868,83.5,35.2,8.8,12.89,166.0,28.7,Normal
VH-02071,83.7,41.1,9.8,12.31,113.0,33.0,Normal
VH-02306,110.5,35.8,6.2,,195.0,31.9,Warning
VH-07488,93.3,51.9,3.2,12.04,73.0,34.5,Warning
VH-02470,91.3,42.4,10.6,12.85,175.0,,Normal
VH-01772,84.6,,2.2,12.62,160.0,32.0,Critical
VH-04769,107.8,24.7,6.5,13.15,120.0,29.7,Warning
VH-06669,87.7,41.3,10.6,13.03,27.0,28.4,Normal
VH-05584,90.6,24.8,2.8,,139.0,32.6,Warning
VH-04392,86.4,33.8,7.1,12.65,22.0,37.0,Normal
VH-01915,70.6,32.2,6.2,12.09,140.0,34.1,Warning
VH-00738,82.0,35.5,3.6,12.24,157.0,30.9,Warning
VH-00540,81.5,46.8,7.3,13.13,124.0,36.0,Normal
VH-05023,86.7,58.3,8.6,12.25,35.0,31.9,Normal
VH-07920,94.8,45.3,7.2,12.31,189.0,31.1,Normal
VH-07269,98.8,36.6,8.8,13.16,143.0,26.1,Warning
VH-02646,108.1,42.6,9.7,13.28,170.0,30.6,Warning
VH-02537,82.0,38.7,10.7,12.89,120.0,35.9, normal 
VH-04369,100.9,46.0,4.5,13.01,142.0,31.7,Normal
VH-02523,80.6,31.5,5.6,12.99,123.0,34.4,Normal
VH-01673,98.6,63.2,3.8,13.29,109.0,,Warning
VH-04336,96.2,42.0,6.8,13.13,195.0,30.2,Normal
VH-04623,101.8,26.5,6.4,,180.0,36.0,Normal
VH-02941,105.1,58.2,9.8,12.15,122.0,37.3,Normal
VH-06228,89.7,48.7,2.1,12.61,192.0,34.8,Critical
VH-03168,87.7,40.4,9.8,11.91,141.0,29.8,Warning
VH-06117,86.0,39.2,6.3,13.55,166.0,30.1,Normal
VH-00610,86.7,57.5,11.6,12.09,27.0,35.3,Normal
VH-07842,93.5,46.2,6.4,13.09,41.0,36.9,Normal
VH-06035,89.9,822.1740233030026,8.0,13.14,179.0,34.2,Normal
VH-04352,95.7,29.8,12.0,12.29,35.0,37.3,Normal
VH-05550,100.7,36.3,7.3,12.27,78.0,33.0,Normal
VH-02292,104.6,48.0,4.3,13.09,165.0,27.8,Warning
VH-01900,90.6,29.4,5.4,12.55,59.0,39.2,Normal
VH-05199,93.2,32.3,2.3,12.88,166.0,29.3,Critical
VH-07738,94.8,34.1,2.2,12.92,141.0,35.7,Critical
VH-05526,98.6,39.4,11.6,12.71,35.0,32.6,Normal
VH-07741,99.5,,10.3,13.04,84.0,34.1,Normal
VH-00295,96.4,33.0,7.1,11.69,35.0,29.9,Warning
VH-04683,90.0,40.2,5.5,11.8,52.0,,Warning
VH-00563,88.9,41.7,3.6,12.71,131.0,35.7,Warning
VH-04716,101.9,32.8,5.0,12.31,134.0,,Normal
VH-04368,93.9,31.3,11.0,12.17,118.0,30.7,Normal
VH-06695,86.3,33.6,9.6,12.33,128.0,32.8,Normal
VH-05874,84.8,,4.6,12.77,183.0,35.0,Normal
VH-01384,81.0,47.2,5.0,11.56,14.0,36.8,Warning
VH-02346,93.6,32.2,2.6,12.94,146.0,30.9,Warning
VH-05914,99.2,32.5,11.7,11.99,198.0,29.9,Warning
VH-02034,95.9,34.0,11.4,12.24,159.0,26.5,Warning
VH-07200,101.8,31.5,7.4,11.7,191.0,31.7,Warning
VH-06914,82.0,42.7,7.8,13.43,196.0,37.1,Normal
VH-04568,100.1,42.0,4.9,13.59,122.0,27.8,Warning
VH-02930,89.0,43.2,5.7,10.87,30.0,29.9,Critical
VH-00727,101.1,34.7,5.5,12.52,97.0,33.5,Normal
VH-05441,84.4,43.3,6.4,12.58,184.0,35.5,Normal
VH-06404,93.6,38.6,9.3,13.31,187.0,35.6,Normal
VH-04883,92.8,40.4,2.9,12.5,51.0,31.6,Warning
VH-06785,86.2,47.8,11.3,12.9,56.0,28.8,Normal
VH-02937,106.4,35.9,9.3,13.2,81.0,31.2,Normal
VH-03611,88.9,37.6,8.0,12.33,177.0,27.7,Warning
VH-01197,87.6,53.1,9.2,11.97,188.0,33.1,Warning
VH-03541,97.8,48.1,9.2,12.31,86.0,35.8,Normal
VH-02333,94.7,46.7,9.0,12.36,116.0,32.5,Normal
VH-04063,90.0,39.6,11.1,11.83,46.0,34.0,Warning
VH-00095,83.4,34.9,7.0,14.05,17.0,31.7,Normal
VH-02123,95.5,46.4,9.1,12.37,87.0,29.5,Normal
VH-04586,99.0,35.1,9.9,12.79,24.0,28.5,Normal
VH-05534,97.9,35.9,4.2,12.65,171.0,39.6,Normal
VH-06791,92.0,43.8,9.0,13.05,38.0,34.1,Normal
VH-00134,83.2,45.2,2.9,12.7,145.0,33.4,Warning
VH-05926,94.2,42.4,8.2,12.13,46.0,30.8,Normal
VH-04834,82.1,34.5,4.7,12.05,156.0,31.9,Normal
VH-04546,73.4,33.4,4.6,12.89,25.0,,Warning
VH-01390,89.6,37.5,11.7,11.37,195.0,32.3,Warning
VH-07575,93.5,55.0,8.4,12.84,98.0,36.0,Normal
VH-05670,90.6,51.1,3.8,12.65,128.0,37.0,WARNING
VH-03750,92.7,39.9,10.2,13.25,133.0,36.3,Normal
VH-07389,94.3,45.5,4.1,11.73,14.0,33.2,Warning
VH-04112,89.9,43.6,9.5,12.36,173.0,29.7,Normal
VH-01544,105.9,35.5,8.5,12.98,91.0,32.6, normal 
VH-04275,91.9,41.7,5.1,11.9,30.0,39.7,Warning
VH-00101,105.4,38.7,3.1,12.96,132.0,32.6,Warning
VH-03190,83.6,15.8,4.7,13.67,136.0,31.2,Critical
VH-07796,90.4,32.6,3.3,12.0,21.0,35.1,Warning
VH-04664,115.2,37.7,4.8,12.14,68.0,32.6,Warning
VH-05260,99.2,30.9,10.5,12.58,22.0,29.9,Normal
VH-01202,98.4,37.5,5.4,12.84,27.0,33.4,Normal
VH-05726,81.3,54.9,7.6,12.93,195.0,36.2,Normal
VH-00903,107.7,44.5,6.3,12.73,86.0,34.2,Normal
VH-06920,106.2,53.6,7.8,12.07,44.0,34.5,Normal
VH-07265,98.4,38.8,6.7,12.79,99.0,32.4,Normal
VH-01083,95.5,55.0,9.4,12.04,129.0,30.3,Normal
VH-03856,85.8,47.9,6.2,12.68,5.0,29.4,Normal
VH-04693,89.1,29.8,7.4,12.15,134.0,28.2,Normal
VH-01642,75.7,35.5,2.0,13.03,164.0,31.4,Critical
VH-03083,90.8,30.2,9.0,11.76,26.0,36.6,Warning
VH-04830,84.5,25.0,11.6,12.47,37.0,33.0,Normal
VH-03355,73.4,45.2,4.8,,142.0,,Warning
VH-07694,101.5,41.0,9.7,13.32,39.0,28.4,Normal
VH-01617,80.8,41.8,9.6,11.28,165.0,32.2,Critical
VH-06630,97.7,54.0,8.4,12.78,121.0,28.1,Normal
VH-03866,98.3,48.3,11.3,12.32,124.0,30.8,Normal
VH-06905,101.1,36.3,6.7,13.2,114.0,33.2,Normal
VH-01057,98.3,34.1,5.3,11.66,177.0,34.8,Warning
VH-00695,88.7,45.1,7.2,12.33,112.0,32.0,Normal
VH-03258,88.0,38.2,4.8,12.73,72.0,34.1,Normal
VH-00246,86.2,41.8,6.2,12.46,7.0,30.5, normal 
VH-03095,85.9,41.8,3.4,12.69,126.0,33.3,Warning
VH-05529,94.7,35.9,10.1,12.82,168.0,38.7,Normal
VH-01188,99.9,37.9,11.8,12.14,149.0,33.8,Normal
VH-03634,93.6,49.3,3.6,12.86,73.0,31.1,Warning
VH-06499,112.8,59.3,7.1,12.68,187.0,28.9,WARNING
VH-02661,89.4,29.7,2.0,13.04,146.0,34.7,Critical
VH-04848,89.1,42.6,7.9,,125.0,34.1,Normal
VH-05961,83.8,44.1,10.7,12.42,194.0,31.7,Normal
VH-02271,86.3,,5.6,13.11,22.0,30.8,Normal
VH-07976,108.8,36.1,8.3,12.91,77.0,38.3,Warning
VH-02000,91.4,41.4,11.2,12.49,121.0,28.5,Normal
VH-00276,88.9,32.1,7.3,11.95,150.0,34.5,Warning
VH-05198,90.2,44.7,6.0,12.74,172.0,30.0,Normal
VH-01543,94.2,34.9,3.1,12.96,138.0,33.3,Warning
VH-01740,91.9,54.5,5.6,12.44,173.0,34.3,Normal
VH-01421,93.3,37.4,10.3,13.28,103.0,29.1,Normal
VH-02467,105.6,42.3,9.1,12.29,117.0,27.4,Warning
VH-01795,92.4,38.4,7.4,12.85,20.0,34.3,Normal
VH-03675,110.8,39.6,6.5,12.77,83.0,35.4,Warning
VH-02296,115.6,36.9,2.5,,154.0,32.8,Critical
VH-00934,97.5,52.9,7.1,13.17,190.0,27.9,Warning
VH-06709,107.0,37.4,9.6,12.59,115.0,31.6,Normal
VH-05471,91.2,36.5,8.9,12.46,44.0,31.2,Normal
VH-05072,110.3,,4.0,12.59,159.0,35.0,Warning
VH-06628,90.7,24.8,6.7,12.89,123.0,36.8,Warning
VH-02495,112.7,36.0,8.9,12.13,100.0,33.0,Warning
VH-06008,93.5,43.5,7.3,12.31,157.0,26.3,Warning
VH-06124,92.7,43.6,6.7,12.51,190.0,34.0,Normal
VH-06802,94.0,46.4,2.7,13.07,32.0,38.9,Warning
VH-03123,99.4,34.2,2.1,13.25,103.0,28.0,Critical
VH-03767,98.6,45.1,5.7,12.21,173.0,29.6,Normal
VH-06601,92.6,45.3,9.9,12.73,128.0,28.4,Normal
VH-06413,92.5,41.0,11.3,12.63,153.0,33.7,Normal
VH-04116,104.0,26.3,5.3,13.14,44.0,34.0,Normal
VH-04725,104.0,55.0,4.4,12.6,48.0,33.0,Normal
VH-01814,96.4,44.5,11.2,13.13,128.0,29.3,Normal
VH-04613,89.7,39.3,4.9,13.01,142.0,34.9,Normal
VH-07819,106.1,25.5,4.9,11.78,122.0,27.9,WARNING
VH-01172,94.1,41.6,5.7,12.64,77.0,37.2,Normal
VH-04426,96.4,31.5,10.8,12.97,98.0,,Normal
VH-00799,95.3,37.2,4.6,12.85,92.0,31.0,Normal
VH-00056,92.8,34.9,4.8,12.49,20.0,36.6,Normal
VH-03227,94.5,,8.4,12.46,178.0,31.1,Normal
VH-03320,82.1,25.6,4.4,13.02,83.0,29.7,Normal
VH-06274,94.0,62.9,10.1,,79.0,33.7,Normal
VH-04276,101.1,35.3,5.8,13.01,182.0,32.7,Normal
VH-07832,97.3,29.5,7.6,12.88,117.0,31.1,Normal
VH-03155,88.8,41.1,7.7,11.59,186.0,31.5,Warning
VH-02535,103.4,51.4,9.5,12.95,34.0,33.6,Normal
VH-03003,82.6,45.4,6.2,12.47,184.0,29.1,Normal
VH-04881,97.2,,6.0,13.17,182.0,,Normal
VH-03647,91.9,30.3,10.8,11.7,189.0,31.7,Warning
VH-07185,99.8,34.9,5.0,13.26,37.0,28.6,Normal
VH-06881,93.2,37.0,7.2,12.82,94.0,31.5,Normal
VH-01429,101.0,,6.1,11.79,156.0,37.0,Warning
VH-06758,108.9,49.3,11.5,12.14,60.0,38.4,Warning
VH-00830,98.2,26.6,4.6,12.12,78.0,34.4,Normal
VH-04007,98.8,47.7,4.5,12.87,23.0,33.4,Normal
VH-04578,91.2,44.4,6.2,12.93,182.0,32.0,Normal
VH-02720,96.4,46.3,6.9,11.77,43.0,30.4,Warning
VH-04223,85.5,35.1,7.0,13.2,157.0,42.3,Normal
VH-06462,92.8,27.0,5.8,12.61,161.0,41.9,Warning
VH-02270,98.3,36.0,8.7,12.98,106.0,30.8,Normal
VH-06020,94.2,42.9,10.7,12.76,110.0,31.5,Normal
VH-02853,96.9,37.9,2.2,12.62,158.0,33.6,Critical
VH-02892,94.2,41.1,10.5,12.56,36.0,34.8,Normal
VH-03681,99.5,39.6,3.5,12.7,179.0,33.7,Warning
VH-05216,88.7,48.5,6.8,13.02,148.0,30.9,Normal
VH-03082,96.8,36.6,10.6,,188.0,31.7,Normal
VH-05530,89.2,42.6,11.2,13.18,158.0,33.8,Normal
VH-06442,104.9,23.4,4.8,12.65,67.0,,Warning
VH-04670,74.5,33.5,7.7,11.93,70.0,23.3,Warning
VH-01930,81.2,27.7,6.4,12.68,51.0,30.1,Normal
VH-04327,98.8,55.4,4.6,11.81,104.0,30.0,Warning
VH-05045,106.0,33.7,4.6,12.4,19.0,29.9,Normal
VH-00412,89.6,33.8,11.1,12.58,25.0,29.8,Normal
VH-00046,102.0,16.8,5.8,12.24,169.0,34.7,Critical
VH-03480,91.0,47.3,4.4,12.59,72.0,31.4,Normal
VH-05336,101.4,30.5,6.1,11.72,79.0,36.1,Warning
VH-04958,99.9,38.8,7.9,12.58,73.0,34.2,Normal
VH-01583,89.4,28.0,8.0,12.71,77.0,29.5,Normal
VH-06368,87.5,39.5,11.1,11.83,92.0,32.7,WARNING
VH-06083,86.2,47.7,8.4,12.6,102.0,31.1,Normal
VH-00762,100.9,48.7,7.1,12.05,165.0,32.2,Normal
VH-05788,89.2,43.1,7.7,11.3,130.0,37.8,Warning
VH-07061,89.5,40.8,4.2,13.14,191.0,34.0,Normal
VH-03678,89.5,33.2,11.9,12.67,151.0,,Normal
VH-00275,98.1,37.5,6.9,13.28,57.0,33.6,Normal
VH-03547,103.4,45.9,12.0,,54.0,30.7, normal 
VH-00460,97.5,35.7,8.3,13.7,108.0,30.6,Normal
VH-07104,93.5,33.5,5.2,12.02,49.0,35.4,Normal
VH-02201,93.6,48.3,2.6,12.51,187.0,30.5,Warning
VH-06252,103.1,33.6,11.9,13.47,100.0,35.9,Normal
VH-01224,87.8,38.1,4.4,12.21,117.0,31.7,Warning
VH-04736,88.8,55.6,2.4,12.92,170.0,29.7,Critical
VH-03527,84.4,43.0,2.7,13.09,176.0,34.9,WARNING
VH-04371,90.3,32.6,3.2,12.2,13.0,37.6,Warning
VH-07707,85.7,38.3,5.1,12.69,130.0,30.7,Normal
VH-03467,79.8,23.6,2.6,13.08,16.0,31.6,Warning
VH-07525,106.9,48.1,4.6,12.73,53.0,38.8,Normal
VH-02571,100.1,,6.8,12.82,84.0,29.8,Normal
VH-04185,98.1,44.9,2.9,12.62,137.0,35.2,Warning
VH-07969,107.7,42.7,9.9,,170.0,31.8,Warning
VH-04154,89.5,25.1,6.8,12.4,143.0,37.6,Normal
VH-02168,89.1,40.3,9.3,13.07,169.0,36.1,Normal
VH-05449,96.3,40.1,7.5,12.04,157.0,35.4,Normal
VH-01966,96.9,44.2,3.2,12.03,32.0,28.1,Warning
VH-06612,94.5,31.3,11.5,13.01,164.0,31.5,Normal
VH-03752,93.6,41.5,9.4,12.43,124.0,35.4,Normal
VH-03631,104.5,37.1,10.5,11.98,109.0,30.7,Warning
VH-02850,93.8,48.3,9.8,12.98,94.0,38.4,Normal
VH-03414,86.2,30.8,8.8,12.63,143.0,29.9,Normal
VH-05988,96.4,31.7,4.6,12.61,163.0,30.8,Normal
VH-02518,99.4,30.5,5.4,,88.0,33.9,Warning
VH-05987,91.1,31.7,6.0,13.07,74.0,32.4,Normal
VH-01811,79.2,28.0,2.1,13.04,172.0,33.2,Critical
VH-06983,-1.2100743348355536,49.0,10.7,12.52,181.0,34.6,Normal
VH-05073,92.8,50.2,9.7,12.1,123.0,37.2,Normal
VH-00965,84.1,48.0,8.2,12.69,92.0,32.0,Normal
VH-03337,98.9,49.6,8.2,13.34,149.0,39.1,Normal
VH-04339,93.0,50.4,10.3,12.51,130.0,29.8,Normal
VH-04534,94.9,48.6,7.5,13.35,123.0,28.2,Normal
VH-00187,85.2,31.4,9.8,12.51,157.0,32.6,Normal
VH-02811,92.1,35.5,5.9,12.8,112.0,33.6,Normal
VH-07218,94.3,35.7,4.2,,99.0,30.2,Normal
VH-05166,79.9,37.9,8.2,12.21,27.0,37.2,Normal
VH-03328,89.6,40.7,10.0,12.06,92.0,29.0,Normal
VH-07985,96.2,37.4,3.3,12.97,134.0,29.4,Warning
VH-05132,95.1,45.6,8.5,13.09,170.0,28.2,Normal
VH-05989,91.0,36.4,6.7,12.07,132.0,34.3,Normal
VH-04474,89.6,42.4,2.1,12.86,47.0,35.4,Critical
VH-06153,93.4,24.6,4.8,12.58,154.0,32.1,Warning
VH-04905,104.9,41.1,9.2,12.36,140.0,30.3,Normal
VH-07799,88.0,33.6,5.4,12.43,178.0,29.6,Normal
VH-03522,92.5,46.3,10.2,12.15,105.0,30.3, normal 
VH-05089,111.2,44.8,4.6,13.36,143.0,33.3,Warning
VH-07457,90.4,35.3,2.0,13.78,68.0,33.5,Critical
VH-02777,91.3,29.3,9.8,12.18,120.0,29.3,Normal
VH-01074,87.7,35.4,5.6,13.03,23.0,31.3,Normal
VH-06029,77.4,41.5,4.0,12.24,134.0,33.5,Warning
VH-02455,95.7,35.9,11.5,13.11,86.0,31.4, normal 
VH-00892,91.7,30.1,3.7,12.67,193.0,32.0,Warning
VH-06392,98.1,30.5,8.4,12.43,55.0,33.8,Normal
VH-04541,97.2,46.9,6.7,11.67,17.0,33.9,Warning
VH-07101,84.4,55.7,3.0,12.78,135.0,32.0,Warning
VH-06114,98.5,40.4,10.1,12.9,117.0,31.9,Normal
VH-04214,94.0,,4.6,12.36,134.0,36.9,Normal
VH-00743,80.1,29.6,8.6,12.15,92.0,33.4,Normal
VH-07386,100.6,44.3,5.8,12.5,53.0,39.1,Normal
VH-05502,86.3,41.6,9.8,13.3,79.0,39.2,Normal
VH-03029,97.2,51.8,11.1,13.09,25.0,35.8,Normal
VH-06156,81.7,38.3,7.9,12.51,25.0,30.1,Normal
VH-04813,94.7,40.6,4.1,13.01,150.0,33.4,Normal
VH-01955,86.8,53.9,3.2,12.79,174.0,36.3,WARNING
VH-05100,88.0,41.4,11.1,12.26,104.0,31.4,Normal
VH-03955,79.0,28.1,4.5,12.48,92.0,34.8,Normal
VH-03877,97.6,28.6,9.5,12.44,87.0,33.3,Normal
VH-00996,101.1,,11.8,12.67,180.0,32.1,Normal
VH-02622,107.3,48.7,6.9,12.18,99.0,34.5,Normal
VH-07091,81.5,39.6,6.6,12.67,153.0,30.5,Normal
VH-04240,95.2,35.2,11.1,11.46,136.0,32.8,Warning
VH-06968,114.2,36.4,11.6,12.42,161.0,31.7,Warning
VH-01506,78.1,37.7,6.3,13.02,162.0,35.3,Normal
VH-05302,102.9,56.8,9.3,12.23,113.0,34.0,Normal
VH-06126,101.3,34.6,5.8,12.81,68.0,31.0,Normal
VH-03044,96.6,35.7,8.1,13.58,32.0,29.2,Normal
VH-02350,100.2,33.7,11.5,12.62,85.0,35.7,Normal
VH-03468,106.4,31.2,7.1,12.64,116.0,29.3,Normal
VH-00905,111.5,41.5,4.8,13.32,39.0,32.9,Warning
VH-00451,97.8,35.9,10.1,12.33,13.0,32.9,Normal
VH-03908,86.7,38.1,9.1,12.6,162.0,32.6,Normal
VH-00993,105.5,51.4,9.4,12.9,33.0,36.4,Normal
VH-03706,93.6,33.4,5.5,12.43,32.0,35.7,Normal
VH-03383,89.6,43.6,5.0,12.95,183.0,33.2,Normal
VH-00183,103.9,44.4,2.5,13.43,98.0,29.7,Warning
VH-05163,96.4,41.6,3.5,12.57,15.0,33.6,Warning
VH-02373,107.7,35.1,4.1,12.64,84.0,34.1,Normal
VH-07349,100.0,60.8,6.8,12.86,38.0,34.2,Normal
VH-02267,93.3,43.5,7.8,12.76,60.0,,Normal
VH-03094,109.6,35.7,8.7,12.02,55.0,31.8,Warning
VH-04516,101.5,38.2,8.9,12.1,193.0,30.3,Normal
VH-04017,102.7,,2.1,,108.0,34.0,Critical
VH-00582,92.6,32.1,3.5,12.6,176.0,28.9,Warning
VH-04744,93.5,37.3,11.2,12.95,131.0,34.3,Normal
VH-01680,83.0,38.7,5.9,12.06,150.0,28.6,Warning
VH-01263,91.4,28.7,7.9,12.03,196.0,32.3,Normal
VH-00053,92.4,44.4,6.5,12.08,146.0,39.0,Normal
VH-05854,88.3,43.2,5.3,12.78,77.0,29.2,Normal
VH-05652,101.2,35.8,2.8,12.72,170.0,32.2,Warning
VH-02732,108.8,38.9,10.4,13.01,26.0,32.9,Warning
VH-06503,101.1,26.9,5.1,12.51,91.0,39.9,Normal
VH-01302,99.9,43.1,11.2,12.49,86.0,36.4,Normal
VH-04542,80.2,39.8,8.5,12.41,135.0,32.5,Normal
VH-06474,81.1,49.7,8.3,12.64,196.0,30.8,Normal
VH-07999,97.0,24.5,2.4,12.54,145.0,,Critical
VH-07415,84.4,44.3,2.8,13.27,53.0,33.5,Warning
VH-00521,87.9,32.7,9.5,13.12,9.0,35.2, normal 
VH-05204,81.8,39.0,6.1,12.7,172.0,32.4,Normal
VH-05976,91.8,42.3,10.9,12.67,197.0,33.5,Normal
VH-02609,84.4,39.1,11.4,13.42,132.0,35.0,Normal
VH-05493,90.6,41.5,10.9,12.77,27.0,36.5,Normal
VH-05780,92.8,42.0,2.3,12.56,120.0,36.3,Critical
VH-03390,86.4,41.1,4.6,12.52,164.0,33.9, normal 
VH-03623,103.4,49.9,6.6,11.92,180.0,31.4,WARNING
VH-04675,105.6,35.4,3.9,12.39,179.0,29.4,Warning
VH-02099,107.3,35.5,2.1,11.41,179.0,31.5,Critical
VH-03300,99.4,46.4,7.0,13.3,184.0,,Normal
VH-07851,105.0,30.2,6.5,13.15,7.0,33.7,Normal
VH-07581,102.5,51.4,10.5,12.76,49.0,34.4,Warning
VH-02684,83.1,35.7,9.3,12.9,9.0,30.2,Normal
VH-00896,89.6,47.1,7.3,13.31,44.0,29.6,Normal
VH-01106,84.2,44.1,4.4,12.43,36.0,36.0,Normal
VH-05080,87.1,58.2,4.4,12.81,27.0,35.7,Normal
VH-03976,97.5,38.8,6.0,12.76,65.0,31.4,Normal
VH-07111,102.9,50.0,11.4,13.46,200.0,35.0,Normal
VH-00780,94.6,39.5,4.6,11.71,168.0,32.9,Warning
VH-06902,89.1,48.9,9.6,12.58,54.0,33.0,Normal
VH-03396,87.8,43.7,6.8,12.12,26.0,32.2,Normal
VH-00948,98.1,36.7,5.8,11.75,147.0,33.5,Warning
VH-04328,99.5,42.0,6.6,12.39,41.0,36.9,Normal
VH-05654,90.6,32.1,4.5,13.09,99.0,33.2,Normal
VH-02126,112.7,35.3,5.1,12.78,143.0,29.7,Warning
VH-07919,113.2,39.1,6.1,11.9,23.0,32.7,WARNING
VH-00446,103.5,51.2,10.7,12.78,101.0,35.9,Normal
VH-04566,70.4,28.5,10.8,,99.0,,Warning
VH-01498,100.7,48.6,6.0,12.41,125.0,30.3,Normal
VH-01329,100.9,41.3,9.0,13.19,28.0,34.9,Normal
VH-05039,86.0,58.1,3.1,12.24,187.0,30.3,Warning
VH-01675,82.1,35.6,11.3,12.65,188.0,34.7,Normal
VH-03457,87.5,51.3,8.4,13.06,179.0,,Normal
VH-04567,96.4,40.6,7.2,12.9,126.0,29.6,Normal
VH-07274,86.9,45.2,9.0,12.87,44.0,34.8,Normal
VH-07065,98.5,49.2,3.6,12.2,151.0,30.5,Warning
VH-05086,87.2,33.6,2.9,12.03,83.0,32.9,Warning
VH-02070,92.3,46.0,6.7,13.02,6.0,40.2,Warning
VH-03626,95.4,37.6,8.1,12.45,152.0,34.8,Normal
VH-02498,90.6,56.9,8.1,12.23,149.0,37.3,Normal
VH-05274,89.7,49.4,9.2,12.56,173.0,37.3,Normal
VH-07622,93.7,45.2,11.9,13.48,20.0,32.2,Normal
VH-06795,110.4,35.0,7.8,12.64,103.0,33.2,Warning
VH-03685,97.1,35.3,2.4,12.22,78.0,33.9,Critical
VH-06639,100.6,51.4,3.3,12.73,93.0,32.0,Warning
VH-03653,100.8,35.0,10.4,12.5,123.0,32.0,Normal
VH-01195,110.7,37.6,7.7,13.04,82.0,27.8,Warning
VH-07544,83.9,39.1,5.1,13.46,32.0,33.3,Normal
VH-02724,90.3,33.5,5.0,11.5,17.0,31.1,Warning
VH-02658,93.6,44.0,3.6,12.65,11.0,25.5,Warning
VH-03119,85.0,41.9,6.2,12.87,117.0,34.4,Normal
VH-06090,96.8,51.6,10.3,13.59,17.0,32.7,Normal
VH-05058,95.6,38.2,3.0,13.24,137.0,30.4,Warning
VH-00869,94.6,35.9,3.2,12.67,61.0,29.2,Warning
VH-01031,96.6,59.3,10.9,13.22,123.0,31.6,Normal
VH-06501,106.6,29.9,6.5,12.83,146.0,30.4,Normal
VH-07513,96.3,49.5,9.6,13.02,125.0,28.7,Normal
VH-07181,97.7,49.5,2.5,12.96,178.0,33.5,Critical
VH-00507,98.5,28.2,3.3,12.4,188.0,32.9,Warning
VH-01707,97.1,38.3,5.8,13.58,35.0,34.9,Normal
VH-01511,99.4,31.5,9.7,13.8,182.0,31.8,Normal
VH-04100,99.5,39.9,11.4,11.92,120.0,37.3,Warning
VH-04281,74.7,42.7,7.3,12.6,148.0,34.1,Warning
VH-02755,85.4,35.4,5.6,12.32,12.0,36.1,Normal
VH-07359,100.4,30.7,11.1,11.46,108.0,30.3,Warning
VH-07053,110.7,41.6,5.0,11.83,194.0,31.6,Warning
VH-06789,90.0,52.7,5.3,12.79,56.0,32.3,Normal
VH-03356,90.0,45.7,9.5,13.07,126.0,,Normal
VH-06364,90.8,36.4,10.8,13.49,165.0,33.7,Normal
VH-06699,102.6,46.3,2.6,11.99,193.0,33.8,Warning
VH-01524,91.6,38.2,5.9,12.84,132.0,37.9,Normal
VH-05940,80.3,43.1,7.4,13.3,133.0,32.8,Normal
VH-05539,85.3,48.1,9.6,11.92,189.0,35.8,Warning
VH-02185,95.1,36.1,11.1,12.88,176.0,33.3,Normal
VH-06854,91.6,39.9,10.7,11.47,129.0,22.5,WARNING
VH-03008,92.8,33.3,11.3,13.83,187.0,37.0,Normal
VH-05763,110.4,52.0,2.0,13.29,142.0,34.4,Critical
VH-07526,91.3,51.8,7.0,12.26,130.0,35.0,Normal
VH-01647,104.4,47.6,2.9,12.36,45.0,34.4,Warning
VH-00024,91.6,32.6,8.8,12.31,191.0,34.3,Normal
VH-02567,98.5,53.9,3.5,12.11,20.0,27.6,Warning
VH-04282,101.4,40.5,8.7,13.46,39.0,35.3,Normal
VH-02687,93.1,36.3,7.8,12.59,85.0,33.9,Normal
VH-01279,93.3,38.6,5.9,11.88,132.0,32.0,Warning
VH-00551,99.5,42.0,11.4,13.01,47.0,36.9,Normal
VH-07153,96.1,44.8,3.4,12.73,83.0,35.3,Warning
VH-02584,98.7,50.5,10.7,13.01,122.0,28.6,Normal
VH-00145,91.7,39.0,6.0,12.13,156.0,34.8,Normal
VH-00912,99.4,29.8,11.1,12.65,46.0,33.0,Normal
VH-03359,96.3,24.2,4.1,12.61,186.0,38.2,Warning
VH-00741,104.5,40.1,4.7,12.43,109.0,33.6,Normal
VH-00578,93.0,53.1,11.7,12.78,70.0,30.6,Normal
VH-03628,104.8,30.7,10.5,,148.0,28.8,Normal
VH-02004,83.8,46.6,6.6,11.64,8.0,28.4,WARNING
VH-04738,101.5,53.9,6.3,13.09,186.0,34.6,Normal
VH-02317,98.2,40.6,6.9,12.05,163.0,33.8,Normal
VH-00511,92.6,37.0,4.7,12.66,31.0,34.0,Normal
VH-03224,97.0,57.3,6.1,12.39,194.0,33.4, normal 
VH-07815,73.0,32.8,4.2,13.2,37.0,30.7,Warning
VH-02086,94.2,51.0,3.1,12.7,161.0,34.7,Warning
VH-03363,87.6,40.8,3.2,12.35,93.0,31.0,Warning
VH-01338,116.7,36.7,2.8,12.49,80.0,34.4,Warning
VH-00149,96.3,45.1,5.4,13.16,152.0,36.5,Normal
VH-01831,95.5,46.8,6.6,11.67,18.0,34.9,Warning
VH-01375,97.9,43.2,4.7,12.87,104.0,34.9,Normal
VH-03846,94.2,31.1,7.3,12.09,107.0,35.7,Normal
VH-00488,88.2,34.6,2.4,12.63,49.0,35.7,Critical
VH-02008,104.5,26.5,6.2,,7.0,36.0,Normal
VH-00079,92.5,59.8,4.1,13.29,163.0,,Warning
VH-05076,98.3,31.6,3.0,13.64,86.0,28.7,Warning
VH-04483,96.8,42.5,11.0,12.22,85.0,,Normal
VH-01841,95.1,38.0,8.4,12.65,121.0,33.4,Normal
VH-00994,94.1,40.1,8.9,12.47,150.0,35.6,Normal
VH-04952,94.4,33.9,6.9,12.53,124.0,33.6,Normal
VH-05450,93.4,57.3,8.8,12.63,198.0,33.6,Critical
VH-05423,94.7,47.0,4.0,12.35,43.0,36.8,Normal
VH-06498,98.6,27.4,3.0,13.07,119.0,30.9,Warning
VH-06516,85.8,46.2,5.8,12.37,23.0,27.9,Warning
VH-05293,114.4,48.6,9.7,13.31,151.0,33.4,Warning
VH-07578,105.8,53.2,5.5,12.42,171.0,34.8,Normal
VH-05218,102.1,39.2,4.0,,149.0,32.1,Warning
VH-00991,106.8,18.3,3.5,13.37,190.0,29.1,Warning
VH-07156,96.7,42.0,5.3,12.82,88.0,32.2,Normal
VH-07004,88.9,43.3,8.2,12.06,167.0,30.7,Normal
VH-05690,109.5,39.5,5.1,12.42,65.0,32.3,Warning
VH-00899,82.7,33.1,11.9,12.13,28.0,34.7,Normal
VH-07237,95.3,40.0,6.1,13.15,72.0,32.3,Normal
VH-00281,81.0,38.3,7.2,12.39,120.0,29.0,Normal
VH-07353,95.5,35.6,5.3,12.5,109.0,31.2,Normal
VH-06210,90.0,41.5,8.3,13.13,57.0,27.8,Warning
VH-03338,86.4,38.3,4.2,13.46,23.0,35.5,Normal
VH-00895,103.4,50.2,5.6,12.95,159.0,39.1,Normal
VH-05287,88.9,47.7,4.8,12.78,49.0,,Warning
VH-04764,104.6,35.8,11.2,13.34,146.0,38.5,Normal
VH-05567,85.3,40.3,4.4,12.41,180.0,35.3,Normal
VH-04668,109.8,38.7,6.5,11.97,194.0,33.1,Warning
VH-05766,91.1,,8.7,12.81,112.0,36.9,Normal
VH-07706,109.0,40.3,11.1,12.61,155.0,38.2,Warning
VH-02703,104.5,48.0,6.7,13.16,137.0,29.7,Normal
VH-05014,97.8,30.0,11.7,12.08,188.0,34.5,Normal
VH-07219,88.0,54.2,10.8,12.98,123.0,35.7,Normal
VH-03997,93.0,46.7,7.4,13.09,127.0,32.5,Normal
VH-04003,112.9,28.9,2.1,12.57,7.0,37.2,Warning
VH-07827,93.5,40.5,2.5,13.23,150.0,26.3,Warning
VH-01419,95.2,43.7,6.8,11.89,122.0,34.0,Warning
VH-01324,96.8,57.4,7.6,13.52,24.0,32.7,Critical
VH-06302,93.1,46.3,7.0,12.45,13.0,31.5,Normal
VH-01032,91.0,51.4,11.3,13.46,56.0,33.0,Normal
VH-02519,81.3,48.4,11.9,12.78,63.0,31.0,Normal
VH-05884,101.3,41.7,10.3,12.8,75.0,32.8,Normal
VH-06950,108.7,45.5,9.2,12.86,98.0,32.7,Warning
VH-02174,97.7,48.7,4.7,12.43,69.0,32.5,Normal
VH-03549,99.5,45.9,3.2,12.33,94.0,32.8,Warning
VH-05183,119.0,50.6,6.8,13.57,119.0,30.4,critical
VH-06536,85.6,46.8,7.3,13.82,167.0,31.4,Normal
VH-03438,92.7,46.3,11.4,11.92,19.0,33.4,Critical
VH-02825,94.1,35.3,11.8,13.19,13.0,35.5,Normal
VH-06596,93.1,53.0,5.4,12.13,68.0,30.8, normal 
VH-07102,99.6,46.1,2.6,,57.0,38.0,Warning
VH-00013,104.0,30.2,5.0,12.28,175.0,33.0,Normal
VH-04232,87.3,48.7,2.3,12.06,165.0,28.3,Critical
VH-03790,91.2,35.3,11.0,11.64,123.0,32.6,Warning
VH-04291,82.4,46.3,2.7,12.36,27.0,32.3,Warning
VH-01963,93.1,48.6,2.2,13.4,61.0,34.2,Critical
VH-02801,102.8,35.6,11.4,11.7,109.0,27.8,Warning
VH-05019,102.1,40.5,9.7,12.94,37.0,36.1,Normal
VH-00805,103.8,53.3,5.9,12.3,129.0,35.8,Normal
VH-01708,103.2,34.4,8.5,12.68,18.0,34.9,Normal
VH-04006,92.5,28.4,7.4,12.35,29.0,34.0,Normal
VH-01748,91.1,40.0,7.0,11.91,190.0,34.4,Warning
VH-04550,103.0,34.1,9.7,,89.0,36.3,Normal
VH-04954,104.0,33.6,11.3,12.17,133.0,31.9,Normal
VH-00788,86.3,29.1,5.1,12.76,183.0,33.3,Normal
VH-01434,96.9,45.6,6.4,12.26,171.0,29.6,Normal
VH-00484,94.5,40.7,2.6,12.59,166.0,27.4,Warning
VH-00971,94.2,29.4,9.7,13.55,58.0,34.7, normal 
VH-05024,91.6,39.1,9.9,12.87,132.0,29.5, normal 
VH-07122,81.8,45.2,2.0,12.91,177.0,34.6,Critical
VH-07980,86.5,42.9,3.3,12.42,20.0,36.0,Warning
VH-03230,91.4,33.3,3.0,13.5,59.0,33.8,Warning
VH-05518,101.5,46.8,8.4,13.14,136.0,34.2,Normal
VH-00515,97.8,24.8,6.5,13.02,168.0,30.8,Warning
VH-00026,99.3,47.6,3.4,12.28,138.0,30.4,Warning
VH-06753,99.8,35.9,5.8,,146.0,35.7,Normal
VH-01170,85.8,,8.2,12.32,73.0,35.1,Normal
VH-02926,101.4,42.7,5.1,12.56,93.0,29.7,Normal
VH-05262,99.0,35.6,4.8,12.48,121.0,31.2,Normal
VH-02607,93.4,51.2,2.1,,102.0,32.0,Critical
VH-02235,86.6,33.5,3.8,12.93,83.0,22.3,Warning
VH-03655,97.8,42.1,3.4,13.18,161.0,37.0,Warning
VH-06973,92.7,44.0,11.6,13.29,148.0,34.0,Normal
VH-01485,88.5,44.2,3.5,13.12,76.0,35.3,Warning
VH-05873,95.2,44.1,9.4,12.7,161.0,34.8,Normal
VH-07278,89.1,44.8,2.9,12.58,66.0,37.8,Warning
VH-07458,89.9,43.6,6.9,12.28,118.0,32.1,Normal
VH-03179,98.0,38.3,10.6,12.2,157.0,34.6,Normal
VH-02305,91.1,46.4,5.7,11.87,174.0,34.8,Warning
VH-03640,82.6,43.4,4.7,11.21,125.0,36.9,Critical
VH-05079,89.5,41.3,11.2,12.74,191.0,37.4,Normal
VH-01589,91.4,44.1,11.2,12.36,100.0,35.8,Normal
VH-04842,82.7,41.4,7.2,12.86,129.0,33.2,Normal
VH-06131,96.4,38.5,9.6,12.79,77.0,38.2,Normal
VH-03620,97.6,40.7,7.0,,11.0,32.3,Normal
VH-07972,92.9,42.2,3.2,,90.0,36.7,Warning
VH-05757,93.5,41.7,10.4,12.33,120.0,29.4,Normal
VH-02204,103.6,54.1,5.2,12.9,67.0,32.2,Normal
VH-06466,100.4,37.3,5.4,12.75,20.0,31.9,Normal
VH-03693,84.4,54.9,11.7,12.97,23.0,30.8,Normal
VH-07064,107.6,46.3,9.2,11.92,14.0,30.7,Warning
VH-03925,102.1,59.4,7.2,12.34,176.0,35.1,Normal
VH-01241,87.0,44.9,12.0,11.64,61.0,34.5,Warning
VH-06354,107.4,31.4,7.7,12.57,141.0,36.8,Normal
VH-01235,88.7,40.1,11.6,12.79,66.0,30.7,Normal
VH-00500,105.9,,4.1,12.78,133.0,35.4,Normal
VH-04801,99.3,50.7,4.3,12.33,86.0,33.8,Normal
VH-06271,78.8,37.8,2.6,12.75,128.0,34.8,Warning
VH-00491,97.9,56.4,7.3,12.83,82.0,26.5,Warning
VH-05664,103.0,48.2,10.1,12.93,121.0,37.2,Normal
VH-07003,93.3,43.5,6.4,12.18,138.0,29.7,Normal
VH-01640,83.2,40.1,11.1,12.2,135.0,37.1,Normal
VH-01006,100.4,43.9,3.1,12.69,103.0,30.1,Warning
VH-00402,101.6,36.9,7.7,12.35,87.0,28.1,Normal
VH-06201,88.3,34.6,5.9,12.43,30.0,26.3,Warning
VH-05126,98.8,41.2,10.9,12.29,145.0,25.8,Critical
VH-01218,85.4,41.2,7.4,13.0,124.0,30.3,Normal
VH-03636,92.9,39.0,4.8,13.07,149.0,30.1,Normal
VH-03449,94.7,35.4,11.8,13.65,192.0,28.4,Normal
VH-06341,88.2,,11.7,13.34,61.0,34.9,Normal
VH-02483,94.7,,2.5,12.17,128.0,33.2,Warning
VH-04183,113.8,37.7,5.0,12.35,49.0,33.0,Warning
VH-06247,91.0,,10.5,12.62,181.0,31.7,Normal
VH-04908,90.9,34.3,6.1,12.16,38.0,36.6,Normal
VH-04420,104.3,23.0,5.2,11.72,92.0,32.4,Warning
VH-05246,120.9,41.8,7.3,11.61,185.0,34.6,Critical
VH-00266,96.2,50.7,6.4,12.29,113.0,31.6,Normal
VH-03143,97.0,53.6,9.8,,61.0,38.0,Normal
VH-02043,88.9,57.1,4.0,12.48,121.0,27.2,Warning
VH-00063,99.7,44.4,9.9,12.09,23.0,,Normal
VH-05901,92.4,50.0,4.9,12.34,72.0,34.1,Normal
VH-02961,94.8,38.5,12.0,12.44,125.0,34.4,Normal
VH-02457,90.2,42.0,5.0,12.53,190.0,31.1,Critical
VH-00456,103.6,45.9,6.1,12.35,11.0,26.5,Warning
VH-01781,95.8,38.3,5.8,12.7,184.0,31.5,Normal
VH-06265,85.8,35.6,7.2,12.6,189.0,34.9,Normal
VH-00213,91.1,32.0,11.6,12.83,79.0,36.9,Normal
VH-04673,96.2,43.7,2.1,12.1,135.0,33.3,Warning
VH-01646,94.0,29.7,7.4,,193.0,28.7,Normal
VH-06537,85.9,45.7,2.5,12.39,171.0,31.3,Warning
VH-00008,94.9,38.5,4.8,12.52,41.0,33.7,Normal
VH-06861,84.6,39.1,3.1,12.13,6.0,32.6,Warning
VH-05904,108.7,29.3,10.8,13.46,188.0,32.5,WARNING
VH-03801,89.0,31.3,7.3,12.34,143.0,40.8,WARNING
VH-04636,70.0,32.9,9.4,11.99,140.0,32.7,Warning
VH-04016,107.1,42.9,5.9,12.27,92.0,31.7,Normal
VH-04728,97.6,39.9,4.7,13.15,169.0,29.9,Normal
VH-05877,89.8,41.6,3.7,12.8,180.0,28.7,Warning
VH-07523,98.8,35.7,4.8,12.67,188.0,33.0,Normal
VH-06289,88.1,39.5,6.8,12.98,102.0,32.3,Normal
VH-00875,79.3,,9.8,12.12,70.0,32.9,Normal
VH-03138,99.3,57.1,10.1,12.51,138.0,29.2,Normal
VH-05880,104.1,51.2,3.7,,74.0,29.6,Warning
VH-00701,93.0,30.3,10.7,12.88,112.0,28.9,Normal
VH-07336,108.6,24.0,2.7,12.58,129.0,29.4,Warning
VH-01268,100.2,30.9,4.0,13.31,110.0,30.6,Normal
VH-03534,98.8,32.9,7.6,,136.0,35.8,Normal
VH-00671,97.2,40.6,10.8,12.17,179.0,31.7,Normal
VH-01122,89.0,34.8,4.7,12.83,178.0,36.5,Normal
VH-03530,107.5,43.0,7.9,12.97,110.0,34.9,Normal
VH-01002,91.7,40.8,11.0,11.6,122.0,33.8,Warning
VH-05404,96.9,37.9,9.1,11.47,78.0,27.8,Warning
VH-06693,100.0,55.1,11.3,13.76,143.0,31.8, normal 
VH-01830,101.0,37.2,11.0,12.09,44.0,35.6,Warning
VH-03117,93.8,28.7,5.3,12.23,93.0,35.0,Normal
VH-03918,96.8,33.7,4.7,12.81,125.0,36.7,Normal
VH-01229,99.5,36.6,10.1,12.52,158.0,35.6,Normal
VH-07253,94.2,40.9,4.5,12.8,24.0,34.5,Normal
VH-03554,102.4,34.8,2.6,12.59,112.0,34.0,Warning
VH-05196,95.6,26.7,7.4,12.73,121.0,34.1,Normal
VH-04477,90.9,38.8,5.4,12.99,150.0,,Normal
VH-03114,97.3,34.6,8.0,12.59,147.0,31.3,Normal
VH-02287,113.2,44.0,11.4,12.77,126.0,30.5,Warning
VH-02531,99.3,36.7,3.9,12.29,154.0,29.5,Warning
VH-03753,101.1,32.8,8.3,12.42,153.0,32.2,Normal
VH-04151,106.6,34.1,3.1,12.51,189.0,28.1,Warning
VH-01696,91.3,36.5,5.7,,24.0,34.9,Normal
VH-05531,99.9,47.8,7.4,13.15,101.0,31.0,Normal
VH-06712,96.5,40.0,7.1,12.85,22.0,33.0,Normal
VH-07062,100.0,32.7,5.2,12.82,51.0,37.1,Normal
VH-01086,83.8,35.4,8.1,12.23,142.0,33.7,Normal
VH-05253,106.8,43.8,10.5,12.71,125.0,31.3,Normal
VH-04972,102.9,39.7,10.6,12.46,155.0,30.8,Critical
VH-07914,86.2,38.0,11.0,12.71,135.0,36.5,Normal
VH-01167,109.4,37.0,2.9,13.19,187.0,29.2,Warning
VH-02017,89.7,47.2,10.0,12.45,180.0,,Normal
VH-04947,97.8,42.6,10.5,12.46,60.0,32.0,Normal
VH-02588,97.5,37.4,7.8,12.99,29.0,35.4,Normal
VH-07891,91.2,37.0,4.0,12.8,196.0,31.3,Warning
VH-05956,87.7,38.1,9.0,12.13,153.0,27.4,Warning
VH-03176,101.9,40.4,10.7,12.15,84.0,41.4,Warning
VH-01126,109.2,35.5,10.3,12.85,102.0,38.1,Normal
VH-02625,93.8,53.1,3.8,12.95,161.0,34.4,Warning
VH-01107,88.6,29.1,6.6,12.53,47.0,33.1,Normal
VH-04665,102.1,57.9,9.2,12.26,50.0,,Normal
VH-06019,93.7,40.0,10.1,12.28,81.0,32.8,Normal
VH-03452,110.5,33.6,5.6,12.06,38.0,32.4,Warning
VH-02038,87.1,32.2,7.8,12.23,39.0,31.8,Normal
VH-04649,93.1,,10.8,12.49,172.0,30.5,Normal
VH-00131,84.0,38.3,6.8,12.54,120.0,31.3,Normal
VH-05125,106.9,41.2,4.9,12.91,55.0,28.1,Normal
VH-07302,90.6,43.8,7.8,12.33,34.0,33.7,Normal
VH-03780,98.0,50.7,6.2,13.07,67.0,33.0,Normal
VH-04115,90.1,33.8,10.4,12.35,125.0,32.1,Normal
VH-05618,95.3,36.3,6.8,13.23,67.0,32.5,Normal
VH-05639,99.7,34.5,10.7,12.87,8.0,32.2,Normal
VH-05026,94.0,32.1,11.5,12.53,193.0,32.8,Normal
VH-00052,83.3,41.7,8.4,13.53,54.0,36.4,Normal
VH-02039,97.4,40.7,7.4,13.18,79.0,30.3,Normal
VH-05732,106.0,22.8,3.9,12.8,6.0,32.1,Warning
VH-04892,86.2,35.2,3.3,12.42,107.0,30.7,Warning
VH-07795,85.4,48.3,11.3,12.6,49.0,33.7,Normal
VH-04027,100.1,62.6,8.1,12.99,96.0,29.7,Normal
VH-03425,98.0,43.9,9.8,13.34,20.0,,Normal
VH-04224,89.5,39.0,11.4,12.91,27.0,33.2,Critical
VH-06757,85.3,40.9,4.2,12.45,13.0,27.1,Warning
VH-01968,91.6,37.3,8.1,13.39,135.0,32.7,Normal
VH-02784,98.1,48.2,3.5,11.75,198.0,33.2,Warning
VH-07447,105.0,51.8,9.6,11.82,192.0,31.7,Warning
VH-03777,98.7,38.9,8.8,12.22,119.0,36.2,Normal
VH-02906,104.1,48.8,10.8,13.3,168.0,34.8,Normal
VH-03566,100.7,41.5,10.7,12.35,167.0,28.7,Normal
VH-05439,98.9,44.6,8.7,12.04,159.0,33.4,Normal
VH-06296,85.0,35.8,9.4,11.92,158.0,31.1,Warning
VH-02172,92.6,36.4,8.0,12.54,137.0,34.2,Normal
VH-01222,98.3,41.7,8.7,12.78,198.0,36.0,Normal
VH-04639,90.2,36.7,2.7,13.19,150.0,32.2,Warning
VH-01837,92.9,36.9,2.8,13.35,15.0,33.4,Warning
VH-00757,101.8,49.7,10.7,12.4,26.0,32.4,Normal
VH-00571,94.5,43.6,8.0,12.8,68.0,33.9,Normal
VH-07573,98.6,36.5,6.8,13.0,152.0,26.5,Warning
VH-06917,91.7,42.3,3.2,12.99,111.0,32.8,Warning
VH-03145,98.0,,2.5,12.57,88.0,27.8,Warning
VH-05684,87.1,38.6,8.1,12.31,157.0,26.9,Warning
VH-07159,85.0,42.8,3.4,11.94,79.0,30.0,Warning
VH-01144,95.1,48.7,3.9,12.45,135.0,34.4,Warning
VH-02982,93.4,38.6,6.8,12.04,103.0,36.7,Normal
VH-01497,85.8,54.8,3.4,13.34,9.0,29.7,Warning
VH-05173,87.3,33.4,8.0,12.44,101.0,35.6,Normal
VH-06750,100.6,41.7,6.8,12.59,53.0,39.1,Normal
VH-01741,106.8,49.0,11.7,12.56,73.0,25.1,Warning
VH-01875,80.4,25.7,3.6,13.34,52.0,32.3,Warning
VH-02124,94.8,26.9,11.7,13.78,128.0,32.9,Normal
VH-07568,105.1,35.0,7.0,12.24,129.0,37.4, normal 
VH-05968,96.0,34.4,10.8,13.67,8.0,32.1,Normal
VH-06451,97.5,34.8,8.7,12.53,162.0,30.1,Normal
VH-07259,86.7,38.6,10.6,,179.0,33.7,Normal
VH-02856,94.5,40.9,3.1,12.95,19.0,29.8,Warning
VH-04064,96.5,32.5,9.6,12.97,87.0,29.5,Normal
VH-06355,93.5,49.2,5.7,13.42,123.0,30.9,Normal
VH-01818,98.9,37.8,9.7,12.66,30.0,33.8,Normal
VH-07167,96.3,26.1,4.9,13.28,69.0,31.0,Normal
VH-05128,97.1,31.5,11.5,12.49,126.0,28.0,Warning
VH-01015,86.8,38.4,11.3,12.86,169.0,32.7,Normal
VH-04596,92.1,38.6,3.1,13.13,86.0,36.8,Warning
VH-03423,87.2,29.2,4.9,12.51,151.0,38.5,Normal
VH-07303,94.1,,7.7,13.07,68.0,30.3,Normal
VH-06730,102.3,43.0,9.3,11.74,160.0,29.4,Warning
VH-06969,103.7,36.8,9.9,12.39,70.0,34.5,Normal
VH-05364,97.3,31.8,6.9,13.11,156.0,34.2,Normal
VH-01141,76.4,767.3069340007698,3.5,13.09,97.0,32.7,Warning
VH-02413,83.5,49.5,10.1,12.8,172.0,,Normal
VH-03447,102.8,34.2,4.7,12.97,34.0,32.6,Normal
VH-03077,81.2,41.5,5.8,12.82,123.0,37.1,Normal
VH-06566,104.4,45.0,11.1,13.08,171.0,31.6,Normal
VH-06629,89.8,27.3,9.1,11.36,144.0,34.2,Warning
VH-05029,79.9,29.1,4.2,12.62,139.0,36.0,Normal
VH-05111,93.1,46.9,5.7,11.58,5.0,32.3,Warning
VH-03543,98.2,49.7,6.4,12.5,105.0,27.2,Warning
VH-03505,108.2,39.7,2.6,13.05,125.0,30.1,Warning
VH-00747,99.1,751.5315430073538,10.7,11.78,8.0,29.0,Warning
VH-07249,91.0,34.2,11.6,12.56,182.0,30.6,Normal
VH-04184,94.8,52.0,8.8,12.91,78.0,27.7,Warning
VH-03639,84.2,41.2,9.5,,169.0,30.1,Normal
VH-03002,110.7,42.2,9.0,12.8,169.0,,Warning
VH-05295,106.7,38.7,11.4,12.78,59.0,39.0,Normal
VH-01436,91.5,32.8,6.0,12.05,65.0,,Normal
VH-00181,96.8,27.1,11.1,12.98,168.0,32.3,Normal
VH-04766,87.1,43.7,4.4,12.93,104.0,33.0,Normal
VH-06581,91.4,45.2,11.2,12.86,182.0,31.3,Normal
VH-03594,92.0,48.0,8.5,12.51,153.0,33.7,Normal
VH-06127,98.9,44.3,3.6,11.7,48.0,32.6,Warning
VH-01872,90.1,45.4,9.2,12.43,18.0,32.9,Normal
VH-02882,101.0,45.7,2.1,13.15,80.0,,Critical
VH-06958,89.2,39.6,3.4,13.36,30.0,34.2,Warning
VH-07682,94.0,30.2,8.4,11.92,164.0,35.4,Warning
VH-06638,101.0,45.3,10.1,12.65,72.0,31.9,Normal
VH-07105,93.9,27.2,6.3,11.85,115.0,30.7,Warning
VH-05388,87.6,47.5,6.5,12.54,23.0,35.9,Normal
VH-06856,86.9,38.1,10.4,12.73,24.0,30.8, normal 
VH-01175,82.2,41.9,3.3,12.48,113.0,30.5,Warning
VH-04609,91.5,41.4,9.8,12.8,38.0,30.8,Normal
VH-05521,100.1,50.4,3.3,11.78,117.0,33.2,Warning
VH-03682,96.1,29.8,11.9,12.65,187.0,34.4,Critical
VH-01078,90.3,36.1,5.0,,179.0,32.6,Normal
VH-02516,95.1,40.6,7.3,12.89,132.0,31.6,Normal
VH-02783,103.5,27.0,9.0,12.18,19.0,30.1,Normal
VH-01334,98.3,47.0,11.6,12.64,102.0,29.6,Normal
VH-03460,95.8,30.2,10.5,12.76,148.0,36.4,Normal
VH-04980,99.7,41.6,3.8,11.9,183.0,33.9,Warning
VH-07089,94.7,40.7,11.7,12.83,84.0,32.8,Normal
VH-00632,91.8,34.0,2.1,12.92,38.0,29.2,Critical
VH-07449,95.1,29.7,7.2,13.93,71.0,32.5,Normal
VH-04963,91.1,27.7,11.0,12.38,192.0,35.5,Normal
VH-07479,90.4,32.3,11.9,11.97,104.0,34.9,Warning
VH-03465,111.5,31.1,11.0,12.75,71.0,25.5,Warning
VH-07558,91.2,40.1,3.2,12.59,172.0,28.2,Warning
VH-05986,93.7,38.1,8.2,11.66,119.0,38.8,Warning
VH-05169,112.9,52.6,3.1,12.65,136.0,38.2,Warning
VH-01344,86.7,36.2,8.8,13.91,185.0,31.1, normal 
VH-01257,94.7,46.5,2.5,12.74,61.0,28.2,Warning
VH-01849,100.3,39.9,6.7,11.94,144.0,29.7,Warning
VH-03242,97.1,40.5,10.2,12.61,132.0,30.8, normal 
VH-00479,115.8,40.2,6.6,12.66,186.0,29.5,Warning
VH-03712,93.8,58.6,7.7,12.16,58.0,32.0,Normal
VH-01661,86.2,41.1,3.2,12.79,69.0,34.9,Warning
VH-06186,96.8,46.5,10.3,,180.0,37.1,Normal
VH-07853,81.5,,7.3,12.39,9.0,31.8,Normal
VH-03207,97.6,46.1,6.2,12.17,182.0,32.5,Normal
VH-03177,96.4,45.0,11.9,13.08,138.0,31.8,Normal
VH-00594,84.8,38.9,6.6,,122.0,38.4,Warning
VH-06287,87.4,38.5,8.8,12.42,69.0,,Normal
VH-07710,90.5,34.6,6.1,12.23,108.0,36.8,Normal
VH-07628,93.5,45.7,4.5,12.09,47.0,38.9,Normal
VH-01997,94.3,40.7,3.0,12.88,161.0,31.7,Warning
VH-02995,88.9,44.2,5.0,12.38,125.0,34.3,Normal
VH-02722,81.1,43.3,2.7,12.3,170.0,34.6,Warning
VH-03872,91.1,53.2,11.5,12.72,183.0,29.4,Warning
VH-01354,110.3,31.8,9.4,12.25,27.0,33.6,Warning
VH-02654,94.8,46.6,4.8,12.28,155.0,32.6,Normal
VH-02799,89.9,49.0,6.0,13.36,30.0,34.3,Warning
VH-01391,106.8,61.4,6.9,12.75,69.0,35.3,Normal
VH-07683,80.1,55.5,8.9,12.32,177.0,31.3,Normal
VH-04138,86.9,38.3,5.0,12.65,105.0,33.2,Normal
VH-03700,94.6,35.2,2.2,11.98,162.0,30.3,Critical
VH-05898,98.5,33.4,9.2,12.14,195.0,32.7,Normal
VH-03470,82.6,36.3,11.7,12.33,87.0,32.2,Normal
VH-01136,95.5,36.9,5.7,12.97,139.0,36.6,Normal
VH-01115,95.6,33.0,9.9,13.11,8.0,32.9,Normal
VH-02001,89.7,47.2,5.5,12.27,188.0,34.5,Normal
VH-00863,95.7,30.8,6.9,12.5,115.0,,Normal
VH-06137,78.3,45.9,9.7,12.99,53.0,33.4,Normal
VH-01791,94.9,45.9,8.4,12.87,54.0,30.7,Normal
VH-00623,90.0,46.5,9.7,12.97,50.0,29.2,Normal
VH-04033,99.8,45.4,10.0,12.84,94.0,36.5,Normal
VH-00054,91.2,37.5,3.0,12.32,100.0,34.8,Warning
VH-06359,88.3,57.4,5.3,13.06,127.0,30.3,Normal
VH-00177,96.3,38.7,8.4,12.62,50.0,33.5,Normal
VH-06692,85.1,46.7,5.8,12.71,41.0,34.1,Normal
VH-04678,87.5,30.9,2.6,12.83,111.0,36.3,Warning
VH-05830,86.1,33.5,2.4,12.79,96.0,31.5,Critical
VH-05232,90.7,46.8,6.1,12.52,31.0,37.0,Normal
VH-03331,94.7,27.1,4.4,13.55,114.0,31.8,Normal
VH-06424,94.6,34.6,6.7,13.39,74.0,36.5,Normal
VH-04777,84.6,40.0,6.3,11.58,32.0,32.0,Warning
VH-07512,97.4,34.4,4.3,13.5,185.0,34.5,Normal
VH-02013,94.9,46.0,5.7,12.94,144.0,30.3,Warning
VH-05470,92.6,41.0,4.1,12.43,134.0,32.5,Normal
VH-05144,81.5,32.5,5.8,12.62,173.0,37.5,Normal
VH-01163,82.9,37.7,10.8,,76.0,40.2,WARNING
VH-02973,90.3,52.0,4.5,13.01,188.0,36.4,Normal
VH-06099,94.6,28.1,9.7,12.4,51.0,35.8,Normal
VH-04535,97.9,43.4,6.6,11.98,128.0,30.6,Warning
VH-04220,108.0,40.7,4.8,13.01,125.0,33.5,Normal
VH-02744,103.2,37.3,10.4,12.97,82.0,30.9,Normal
VH-02568,80.5,30.6,3.6,12.46,20.0,29.7,Warning
VH-00419,105.8,43.4,10.5,12.58,35.0,29.9,Critical
VH-07918,99.7,46.6,12.0,12.23,97.0,33.7,Normal
VH-04303,90.2,52.8,5.9,13.25,156.0,33.9,Normal
VH-04103,109.8,41.3,11.0,12.27,76.0,37.6,Warning
VH-01769,117.5,24.9,11.9,13.13,86.0,28.5,critical
VH-02066,102.7,34.0,7.2,12.33,197.0,33.0,Warning
VH-00786,95.4,53.1,2.3,12.45,52.0,33.9,critical
VH-00370,95.1,43.6,2.4,12.58,138.0,32.2,Critical
VH-04129,87.2,40.8,6.6,13.42,148.0,30.3,Normal
VH-04070,93.2,34.5,6.2,12.13,193.0,34.1,Normal
VH-05689,87.8,34.0,10.3,13.18,107.0,26.9,Warning
VH-06954,93.4,46.5,11.6,13.06,42.0,32.6,Normal
VH-00770,108.8,36.5,2.6,12.71,80.0,35.8,Warning
VH-07183,97.0,43.5,6.7,12.01,163.0,32.5,Normal
VH-04579,101.1,47.0,7.0,13.34,178.0,29.8, normal 
VH-00421,88.3,37.0,11.2,13.38,170.0,31.2, normal 
VH-02551,94.1,,5.9,13.02,169.0,29.4,Normal
VH-06157,92.2,39.1,9.6,13.79,27.0,37.0,Normal
VH-05289,109.2,46.6,6.9,12.79,156.0,37.2,Warning
VH-02249,104.3,45.4,9.0,13.27,34.0,35.8, normal 
VH-01666,96.8,33.8,10.2,13.38,46.0,35.0,Normal
VH-07426,98.9,42.0,9.9,12.06,12.0,35.2,Normal
VH-06891,92.0,41.0,3.7,12.01,157.0,33.8,Warning
VH-06733,84.0,53.2,5.2,12.73,12.0,35.9, normal 
VH-04731,92.7,28.1,11.4,12.98,108.0,25.0,Warning
VH-07550,97.2,35.0,4.4,11.89,167.0,33.4,Warning
VH-03999,85.0,28.8,3.4,12.16,156.0,35.1,Warning
VH-00194,86.1,48.8,12.0,12.13,185.0,35.1,Normal
VH-00531,87.5,45.9,9.2,13.37,134.0,29.4,Normal
VH-06824,97.2,34.2,10.9,12.98,104.0,36.7,Normal
VH-06511,89.5,33.9,6.5,12.4,156.0,,Normal
VH-04724,97.0,40.5,5.1,13.25,162.0,44.6,Warning
VH-03178,100.0,51.4,9.7,12.94,68.0,36.7,Normal
VH-02092,96.1,41.7,5.5,11.99,169.0,35.0,Warning
VH-07117,85.8,48.0,10.8,12.61,125.0,33.2,Normal
VH-02323,95.1,49.3,7.0,12.87,107.0,30.7,Normal
VH-00962,87.0,,12.0,12.98,37.0,38.8,Normal
VH-03222,81.7,29.7,4.8,13.44,123.0,32.7,Normal
VH-07580,103.7,37.4,7.6,11.99,60.0,,Warning
VH-00625,90.7,46.1,8.7,13.23,66.0,35.2,Normal
VH-07495,107.1,44.2,9.1,12.16,99.0,31.6,Normal
VH-07948,91.7,48.7,2.5,11.88,115.0,33.2,Critical
VH-04363,90.2,,11.0,12.85,106.0,35.8,Normal
VH-02242,83.9,39.1,9.9,12.5,142.0,,Normal
VH-00621,95.3,50.5,10.3,12.76,167.0,37.5, normal 
VH-00221,96.9,35.0,5.6,11.71,85.0,30.6,Warning
VH-02585,103.0,45.4,3.2,13.17,103.0,31.4,Warning
VH-00712,86.7,49.4,7.0,12.74,156.0,36.1,Normal
VH-07277,93.0,43.3,4.2,12.06,157.0,34.8,Normal
VH-03734,95.6,50.5,7.7,12.81,15.0,34.5, normal 
VH-06120,111.0,29.4,9.9,12.68,136.0,35.8,Warning
VH-07620,101.0,48.2,3.9,13.11,30.0,30.8,Warning
VH-04023,82.7,48.5,10.3,11.84,159.0,35.4,Warning
VH-03507,98.6,46.3,5.2,12.94,80.0,32.9,Normal
VH-02789,91.4,,4.0,12.3,49.0,29.4, normal 
VH-03553,81.4,43.8,8.7,13.13,80.0,28.0,Warning
VH-03826,101.8,50.0,11.4,12.09,120.0,31.2,Normal
VH-02436,87.1,33.5,6.3,13.03,145.0,37.7,Normal
VH-07294,88.1,35.8,5.3,12.72,184.0,33.8,Normal
VH-00663,92.3,44.8,10.3,12.14,157.0,34.7,Normal
VH-00684,91.5,58.2,9.9,13.11,59.0,36.9,Normal
VH-00172,91.4,37.4,8.8,12.39,51.0,32.0,Normal
VH-06616,95.7,28.4,11.2,13.42,143.0,35.2,Normal
VH-00510,82.5,30.6,10.6,12.44,189.0,33.8,Normal
VH-03717,98.6,55.3,11.1,13.17,156.0,36.4,Normal
VH-06722,90.3,46.9,11.5,12.63,16.0,33.4,Normal
VH-07970,95.6,31.3,2.1,13.64,86.0,31.5,Critical
VH-05760,114.3,42.1,10.5,12.41,90.0,34.3,Warning
VH-05212,90.6,46.9,10.0,12.63,8.0,32.2,Normal
VH-04551,89.6,34.5,10.8,12.36,169.0,29.3,Normal
VH-02163,100.1,26.1,8.3,12.8,96.0,34.8,Normal
VH-03249,96.5,33.5,4.4,12.35,37.0,31.1,Normal
VH-01225,99.2,33.8,11.4,12.69,156.0,34.8,Warning
VH-01179,98.3,48.1,7.9,12.85,173.0,34.5,Normal
VH-00000,97.4,42.7,11.8,13.37,184.0,39.0,Normal
VH-03377,92.8,47.3,3.7,11.94,12.0,31.6,Warning
VH-06822,113.8,37.5,10.3,12.31,46.0,30.7,Warning
VH-01192,92.9,29.6,12.0,12.04,18.0,33.8,Normal
VH-02633,95.0,65.0,2.9,12.59,151.0,37.0,Warning
VH-03610,100.2,29.7,4.4,12.2,54.0,30.5,Normal
VH-03617,89.4,42.4,6.4,12.58,176.0,32.6,Normal
VH-05971,96.4,52.8,8.9,12.67,140.0,28.1, normal 
VH-06071,84.3,42.5,3.4,11.06,101.0,30.9,Critical
VH-04597,97.6,33.5,4.2,13.17,199.0,31.7,Normal
VH-03868,97.5,42.0,3.1,12.0,134.0,28.8,Warning
VH-00473,96.5,52.0,5.9,12.73,82.0,33.9,Normal
VH-05454,89.2,28.2,3.3,13.03,192.0,29.3,Warning
VH-03479,95.1,62.1,9.8,13.05,81.0,32.9,Normal
VH-05626,98.2,26.4,6.6,13.09,38.0,34.4,Normal
VH-00706,87.7,38.3,11.7,12.78,188.0,34.0,Normal
VH-03635,84.7,46.7,8.9,12.91,117.0,28.9,Normal
VH-01209,97.4,36.5,3.8,12.19,53.0,37.5,Warning
VH-03269,88.5,46.3,6.8,13.65,156.0,31.6,Normal
VH-06815,95.4,,11.5,,179.0,31.2,Normal
VH-02705,93.6,35.7,2.3,13.39,20.0,34.8,Critical
VH-07631,80.2,30.5,5.6,13.02,118.0,34.8,Normal
VH-04879,86.2,41.6,10.4,12.82,159.0,31.6,Normal
VH-07484,91.9,38.6,10.2,12.86,177.0,32.9,Normal
VH-03621,90.0,39.3,2.2,12.07,42.0,31.8,Critical
VH-03476,77.9,43.2,7.7,,20.0,31.3, normal 
VH-04733,77.1,26.2,9.5,12.37,98.0,35.4,Normal
VH-00332,89.4,57.9,6.3,13.23,67.0,38.3,Normal
VH-03806,88.3,41.7,9.2,13.08,88.0,33.6,Normal
VH-04047,90.5,44.0,10.8,11.96,31.0,30.2,Warning
VH-00059,102.7,51.0,4.1,12.49,95.0,29.3,Normal
VH-04128,93.3,40.3,3.6,12.31,51.0,30.2,Warning
VH-05908,100.7,55.2,2.9,13.18,133.0,28.2,Warning
VH-07477,96.4,40.6,7.2,12.7,188.0,35.5,Normal
VH-06177,95.3,38.9,6.9,12.39,70.0,35.0,Normal
VH-03437,95.8,39.0,8.5,12.44,92.0,31.1,Normal
VH-00147,93.9,38.1,11.8,12.43,165.0,39.4,Normal
VH-00615,84.7,37.4,8.4,12.95,77.0,35.0,Normal
VH-02680,104.9,37.0,12.0,12.55,117.0,32.3,Critical
VH-01332,102.0,41.2,8.9,11.68,137.0,36.3,Warning
VH-00650,109.8,39.2,2.4,12.6,56.0,29.5,Critical
VH-06729,81.2,51.8,3.0,12.94,13.0,34.3,Warning
VH-02924,89.6,54.2,3.6,12.47,93.0,33.2,Warning
VH-06113,89.4,35.3,6.9,13.76,7.0,36.3,Normal
VH-05696,97.0,39.8,10.0,12.75,25.0,32.2,Normal
VH-05554,93.6,56.3,7.4,11.86,112.0,31.2,Warning
VH-05011,84.8,42.4,2.2,12.87,23.0,36.2,Critical
VH-04740,92.8,,8.1,13.14,158.0,31.1,Normal
VH-04177,97.7,,6.9,,139.0,33.1,Normal
VH-04943,88.9,38.3,7.1,12.05,77.0,32.2, normal 
VH-03433,95.9,49.2,11.8,12.2,173.0,32.4,Normal
VH-02522,93.3,43.0,3.4,12.69,193.0,32.6,Warning
VH-00350,97.9,41.9,8.1,12.33,34.0,34.8,Normal
VH-06741,106.8,31.3,7.2,13.15,179.0,25.3,Warning
VH-07688,97.1,22.7,11.0,12.33,192.0,32.9,Warning
VH-05844,106.5,31.9,3.4,13.18,21.0,35.1,Warning
VH-03062,114.8,64.2,10.9,12.05,130.0,37.6,Warning
VH-04353,83.3,42.5,3.6,12.63,178.0,35.1,Warning
VH-01157,106.8,53.4,5.9,11.81,81.0,30.1,Warning
VH-00375,113.6,47.4,6.3,12.53,182.0,31.5,Warning
VH-02763,102.1,29.4,8.7,12.33,46.0,29.6,Normal
VH-04000,97.0,37.5,8.2,12.48,123.0,33.0,Normal
VH-02253,75.9,48.1,5.3,12.72,147.0,36.0,Normal
VH-06491,91.6,53.3,2.8,12.21,92.0,31.2,Warning
VH-05263,99.3,41.3,3.2,12.27,127.0,29.4,Warning
VH-04569,98.6,37.8,7.2,12.11,20.0,35.9,Normal
VH-06793,89.2,39.5,3.3,13.2,176.0,33.3,Warning
VH-05266,82.9,28.8,10.3,12.2,83.0,30.1,Normal
VH-06431,96.6,39.0,5.5,12.46,92.0,33.9,Warning
VH-06342,100.0,38.9,7.8,12.64,39.0,33.9,Normal
VH-05951,100.6,56.1,4.4,12.09,54.0,28.5,Normal
VH-06123,92.9,38.4,8.3,12.6,172.0,33.1,Normal
VH-02208,99.9,38.9,4.6,12.67,47.0,34.9,Normal
VH-04249,106.7,33.9,8.2,12.72,58.0,33.0,Normal
VH-04642,102.0,46.0,2.9,12.6,191.0,31.6,Warning
VH-05217,104.6,36.7,2.4,12.75,163.0,38.2,Critical
VH-06286,104.9,56.4,8.8,12.56,68.0,36.2,Normal
VH-07768,97.0,26.7,4.8,13.19,130.0,39.1,Normal
VH-03126,94.7,33.2,6.3,12.96,70.0,31.0,Normal
VH-01564,87.5,30.0,11.4,11.83,130.0,34.1,Warning
VH-05154,100.3,46.4,7.7,12.41,167.0,35.1,Normal
VH-05370,101.0,33.3,2.7,11.86,37.0,31.5,Warning
VH-05082,95.8,,3.4,13.26,152.0,33.1,Warning
VH-07901,101.8,39.0,7.8,12.48,80.0,28.9,Normal
VH-04457,92.9,45.1,5.8,11.86,136.0,33.8,Warning
VH-03286,84.1,48.2,4.9,12.11,78.0,27.0,Warning
VH-02921,96.8,42.2,6.4,12.02,116.0,,Normal
VH-04250,92.9,45.3,7.3,12.32,195.0,30.6,Normal
VH-04592,96.9,51.4,8.4,12.96,5.0,32.2,Normal
VH-03371,82.7,32.5,6.2,11.54,176.0,35.5,Warning
VH-01435,94.3,33.7,7.0,13.03,143.0,39.8,Normal
VH-05312,98.9,30.6,4.4,13.1,166.0,36.3,Normal
VH-04217,98.8,39.6,8.2,11.5,30.0,29.6,Warning
VH-06281,115.6,45.3,4.8,12.61,191.0,33.0,Warning
VH-05109,99.9,45.5,8.9,12.69,152.0,31.4,Normal
VH-01061,106.6,50.2,4.7,12.72,149.0,35.2,Normal
VH-02156,97.7,50.2,9.1,13.04,98.0,31.4,Normal
VH-03966,87.0,45.2,10.2,12.8,140.0,27.7,Warning
VH-06959,93.5,35.4,3.8,12.93,165.0,32.3,Warning
VH-07991,89.8,49.5,8.7,12.41,105.0,34.3,Normal
VH-04504,89.4,39.5,8.2,12.28,177.0,39.4,Normal
VH-05867,105.6,26.9,7.1,12.38,17.0,,Normal
VH-01118,97.8,39.4,4.1,13.31,140.0,29.5,Normal
VH-02742,88.3,42.0,9.9,12.66,159.0,35.2,Normal
VH-00747,99.1,751.5315430073538,10.7,11.78,8.0,29.0,Warning
VH-01940,84.8,,11.7,11.9,67.0,35.0,Warning
VH-04338,95.2,36.9,4.9,11.82,32.0,31.7,Warning
VH-03086,85.7,34.8,6.7,12.65,140.0,35.0,Normal
VH-02452,99.3,42.2,6.4,12.66,33.0,33.1,Normal
VH-04350,93.4,30.5,3.5,12.99,185.0,34.7,Warning
VH-05840,90.3,52.3,8.2,12.38,82.0,33.1,Normal
VH-03186,87.2,44.4,4.9,12.18,151.0,37.9,Normal
VH-07569,99.4,31.0,8.4,12.55,103.0,33.2,Normal
VH-04473,102.1,46.2,4.0,12.37,44.0,31.6,Normal
VH-06162,95.6,43.8,5.1,13.26,196.0,37.2,Normal
VH-01010,85.1,52.4,4.5,12.61,155.0,,Normal
VH-03555,93.0,29.5,5.4,12.88,54.0,34.0,Normal
VH-02413,83.5,49.5,10.1,12.8,172.0,,Normal
VH-05657,92.3,25.0,10.2,11.84,36.0,33.5,WARNING
VH-03023,88.9,55.4,6.8,12.73,183.0,40.6,Warning
VH-06314,109.1,38.1,4.8,13.47,38.0,34.5,Warning
VH-00987,97.6,22.1,11.0,13.71,99.0,27.3,Warning
VH-05323,88.3,48.3,4.2,12.74,132.0,36.6,Normal
VH-04235,99.8,36.1,9.5,13.0,169.0,33.1,Normal
VH-05591,96.4,40.3,2.8,12.99,74.0,35.7,Warning
VH-07314,91.1,41.1,3.6,12.17,32.0,33.4,Warning
VH-04315,94.6,40.1,11.4,12.3,193.0,25.0,Warning
VH-04277,93.1,32.6,9.0,13.2,130.0,34.1,Normal
VH-04708,88.5,60.7,6.2,13.01,51.0,35.9,Normal
VH-05592,102.5,33.7,3.6,12.89,104.0,31.2,Warning
VH-07421,93.8,32.1,7.2,12.59,177.0,35.6,Normal
VH-04763,107.9,40.0,4.6,12.86,180.0,32.7,Normal
VH-01777,96.7,45.0,9.4,13.09,165.0,34.7,Normal
VH-04015,94.1,39.0,8.8,12.78,6.0,29.3,Normal
VH-06203,93.5,34.3,2.2,12.14,167.0,30.6,Critical
VH-01858,98.1,33.9,3.8,11.73,122.0,,Warning
VH-00470,97.8,43.2,3.1,13.46,125.0,27.9,Warning
VH-03272,93.6,34.6,5.1,13.06,170.0,35.6, normal 
VH-06879,96.0,,10.0,12.3,124.0,,Normal
VH-06091,84.7,22.8,8.2,12.43,102.0,28.3,WARNING
VH-01568,100.8,45.1,11.3,12.35,7.0,35.4,Normal
VH-07045,96.1,48.8,7.2,13.11,112.0,30.1,Normal
VH-01796,92.4,44.6,10.3,12.53,125.0,33.4,Normal
VH-02717,96.3,,3.2,13.16,21.0,34.8,Warning
VH-02757,97.7,48.7,5.6,12.22,28.0,35.8,Normal
VH-07595,84.6,48.5,8.2,11.02,6.0,35.5,Critical
VH-07076,99.7,39.8,7.9,13.37,145.0,34.7,Normal
VH-04200,88.5,40.0,11.9,12.63,71.0,34.3,Normal
VH-02945,96.8,48.0,10.6,12.3,28.0,37.6,Normal
VH-06676,93.9,43.1,8.3,12.8,142.0,32.1,Normal
VH-02327,106.8,37.1,11.4,12.29,93.0,40.2,Warning
VH-03016,90.0,40.2,10.7,12.2,47.0,30.8,Normal
VH-02746,103.4,,9.0,12.9,25.0,30.9,Normal
VH-00915,104.3,38.7,10.6,12.79,11.0,37.6,Normal
VH-04456,90.0,30.9,4.9,12.36,29.0,33.6,Normal
VH-04818,99.6,35.6,4.1,12.54,70.0,32.9,Normal
VH-02140,94.2,,10.7,12.98,130.0,36.2,Normal
VH-03622,87.9,29.4,4.2,12.1,157.0,35.1,Normal
VH-03503,85.5,33.4,8.7,12.62,93.0,35.3,Normal
VH-06353,90.4,36.0,6.5,11.48,73.0,31.9,WARNING
VH-05332,97.4,47.5,2.1,12.5,108.0,34.5,Critical
VH-00740,103.0,43.5,3.0,12.67,43.0,35.2,Warning
VH-00129,87.6,34.5,10.1,13.1,27.0,26.4,WARNING
VH-00191,93.6,53.7,11.8,12.62,21.0,29.0,Normal
VH-03361,76.9,44.2,6.1,12.15,87.0,37.1, normal 
VH-07734,107.1,47.0,3.6,13.38,68.0,31.3,Warning
VH-02113,96.6,34.2,9.5,12.84,100.0,34.5,Normal
VH-03654,100.0,33.9,3.4,12.88,54.0,38.0,Warning
VH-05948,103.4,41.2,11.0,12.34,150.0,34.7,Normal
VH-01763,86.5,48.8,9.4,11.91,114.0,27.5,Warning
VH-07872,94.8,36.0,5.7,12.09,141.0,,Normal
VH-04258,107.1,55.1,5.7,12.52,103.0,30.3, normal 
VH-03311,100.2,44.0,5.9,12.33,70.0,33.4,Normal
VH-04133,94.4,36.0,10.4,12.97,135.0,36.6, normal 
VH-02141,92.3,46.7,5.3,13.28,151.0,32.9,Normal
VH-03037,94.2,30.1,5.4,13.72,12.0,34.6,Normal
VH-00842,109.0,35.4,2.7,12.5,113.0,34.6,Warning
VH-00831,107.5,,9.1,12.09,14.0,30.7,Normal
VH-01017,92.8,40.6,9.4,12.42,38.0,28.5,Normal
VH-07657,91.7,30.6,4.6,12.87,143.0,35.0,Normal
VH-02610,81.7,38.0,4.8,12.19,194.0,34.7,Normal
VH-07946,99.8,20.2,7.1,13.19,6.0,32.7,Warning
VH-00840,110.2,24.1,9.5,12.89,186.0,32.6,Critical
VH-05799,98.3,25.9,2.1,12.61,157.0,,Critical
VH-02919,102.3,,9.8,12.76,18.0,35.4,Normal
VH-05949,120.7,39.2,2.7,11.77,63.0,29.2,Critical
VH-07182,91.5,51.2,10.4,12.55,75.0,30.1,Normal
VH-03375,90.1,22.4,9.8,12.56,19.0,37.0,Warning
VH-01282,78.9,44.2,5.2,12.51,70.0,32.9,Normal
VH-06961,108.8,39.5,10.3,12.24,194.0,,Warning
VH-00192,91.9,44.5,2.3,10.83,181.0,36.4,critical
VH-03746,81.7,27.7,7.0,12.63,198.0,34.9,Normal
VH-05157,99.0,36.1,3.1,12.1,81.0,30.7,Warning
VH-06924,94.8,55.6,7.8,12.58,77.0,33.9,Normal
VH-02258,103.7,46.4,9.8,12.88,106.0,28.9,Normal
VH-07617,101.7,34.5,11.7,11.94,27.0,34.0,Warning
VH-00536,90.7,42.6,3.5,12.8,169.0,27.7,Warning
VH-03673,79.5,51.3,6.8,14.27,41.0,28.9,Normal
VH-00785,97.0,43.4,10.6,12.9,173.0,30.6,Normal
VH-06148,78.5,17.4,9.8,13.1,11.0,35.7,Critical
VH-04990,82.5,42.6,3.9,11.72,68.0,36.1,Warning
VH-04936,97.1,44.6,5.8,12.36,83.0,33.0,Normal
VH-01051,93.4,37.4,10.0,12.34,155.0,35.4,Normal
VH-02780,107.0,30.3,5.1,12.29,109.0,34.1,Normal
VH-05828,91.9,32.3,8.3,12.47,101.0,36.5,Normal
VH-02843,100.9,33.4,8.8,12.23,171.0,30.9,Normal
VH-03026,100.9,51.4,10.6,13.66,20.0,,Normal
VH-04468,114.4,45.9,9.9,12.73,188.0,28.6,Warning
VH-06150,89.9,42.3,4.7,12.82,74.0,32.6,Normal
VH-04083,92.0,30.0,11.5,12.2,196.0,33.3,Normal
VH-01754,103.8,30.2,10.5,12.48,80.0,39.9,Normal
VH-05426,89.5,36.6,11.9,13.87,195.0,35.3,Normal
VH-03210,95.3,42.4,7.6,12.71,109.0,35.4, normal 
VH-04359,110.6,37.2,2.4,12.4,63.0,31.1,Critical
VH-04465,99.3,39.3,3.4,13.11,121.0,31.7,Warning
VH-04299,93.5,42.9,5.0,12.69,194.0,31.7,Normal
VH-07141,101.7,,10.8,13.1,194.0,30.4,Normal
VH-03223,80.2,24.3,10.8,12.24,23.0,31.7,Warning
VH-04421,101.1,43.5,7.9,11.77,86.0,35.2,Warning
VH-05872,96.4,34.3,11.0,11.68,43.0,31.0,Warning
VH-03419,104.8,52.6,8.3,13.05,77.0,25.2,Warning
VH-05422,93.6,49.9,10.7,12.04,85.0,34.0,Normal
VH-00860,87.1,52.2,4.0,12.94,184.0,32.2,Normal
VH-04492,89.1,44.0,5.2,12.63,56.0,40.7,WARNING
VH-05046,102.2,51.9,6.7,11.77,188.0,35.9,Warning
VH-02351,100.0,25.4,6.4,12.86,93.0,32.6,Normal
VH-05845,100.9,47.5,7.2,12.87,54.0,24.8,Warning
VH-02091,100.0,38.9,10.0,11.69,100.0,32.1,Warning
VH-02614,80.1,44.0,7.9,12.18,20.0,31.0,Normal
VH-01928,101.9,40.0,8.0,12.4,161.0,34.2,Normal
VH-06058,93.1,39.1,5.5,11.35,18.0,34.0,WARNING
VH-03532,105.5,50.7,8.2,12.21,43.0,29.6,Normal
VH-03473,99.4,38.7,10.6,12.73,100.0,29.4,Normal
VH-00427,108.8,41.0,5.0,12.57,153.0,32.8,Warning
VH-01208,113.3,13.9,4.4,12.76,124.0,33.5,Critical
VH-02688,105.3,30.3,4.1,13.16,167.0,35.3,Normal
VH-06828,91.8,39.9,11.6,12.66,175.0,35.7,Normal
VH-04461,94.6,33.7,8.7,12.45,24.0,32.8,Normal
VH-00389,83.7,50.6,2.0,12.64,130.0,28.1,Critical
VH-00616,100.7,38.9,5.0,12.22,41.0,28.9,Normal
VH-01306,87.0,39.0,6.8,11.63,28.0,35.3,Warning
VH-00717,100.5,51.4,7.3,12.88,23.0,33.5,Normal
VH-00028,98.3,41.7,9.2,12.89,12.0,35.9,Normal
VH-00372,101.9,41.0,11.9,12.45,174.0,34.7,Normal
VH-07879,101.1,,3.5,12.34,115.0,38.5,Warning
VH-05275,80.2,37.7,4.0,12.57,160.0,29.8,Normal
VH-06935,91.5,38.4,3.5,13.63,84.0,29.6,Warning
VH-05310,87.1,44.8,7.2,,40.0,34.6,Normal
VH-00318,102.9,56.1,6.9,11.83,11.0,34.2,Warning
VH-05917,96.1,52.5,8.8,12.74,19.0,36.3,Normal
VH-02878,88.3,43.5,2.8,12.5,98.0,31.0,Warning
VH-00004,79.4,41.6,7.8,12.65,48.0,34.0,Normal
VH-05915,97.5,35.2,11.4,12.57,72.0,29.5,Normal
VH-06666,91.7,26.1,10.4,12.12,101.0,33.1,Normal
VH-03560,100.7,50.2,11.9,12.97,170.0,25.7,Warning
VH-03015,90.5,38.7,8.3,12.61,47.0,32.3,Normal
VH-02573,96.5,,9.6,11.49,159.0,35.7,Warning
VH-00687,107.0,35.5,10.0,12.73,20.0,36.9,Normal
VH-07514,102.7,28.9,10.4,13.33,100.0,40.3,Warning
VH-06636,92.4,32.3,4.8,12.77,134.0,26.8,Warning
VH-03906,82.2,37.3,3.4,12.74,129.0,32.7,WARNING
VH-01460,102.7,43.2,4.3,11.97,87.0,31.3,Warning
VH-01601,104.1,45.3,3.4,11.63,69.0,32.8,Warning
VH-01352,84.7,36.9,8.3,12.84,12.0,33.8, normal 
VH-06469,106.7,55.6,10.6,13.14,85.0,35.1,Normal
VH-06490,103.1,28.3,4.4,12.44,124.0,29.0,Normal
VH-06164,107.9,38.9,11.4,13.21,187.0,30.3,Normal
VH-01042,100.6,30.8,10.4,12.77,140.0,34.2,Normal
VH-00359,93.8,40.7,5.4,11.64,59.0,26.8,Warning
VH-01984,88.7,47.6,6.6,12.62,181.0,29.3,Normal
VH-04262,91.3,40.2,6.9,11.49,86.0,33.2,Warning
VH-02147,102.5,60.9,9.2,13.05,149.0,30.5,Normal
VH-00974,87.0,31.1,2.2,12.08,157.0,31.4,Critical
VH-00665,81.4,19.2,6.0,,99.0,33.4,Warning
VH-04486,108.6,47.5,4.2,13.14,7.0,33.3,Warning
VH-02558,106.5,41.5,5.9,12.43,119.0,30.4, normal 
VH-01289,101.6,40.0,6.3,12.68,6.0,35.0,Normal
VH-05140,93.5,29.9,5.2,12.61,185.0,32.2,Normal
VH-06241,94.7,52.3,7.4,12.9,113.0,37.7, normal 
VH-05249,88.0,49.8,7.9,12.8,141.0,37.0,Normal
VH-01040,87.4,44.5,5.3,12.01,100.0,30.4,Normal
VH-04449,95.1,29.8,4.3,,19.0,34.4,Normal
VH-02993,114.1,43.7,8.6,12.54,126.0,35.8,Warning
VH-04424,87.0,41.4,11.2,12.43,174.0,27.6,Warning
VH-07570,74.2,44.9,10.2,12.87,88.0,32.1,Warning
VH-03234,91.1,37.1,11.3,12.84,83.0,38.3,Normal
VH-06580,79.4,37.1,3.3,11.87,18.0,33.4,Warning
VH-00721,104.0,58.3,4.8,12.13,199.0,35.7,Normal
VH-03256,89.8,25.8,2.0,12.2,192.0,30.1,Critical
VH-07429,103.4,52.0,5.4,11.42,152.0,31.0,Warning
VH-05879,104.3,51.3,4.9,13.03,160.0,28.9,Normal
VH-01350,93.0,52.7,10.9,13.17,190.0,35.3,Normal
VH-06452,92.4,41.1,8.8,12.6,144.0,,Normal
VH-03125,99.5,43.1,11.8,13.0,180.0,37.8,Normal
VH-00739,77.0,44.4,11.4,12.06,124.0,34.8,Normal
VH-04239,100.1,44.3,5.2,12.0,168.0,33.8,Normal
VH-00729,86.0,30.5,7.9,13.31,155.0,36.5,Normal
VH-00921,88.1,,7.1,13.24,85.0,34.3, normal 
VH-00968,102.4,42.9,2.4,12.34,116.0,33.1,Critical
VH-05325,108.0,25.0,6.6,13.2,199.0,33.6,WARNING
VH-07978,101.1,37.6,4.4,12.01,122.0,30.6,Normal
VH-00933,108.2,37.4,10.4,12.49,64.0,40.3,Warning
VH-00441,97.6,50.7,10.7,13.11,24.0,35.7,Normal
VH-04712,103.9,38.2,2.3,12.27,91.0,39.7,Critical
VH-05372,94.5,47.3,6.0,13.02,127.0,39.5,Normal
VH-01094,89.8,35.6,4.5,12.85,22.0,31.4, normal 
VH-06500,105.0,32.6,8.3,12.07,149.0,29.1,Normal
VH-05324,95.2,39.1,6.0,11.5,70.0,33.3,Warning
VH-07704,95.7,34.6,6.0,12.93,175.0,32.0,Normal
VH-03809,98.2,,11.1,13.33,151.0,37.2,Normal
VH-00426,101.4,40.4,8.6,12.62,92.0,35.5,Normal
VH-04175,90.9,42.1,8.5,12.59,180.0,29.8,Normal
VH-01753,90.5,45.2,10.1,12.4,194.0,30.7,Normal
VH-04564,99.0,30.4,6.5,13.99,35.0,28.6,Normal
VH-05206,83.2,50.0,10.9,12.99,146.0,35.4,Normal
VH-07192,103.1,40.1,7.7,13.12,44.0,27.9,Critical
VH-04575,97.9,43.3,4.9,12.81,142.0,34.5,Normal
VH-01242,108.5,25.0,8.7,11.92,116.0,36.7,Warning
VH-06615,99.7,36.5,8.9,11.9,106.0,28.2,Warning
VH-04790,81.2,36.4,3.0,,85.0,35.8,Warning
VH-07035,85.3,30.5,6.4,11.96,74.0,34.3,Warning
VH-00463,78.4,38.0,4.5,13.81,62.0,33.6,Normal
VH-04515,102.6,46.5,4.4,12.17,115.0,32.4,Normal
VH-07404,117.4,45.0,7.6,13.26,162.0,33.9,Normal
VH-04986,98.1,37.1,11.1,12.69,186.0,26.6,Warning
VH-00452,110.6,31.8,3.6,12.45,73.0,32.7,Warning
VH-07222,99.6,38.1,9.4,12.79,37.0,34.3,Normal
VH-07818,98.7,40.0,10.8,12.29,120.0,33.4,Normal
VH-04868,112.2,,5.7,12.86,126.0,33.5,Warning
VH-03818,107.5,30.7,8.9,13.3,135.0,39.4,Normal
VH-07676,93.4,43.3,9.4,13.04,186.0,32.7,Normal
VH-04840,96.5,30.6,6.1,13.08,129.0,36.7,Normal
VH-03604,95.6,35.0,10.5,12.91,41.0,29.4,Normal
VH-02766,80.4,42.8,7.0,12.26,43.0,30.8,Normal
VH-04355,89.0,,8.9,12.84,15.0,28.8, normal 
VH-04431,81.8,38.6,6.9,12.76,28.0,35.9,Normal
VH-07428,93.7,29.5,6.6,12.27,57.0,35.3,Normal
VH-03326,99.7,37.3,5.0,11.52,96.0,33.6,Warning
VH-05070,91.2,36.2,11.2,13.17,80.0,34.3,Normal
VH-03475,99.9,38.1,11.2,12.56,78.0,31.4,Normal
VH-00664,94.3,44.8,11.3,12.99,85.0,26.0,Warning
VH-04573,98.5,,8.0,12.44,60.0,35.5,Normal
VH-04658,90.0,32.4,4.2,13.49,108.0,29.4,Normal
VH-07113,96.5,27.6,9.4,11.79,80.0,33.5,Warning
VH-07158,96.1,41.9,10.9,10.98,33.0,35.1,Critical
VH-00924,93.7,30.7,4.1,12.39,127.0,30.7,Normal
VH-01845,78.7,46.0,5.5,11.94,168.0,,Warning
VH-00405,92.9,46.0,6.3,13.15,149.0,33.4,Normal
VH-00188,84.1,,10.7,12.57,74.0,31.1,Normal
VH-07233,89.6,37.2,2.1,12.18,177.0,36.7,Critical
VH-05498,100.8,46.2,10.1,13.11,107.0,34.0,Normal
VH-04448,106.2,41.8,2.9,,112.0,31.6,Warning
VH-02714,93.9,44.7,7.3,13.36,96.0,34.7,Normal
VH-02040,102.4,,7.9,13.03,30.0,29.9,Normal
VH-01657,80.9,46.8,11.3,14.06,80.0,29.6,Normal
VH-07437,95.9,44.2,3.7,12.81,54.0,31.5,Warning
VH-02655,90.3,51.2,5.3,12.09,7.0,38.9,Normal
VH-00398,99.2,30.9,7.6,13.42,151.0,34.0,Normal
VH-04289,98.3,54.8,7.2,,168.0,34.0,Normal
VH-04321,95.8,51.4,9.8,12.74,23.0,32.3,Normal
VH-01538,87.6,58.8,6.1,13.27,182.0,33.3,Normal
VH-04540,103.5,43.3,11.5,12.57,168.0,33.7,Normal
VH-05291,87.8,30.1,3.1,12.91,149.0,35.4,Warning
VH-04432,99.2,46.8,4.7,12.8,135.0,34.8,Normal
VH-00135,86.9,45.2,2.7,12.43,42.0,31.5,Warning
VH-07912,93.7,40.0,4.8,12.31,109.0,29.7,Normal
VH-07048,97.2,41.3,4.7,12.28,198.0,31.4,Normal
VH-06562,98.7,25.6,8.0,13.04,169.0,29.0,Normal
VH-03561,95.9,46.8,9.2,12.44,54.0,35.9,Normal
VH-03490,85.3,46.8,6.9,,86.0,34.1,Normal
VH-05583,86.6,41.9,3.7,12.17,148.0,31.4,Warning
VH-04619,99.7,37.2,10.7,12.11,66.0,33.5,Normal
VH-02223,88.6,39.6,2.1,12.22,91.0,35.0,Critical
VH-01749,102.1,43.6,11.6,12.84,21.0,34.3,Normal
VH-02169,90.1,37.3,5.1,12.98,133.0,30.6,Normal
VH-00889,81.4,,11.8,12.33,131.0,35.8,Normal
VH-03742,81.3,41.2,4.2,12.7,67.0,30.5,Normal
VH-02909,99.4,23.9,10.6,12.26,72.0,33.8,Warning
VH-02341,93.5,36.2,11.2,12.77,27.0,28.7,Normal
VH-06743,106.8,30.7,9.2,11.38,108.0,37.4,Warning
VH-00807,85.0,37.9,10.9,12.5,198.0,34.3,Normal
VH-00750,95.1,25.4,2.6,12.69,49.0,32.0,Warning
VH-06021,81.3,43.9,4.3,12.16,52.0,28.0,Warning
VH-03582,95.6,26.8,5.6,12.31,125.0,31.3,Normal
VH-03747,102.2,27.0,4.7,12.29,85.0,37.6,Normal
VH-04402,89.5,27.0,5.6,12.78,179.0,33.7,Normal
VH-07705,91.7,45.4,9.5,12.41,45.0,33.9,Normal
VH-02631,87.1,28.3,10.3,12.3,55.0,29.6,Normal
VH-03263,107.9,49.3,9.1,11.85,106.0,33.3,Warning
VH-04503,101.4,44.6,6.9,12.55,115.0,33.3,Normal
VH-00307,105.4,45.0,5.8,11.85,155.0,37.0,Warning
VH-06779,107.5,35.1,9.6,12.34,89.0,37.8,Normal
VH-00157,102.9,26.1,4.3,12.75,34.0,36.6,Normal
VH-02024,84.3,50.0,8.9,13.25,81.0,27.9,Warning
VH-02556,78.2,47.4,9.9,12.84,58.0,32.6,Normal
VH-02456,103.0,47.4,3.0,12.11,173.0,37.7,Warning
VH-02432,86.9,48.2,7.5,13.26,164.0,29.0,Normal
VH-06485,90.5,32.6,11.9,11.87,185.0,32.4,Warning
VH-01683,104.8,49.2,6.4,12.64,155.0,32.8,Normal
VH-05319,97.0,37.3,7.8,11.78,54.0,37.6,Warning
VH-06189,93.2,38.2,11.5,,52.0,29.7,Normal
VH-07838,97.2,44.1,6.1,12.69,138.0,33.5,Normal
VH-07929,108.9,28.5,9.0,13.44,42.0,34.6,Warning
VH-01240,105.2,34.0,11.0,12.75,147.0,35.4,Critical
VH-02366,104.0,40.3,4.2,12.27,83.0,30.9,Normal
VH-02406,97.3,50.5,5.7,13.09,98.0,29.8, normal 
VH-01463,98.7,53.9,9.3,12.27,111.0,36.0,Normal
VH-00979,98.6,35.2,9.5,12.64,185.0,27.6,Warning
VH-03439,110.4,46.4,8.3,,77.0,34.6,Warning
VH-00728,85.9,42.5,4.7,11.93,182.0,32.8,Warning
VH-01651,105.2,,11.0,12.74,38.0,36.7,Normal
VH-03076,94.9,59.4,5.0,12.37,144.0,29.0,Normal
VH-04364,77.5,41.2,7.5,13.07,92.0,33.9,Normal
VH-03047,99.2,41.7,2.3,12.72,157.0,34.0,Critical
VH-05579,103.2,32.7,5.4,12.73,20.0,35.3,Normal
VH-05993,92.5,31.9,7.3,13.39,157.0,34.7,Normal
VH-02434,93.1,25.4,6.0,11.82,52.0,,Warning
VH-03710,98.8,39.3,11.3,11.76,50.0,36.6,Warning
VH-03213,86.8,37.6,11.5,12.65,68.0,31.8,Normal
VH-00089,98.6,36.8,7.7,12.49,56.0,29.2,Normal
VH-06019,93.7,40.0,10.1,12.28,81.0,32.8,Normal
VH-00039,100.2,53.1,10.3,12.54,5.0,31.5,Normal
VH-03274,79.7,39.0,5.0,13.05,71.0,35.9,Normal
VH-06899,83.3,40.1,9.9,13.12,124.0,36.6,Normal
VH-07267,99.9,43.3,11.8,12.62,31.0,35.8,Normal
VH-03828,96.9,42.7,9.7,13.23,189.0,30.5,Normal
VH-07432,106.6,52.7,7.9,12.34,84.0,30.5,Normal
VH-01863,103.2,44.1,6.9,12.49,163.0,36.8,Normal
VH-05159,78.1,50.0,11.7,12.25,180.0,29.4,Normal
VH-03838,92.5,29.1,10.3,12.05,95.0,34.8, normal 
VH-00504,71.3,31.0,12.0,12.69,6.0,29.4,Warning
VH-07060,103.5,32.7,9.9,12.55,6.0,,Normal
VH-06704,86.9,38.0,4.9,12.1,178.0,33.2,Normal
VH-01515,96.7,17.4,9.5,12.82,39.0,32.7,critical
VH-00085,98.9,39.5,9.4,12.9,6.0,34.4,Normal
VH-04519,81.1,45.7,6.6,12.33,182.0,31.4,Normal
VH-02651,79.8,46.7,4.9,12.86,91.0,30.5,Normal
VH-01884,78.9,43.8,9.2,12.7,180.0,30.8,Normal
VH-01430,92.8,33.0,10.5,12.63,156.0,35.4,Normal
VH-01521,73.0,37.0,6.7,12.17,108.0,35.8,Warning
VH-03070,101.9,,2.7,13.05,89.0,30.2,Warning
VH-04310,97.6,49.8,8.1,12.49,152.0,,Normal
VH-05819,97.7,33.1,3.9,13.09,36.0,33.9,Warning
VH-03313,96.1,41.4,9.1,,105.0,32.5,Warning
VH-05162,107.9,38.2,8.3,13.27,13.0,30.6,Normal
VH-05997,107.9,42.2,4.8,12.37,115.0,34.9,Normal
VH-00508,90.5,39.7,2.1,12.36,111.0,34.4,Critical
VH-01457,95.7,44.8,6.7,12.53,11.0,35.2,Normal
VH-00314,101.6,35.1,6.7,12.21,58.0,30.0,Critical
VH-05047,86.6,38.0,2.4,12.92,199.0,37.4,Critical
VH-04874,86.7,30.8,5.1,13.5,193.0,38.0,Normal
VH-00652,108.3,40.2,11.9,12.85,98.0,38.7,Warning
VH-07549,98.8,,2.2,12.53,55.0,30.5,Critical
VH-07765,94.7,40.6,8.1,12.9,179.0,33.4,Normal
VH-02315,97.9,33.3,10.9,,88.0,34.8,Normal
VH-01766,85.3,37.7,6.0,11.98,14.0,29.0,Warning
VH-01474,93.5,34.6,3.9,12.98,126.0,33.2,Warning
VH-00333,86.9,53.1,11.2,12.2,122.0,37.4,Normal
VH-07126,91.9,,8.0,11.99,74.0,33.1,Warning
VH-01704,96.9,44.3,7.4,12.9,56.0,34.4,Normal
VH-04817,93.8,34.8,8.9,,147.0,35.2,Warning
VH-05119,100.2,29.8,10.8,13.22,151.0,32.3,Normal
VH-03166,88.0,29.2,2.3,13.15,23.0,33.2,Normal
VH-07507,88.6,39.3,2.6,13.47,121.0,28.7,Warning
VH-03823,93.3,50.7,11.9,12.25,151.0,35.3,Normal
VH-06644,90.3,31.9,8.4,12.87,22.0,30.5,Normal
VH-02021,88.7,43.3,2.2,12.88,112.0,32.1,Critical
VH-06377,100.5,17.7,4.9,12.51,165.0,34.6,Critical
VH-01182,88.6,48.4,7.3,12.05,152.0,33.2,Normal
VH-02686,80.9,28.4,5.7,13.11,14.0,28.4,Normal
VH-03444,103.8,30.0,6.8,12.15,53.0,28.6,Normal
VH-00683,90.8,39.8,2.7,12.55,197.0,36.4,Warning
VH-00956,91.1,23.5,2.0,12.62,71.0,33.8,Critical
VH-06225,92.6,59.5,2.1,12.27,48.0,33.7,Critical
VH-04540,103.5,43.3,11.5,12.57,168.0,33.7,Normal
VH-02269,91.4,45.1,7.4,13.15,11.0,28.0, normal 
VH-06660,110.7,43.6,10.6,12.58,178.0,30.9,Warning
VH-02685,96.1,45.5,2.7,13.14,50.0,36.3,Warning
VH-07540,87.2,33.9,8.7,12.04,75.0,31.1,Normal
VH-04555,108.0,49.0,3.1,13.13,141.0,35.1,Warning
VH-00639,99.2,34.1,7.6,13.58,35.0,30.5,Normal
VH-00305,86.6,44.2,9.9,12.66,63.0,36.2,Normal
VH-06739,87.0,22.7,8.9,12.94,193.0,31.9,Warning
VH-07246,84.5,44.5,10.5,12.25,182.0,32.3,Normal
VH-02334,91.1,41.1,4.2,12.97,41.0,35.7,Normal
VH-01326,97.3,45.7,5.6,12.47,151.0,,Warning
VH-07145,91.5,39.7,10.8,12.66,123.0,30.7,Normal
VH-04680,107.9,50.8,10.2,13.38,166.0,36.5,Normal
VH-00231,90.3,39.2,2.1,12.1,128.0,31.3,Critical
VH-06664,89.2,55.5,6.5,12.59,198.0,35.4,Normal
VH-02290,98.6,44.5,7.1,11.92,194.0,31.3,Warning
VH-00179,97.3,54.7,9.0,12.38,77.0,30.6,Normal
VH-00392,91.2,38.2,7.6,12.39,179.0,41.9,Warning
VH-06801,103.4,28.4,5.2,13.06,74.0,30.2,Normal
VH-05553,89.9,32.3,11.8,12.58,85.0,34.0,Normal
VH-01305,75.2,40.3,9.2,13.11,146.0,31.4,Normal
VH-06373,96.0,33.4,10.2,12.12,187.0,34.2,Normal
VH-00961,96.0,42.9,8.1,12.19,151.0,35.2,Normal
VH-06892,83.9,36.3,3.7,12.25,127.0,32.7,Warning
VH-06740,84.1,42.6,8.9,12.67,171.0,33.6,Normal
VH-01121,95.0,24.2,8.1,,120.0,32.2,Warning
VH-06006,87.0,34.7,4.7,12.21,60.0,33.0,Normal
VH-02134,88.6,25.2,4.9,12.62,91.0,34.8,Normal
VH-01034,90.8,46.1,2.2,13.82,32.0,36.6,Critical
VH-04796,97.8,,9.6,11.91,138.0,34.5,Warning
VH-00358,88.1,56.7,7.2,12.99,124.0,27.7,Critical
VH-03858,91.7,41.0,11.2,12.83,22.0,30.4,Normal
VH-01281,77.6,29.2,9.1,13.37,193.0,34.1,Normal
VH-01869,96.9,30.4,8.1,12.16,92.0,37.8,Normal
VH-01341,98.4,41.3,11.3,,9.0,33.1,Normal
VH-05299,98.2,35.6,10.2,12.15,169.0,31.9,Normal
VH-02842,99.6,51.9,2.3,13.21,17.0,30.7,Critical
VH-01665,89.4,42.2,10.7,12.91,78.0,37.7,Normal
VH-07809,98.0,32.3,6.8,12.92,197.0,31.0,Normal
VH-00383,85.0,33.7,8.8,12.48,62.0,29.2,Normal
VH-05491,76.2,39.8,5.5,13.63,176.0,30.7,Normal
VH-06171,80.2,43.8,8.2,12.21,193.0,29.6,Normal
VH-02352,94.7,,11.1,12.65,98.0,34.0,Normal
VH-05825,99.1,48.6,4.4,12.72,63.0,33.1,Normal
VH-07239,92.7,49.2,11.9,12.6,71.0,31.3, normal 
VH-03496,103.0,39.5,3.4,12.77,193.0,30.8,Warning
VH-05277,91.2,17.1,5.6,13.45,108.0,32.7,Critical
VH-07300,96.3,38.6,3.4,12.6,54.0,31.0,Warning
VH-03032,85.2,46.3,3.0,13.07,182.0,35.2,Warning
VH-07229,102.3,41.4,4.8,12.65,16.0,26.0,Warning
VH-06550,95.0,36.9,7.7,12.54,131.0,35.7,Normal
VH-03329,92.9,34.7,5.2,12.49,188.0,36.6,Normal
VH-02605,87.8,46.9,8.6,13.48,66.0,30.1,Normal
VH-05347,106.5,,6.3,12.26,185.0,32.3,Normal
VH-02838,104.6,43.4,9.6,12.49,66.0,36.1,Normal
VH-04164,93.2,31.2,9.4,12.08,170.0,40.1,Warning
VH-03995,89.6,42.3,5.8,12.83,83.0,30.1,Normal
VH-05377,92.5,48.5,11.9,,68.0,37.9,Normal
VH-03498,93.1,52.7,9.5,12.22,176.0,35.7, normal 
VH-04814,96.4,43.2,9.0,12.29,40.0,31.3,Normal
VH-03464,98.9,25.7,9.5,12.26,101.0,34.4,Normal
VH-02983,97.1,32.3,5.9,12.49,178.0,29.8,Normal
VH-01365,98.0,27.2,4.4,13.56,87.0,33.5,Normal
VH-00732,99.4,42.2,11.5,12.25,71.0,37.0,Normal
VH-06305,111.8,32.1,3.9,13.82,151.0,30.0,Warning
VH-02101,81.3,31.8,5.3,11.88,188.0,36.5,Warning
VH-06516,85.8,46.2,5.8,12.37,23.0,27.9,Warning
VH-03357,90.8,35.9,2.3,12.78,88.0,,Critical
VH-02035,100.9,27.0,7.2,12.92,67.0,36.9,Normal
VH-06356,101.5,43.2,4.1,12.01,60.0,31.0,Normal
VH-00756,87.6,40.4,3.2,11.98,123.0,35.4,Warning
VH-01059,98.6,45.1,11.5,13.09,188.0,29.2,Normal
VH-03845,76.3,36.6,10.6,12.41,11.0,30.6,Normal
VH-04974,91.4,27.7,5.2,13.27,158.0,34.9,Normal
VH-06066,100.2,42.5,11.9,12.45,164.0,31.9,Normal
VH-04951,88.4,36.6,10.4,13.26,57.0,30.0,Normal
VH-05284,97.4,39.3,3.0,12.96,18.0,31.5,Warning
VH-05181,94.4,35.6,9.6,12.25,176.0,32.4,Normal
VH-04628,89.4,46.9,12.0,12.54,119.0,32.2,Normal
VH-04024,87.9,43.7,11.1,11.67,17.0,39.1,Warning
VH-01406,97.0,38.2,9.6,12.69,149.0,33.7,Normal
VH-05343,78.9,28.1,2.3,13.2,21.0,35.3,Critical
VH-05326,111.2,45.4,7.1,13.29,48.0,31.5,Critical
VH-04543,87.3,16.4,3.7,12.49,90.0,35.7,Critical
VH-04472,109.3,40.2,4.7,12.92,63.0,33.1,Warning
VH-01526,104.6,39.4,5.5,12.18,74.0,33.1,Normal
VH-02416,89.0,26.3,7.8,13.19,99.0,34.4,Normal
VH-04948,94.8,28.1,4.0,12.75,48.0,37.4, normal 
VH-04558,101.3,43.4,11.2,13.37,63.0,31.1,Normal
VH-04051,94.2,40.9,4.0,12.02,61.0,30.1,Normal
VH-03624,94.5,48.5,6.0,12.11,30.0,35.6,Normal
VH-02407,92.2,41.1,4.1,12.39,66.0,32.7,Normal
VH-06670,93.6,32.8,9.7,12.94,21.0,30.8,Normal
VH-01355,98.7,36.5,7.4,,11.0,,Normal
VH-01067,98.6,52.1,10.1,12.42,36.0,22.6,Warning
VH-05548,97.7,35.3,7.3,12.58,171.0,32.1,Normal
VH-07725,107.9,30.5,5.8,,25.0,30.0,Normal
VH-05912,99.6,40.4,5.4,12.87,177.0,31.0,Normal
VH-01678,89.2,29.1,11.6,12.38,9.0,32.0,Normal
VH-01989,84.1,51.0,5.1,12.25,124.0,36.1,Normal
VH-05322,89.8,41.8,6.8,12.94,141.0,33.6,Critical
VH-00760,105.0,51.3,5.7,12.66,195.0,34.4,Normal
VH-05494,101.3,37.3,8.2,12.24,198.0,34.3,Normal
VH-01910,88.8,36.9,7.0,12.28,135.0,30.2,Normal
VH-00978,83.7,23.9,6.4,,120.0,35.7,Warning
VH-02721,105.3,49.2,3.0,12.25,11.0,29.9,Warning
VH-03812,90.8,42.6,9.9,13.27,195.0,29.8,Normal
VH-01802,92.6,43.1,6.1,12.04,144.0,37.6,Normal
VH-01409,99.1,27.8,6.3,12.24,117.0,32.1,Normal
VH-07633,91.1,55.1,5.5,11.65,188.0,32.6,Warning
VH-05555,96.3,36.5,5.7,12.1,191.0,34.8,Normal
VH-01787,82.3,41.6,6.0,12.24,184.0,32.1,Normal
VH-06931,101.5,53.0,6.0,13.56,195.0,24.6,Warning
VH-01554,84.0,36.7,7.4,11.9,30.0,35.7,Warning
VH-07461,93.8,51.5,2.1,12.44,61.0,29.5,Critical
VH-05283,102.3,43.6,10.1,13.35,105.0,33.6,Normal
VH-05743,100.2,39.0,11.8,12.72,67.0,35.2,Normal
VH-06697,91.3,40.5,9.3,11.87,32.0,29.2,Warning
VH-04298,108.4,40.5,3.6,12.19,11.0,32.6,WARNING
VH-06618,103.8,31.2,2.1,12.81,132.0,33.6,Critical
VH-03017,103.5,38.6,10.0,12.82,126.0,31.1,Normal
VH-00704,103.4,,7.2,12.02,63.0,28.0, normal 
VH-04967,86.1,44.4,3.6,12.11,182.0,31.2,Warning
VH-02069,93.4,58.9,5.0,13.81,63.0,36.3, normal 
VH-06836,97.8,36.7,3.8,12.59,176.0,35.0,WARNING
VH-04778,94.4,45.4,10.3,12.65,121.0,,Normal
VH-04727,86.5,39.7,2.1,12.91,163.0,29.9,Critical
VH-02011,109.2,38.5,4.1,12.04,160.0,31.3,Warning
VH-06909,113.6,47.6,4.5,13.03,16.0,33.8,Warning
VH-01977,96.7,34.6,8.7,13.37,178.0,31.6,Normal
VH-07312,95.2,34.3,9.8,12.63,40.0,30.4,Normal
VH-02547,111.2,45.8,5.9,12.69,109.0,32.6,Warning
VH-07054,102.2,36.5,6.2,12.22,55.0,34.5,Normal
VH-03384,94.4,29.0,4.9,12.75,30.0,33.1,Normal
VH-01701,91.1,51.3,6.1,12.59,74.0,35.4,Normal
VH-02759,102.0,40.6,3.3,12.08,53.0,31.2,Warning
VH-02923,89.8,32.1,7.1,12.44,16.0,32.3,Normal
VH-07425,83.4,33.9,7.4,12.88,179.0,29.7,Normal
VH-03389,90.9,36.6,5.0,11.95,29.0,27.8,Warning
VH-07082,93.9,47.0,4.0,13.1,114.0,34.1,Normal
VH-07669,112.1,45.6,4.6,13.57,154.0,36.8,Warning
VH-02345,87.2,34.4,5.2,12.14,12.0,36.0,Normal
VH-02662,92.2,47.6,7.4,11.72,135.0,33.4,Warning
VH-05812,99.6,44.6,10.0,12.55,95.0,33.9,Normal
VH-01757,113.1,53.9,9.2,11.24,24.0,35.0,Critical
VH-03339,82.0,42.2,5.1,12.15,77.0,31.9,Normal
VH-04660,82.0,52.0,8.2,,56.0,35.5,Warning
VH-06563,91.4,37.1,9.3,12.74,133.0,33.7,Normal
VH-00694,88.4,46.5,4.9,12.4,85.0,33.0,Normal
VH-07378,84.2,48.2,3.9,13.23,148.0,34.5,Warning
VH-03816,94.5,32.1,8.4,13.05,82.0,33.1, normal 
VH-04919,102.8,33.4,10.6,12.0,16.0,37.3,Normal
VH-03354,92.2,30.8,5.7,12.24,126.0,34.7,Normal
VH-03743,100.1,42.8,2.1,12.85,193.0,34.5,Critical
VH-01698,81.1,39.5,8.3,12.62,94.0,32.2,Normal
VH-04544,99.5,53.4,11.8,12.33,13.0,37.6,Normal
VH-01076,105.6,31.4,4.1,11.46,79.0,34.6,Warning
VH-03353,88.6,48.6,8.4,12.63,33.0,33.4, normal 
VH-03349,87.7,38.3,3.2,13.2,172.0,37.2,Warning
VH-00529,107.5,44.4,10.2,12.51,108.0,29.3,Normal
VH-03409,-45.83855318009654,40.7,8.2,12.86,45.0,,Normal
VH-06533,107.6,58.6,2.9,,37.0,32.1,Warning
VH-03616,104.5,48.7,2.7,12.76,43.0,30.7,Warning
VH-07094,97.6,41.6,9.3,12.96,163.0,34.4,Normal
VH-07235,104.4,42.5,5.3,12.65,190.0,37.2,Normal
VH-02599,103.3,44.8,8.0,11.96,47.0,31.4,Warning
VH-02219,83.1,41.3,6.1,12.79,167.0,,Warning
VH-02277,110.1,34.1,11.4,12.01,64.0,33.3,Warning
VH-05384,107.2,49.3,6.5,12.19,20.0,33.6,Normal
VH-05546,108.7,42.9,7.6,12.87,31.0,34.0,Warning
VH-00525,91.5,37.4,2.0,12.38,194.0,32.3,Critical
VH-01648,93.6,29.0,11.3,11.61,36.0,36.2,Warning
VH-06570,89.4,51.1,3.6,12.01,89.0,34.1,Warning
VH-05972,93.4,42.9,4.8,12.83,190.0,34.3,Normal
VH-05492,93.3,44.4,4.1,11.75,8.0,28.9,Warning
VH-06405,101.7,,4.2,13.56,100.0,34.1,Normal
VH-01881,106.4,41.9,4.4,13.24,149.0,34.6,Normal
VH-07875,100.7,35.0,6.3,12.57,78.0,37.9,Normal
VH-05749,94.0,51.0,11.4,12.59,157.0,30.3,Normal
VH-03745,92.1,42.3,7.9,12.76,48.0,32.1,Normal
VH-03517,94.5,44.6,2.5,11.98,100.0,35.6,Critical
VH-03613,91.3,32.2,8.4,12.95,177.0,31.8,Normal
VH-06915,88.3,35.1,11.7,12.14,46.0,33.8,Normal
VH-05240,101.8,37.2,8.0,12.27,12.0,35.9,Normal
VH-01592,93.6,43.8,5.3,12.58,42.0,30.6,Normal
VH-04789,99.6,35.7,9.7,12.44,114.0,37.8,Normal
VH-00019,94.6,33.8,8.6,12.64,35.0,28.7,Normal
VH-03572,97.9,32.1,8.5,12.24,167.0,36.4,Normal
VH-01428,100.2,30.7,4.0,12.2,129.0,35.5,Critical
VH-04870,85.5,40.0,4.0,12.31,150.0,35.8,Warning
VH-04640,107.2,37.9,9.8,11.99,144.0,37.3,Warning
VH-02827,110.4,33.2,4.3,12.63,193.0,33.9,Warning
VH-05104,95.3,44.4,5.4,12.05,162.0,33.0,Normal
VH-06492,86.2,42.6,7.2,12.1,18.0,29.9,Normal
VH-05695,112.6,26.3,4.0,13.53,18.0,35.1,Warning
VH-06808,101.2,41.5,8.7,12.61,197.0,34.8,Normal
VH-05723,120.4,38.1,6.5,13.17,106.0,32.9,Critical
VH-01169,92.1,47.4,10.8,12.61,177.0,34.7,Normal
VH-04676,98.1,48.2,8.4,12.58,48.0,33.1,Normal
VH-03935,96.7,,10.0,13.46,181.0,39.6,Normal
VH-04999,87.9,44.4,3.6,12.74,83.0,37.7,Warning
VH-07611,91.8,50.6,5.0,13.22,187.0,37.4,Normal
VH-06794,95.5,38.9,9.8,12.68,38.0,32.1,Normal
VH-04412,101.0,31.8,11.9,,116.0,30.5,Warning
VH-07039,84.7,41.1,11.2,13.04,128.0,36.4,Normal
VH-02284,98.7,50.4,3.6,13.23,28.0,37.2,WARNING
VH-02302,72.9,29.2,10.1,12.41,78.0,34.5,Warning
VH-03411,78.8,42.8,2.7,12.48,19.0,35.3,Warning
VH-00947,71.6,37.1,7.7,13.03,17.0,34.0,Warning
VH-07007,82.4,43.8,5.5,13.5,38.0,31.7,Normal
VH-02307,95.1,36.6,7.6,13.02,20.0,38.1,Normal
VH-01797,93.8,40.2,11.3,12.17,118.0,32.5,Normal
VH-07775,86.1,15.2,4.0,12.62,148.0,36.6,Critical
VH-07109,99.5,49.7,2.1,13.27,173.0,30.2,Critical
VH-06718,79.7,48.2,5.6,13.18,125.0,30.1,Normal
VH-05334,103.8,53.8,11.5,12.59,34.0,36.8,Warning
VH-06553,94.0,,6.1,12.46,118.0,34.1,Normal
VH-03834,106.4,37.4,9.9,12.86,109.0,34.2,Normal
VH-00904,90.0,53.0,6.0,12.33,33.0,34.4,Normal
VH-00083,91.9,30.4,10.3,12.11,57.0,,Normal
VH-02674,93.1,38.0,9.6,11.54,61.0,36.0,Warning
VH-06050,89.1,40.6,10.4,12.72,147.0,35.6,Normal
VH-06421,100.1,45.5,11.2,12.97,154.0,,Normal
VH-03040,105.1,,2.4,13.97,159.0,36.5,Critical
VH-05541,98.0,42.7,4.0,12.33,19.0,36.0,Warning
VH-03031,99.6,44.7,6.9,12.13,96.0,33.3,Normal
VH-07335,105.7,33.7,4.6,11.96,118.0,30.2,Warning
VH-07451,86.2,53.5,3.1,13.14,62.0,34.9,Warning
VH-07478,76.0,43.1,9.6,11.55,52.0,33.6,Warning
VH-01523,93.5,45.1,7.0,12.84,69.0,30.6, normal 
VH-05315,103.6,25.0,3.8,11.93,152.0,30.5,Warning
VH-01388,97.7,43.1,10.9,13.2,118.0,31.3,Normal
VH-01023,99.9,43.5,3.1,12.54,165.0,39.2,Warning
VH-01625,104.1,47.5,8.5,12.27,173.0,31.0,Normal
VH-03164,89.8,,10.9,13.45,59.0,37.6,Normal
VH-03546,107.8,44.3,5.9,13.09,58.0,28.9,Normal
VH-01146,98.8,36.7,9.6,12.62,90.0,31.0,Normal
VH-00678,98.1,29.2,4.5,11.95,173.0,33.1,Warning
VH-05813,102.1,38.4,6.1,12.61,152.0,35.1,Normal
VH-06953,100.7,35.6,3.3,12.76,126.0,31.2,Warning
VH-05237,97.7,28.0,3.1,12.76,156.0,32.3,Warning
VH-05981,107.0,50.2,4.8,12.51,48.0,31.1,Normal
VH-02338,103.4,39.3,3.1,12.49,180.0,38.8,Warning
VH-05966,88.6,31.7,8.1,13.12,145.0,32.7,Normal
VH-02773,93.7,39.7,10.4,12.27,178.0,34.8,Normal
VH-03730,89.1,35.2,8.8,12.83,32.0,26.7,Warning
VH-01668,97.3,45.2,2.1,12.24,51.0,33.8,Critical
VH-07527,98.4,41.2,3.1,12.69,16.0,30.7,Warning
VH-01857,103.3,43.7,4.6,12.48,154.0,29.9,Normal
VH-04433,98.0,30.2,9.8,,69.0,29.9,Normal
VH-01514,81.5,36.4,8.5,12.87,23.0,32.5,Normal
VH-05247,103.4,36.3,9.7,12.75,185.0,34.0,Normal
VH-00377,79.0,36.2,12.0,12.36,55.0,34.9, normal 
VH-01947,87.7,36.9,5.7,13.03,26.0,31.5, normal 
VH-01555,90.0,44.7,4.4,12.64,100.0,33.3,Normal
VH-05807,93.8,35.7,10.1,12.38,10.0,39.2,Normal
VH-03939,106.8,52.5,6.1,12.82,137.0,37.7,Normal
VH-04233,106.3,32.6,2.8,12.61,42.0,30.4,Warning
VH-07614,82.6,34.5,10.3,12.13,124.0,33.7,Normal
VH-06390,94.4,37.3,2.3,13.01,184.0,36.6,Critical
VH-05668,89.8,,5.0,12.43,50.0,32.9,Normal
VH-02254,103.3,44.6,10.9,12.97,177.0,36.0,Normal
VH-01724,104.0,35.7,3.4,13.06,175.0,33.0,Warning
VH-06988,89.7,34.5,10.3,12.45,70.0,32.9,Normal
VH-06844,92.4,37.9,9.2,12.3,99.0,35.7, normal 
VH-02940,108.1,24.4,6.1,11.5,117.0,28.6,Warning
VH-01591,83.7,34.4,8.5,12.11,51.0,,Normal
VH-07268,109.9,51.3,9.5,13.02,29.0,32.5,Warning
VH-02209,91.5,38.7,3.7,11.79,16.0,26.0,Warning
VH-02062,97.2,22.3,11.3,12.71,106.0,28.8,Warning
VH-04831,79.4,45.3,10.2,12.25,161.0,36.4,Normal
VH-06109,89.2,35.8,2.9,12.75,173.0,29.1,Warning
VH-07150,91.4,41.1,10.0,12.36,69.0,28.4,Normal
VH-07560,98.3,31.8,11.6,12.71,122.0,33.6,Normal
VH-07900,90.8,41.9,5.1,12.16,166.0,35.0,Normal
VH-00946,97.7,22.2,3.5,12.02,35.0,31.0,Warning
VH-02246,82.3,40.2,11.9,12.3,96.0,34.2,Normal
VH-02520,93.3,41.2,9.9,12.57,102.0,27.0,Warning
VH-07297,93.0,37.6,6.1,11.67,198.0,29.4,Warning
VH-03998,89.8,32.5,10.2,11.96,93.0,36.4,Warning
VH-07289,103.4,49.7,7.4,13.09,130.0,33.3,Normal
VH-03942,88.3,55.1,8.3,13.58,51.0,31.7,Normal
VH-07416,93.2,51.7,11.6,13.33,19.0,31.1,Normal
VH-02984,84.4,32.0,11.5,12.45,110.0,30.2, normal 
VH-00960,107.9,38.3,3.3,13.01,140.0,31.3,Warning
VH-07264,99.4,43.8,6.1,,52.0,32.4,Normal
VH-05227,92.8,48.1,9.8,12.79,65.0,35.0,Normal
VH-01414,105.9,56.3,10.3,13.3,146.0,35.5,Normal
VH-01000,94.5,40.8,2.3,13.07,190.0,35.0,Critical
VH-06438,101.3,41.1,9.3,12.94,192.0,34.2,Normal
VH-00607,98.6,29.3,7.9,12.59,69.0,37.3,Normal
VH-01561,96.1,38.5,11.9,12.1,41.0,22.4,Warning
VH-05338,97.5,45.1,10.3,13.19,20.0,30.5,Normal
VH-03228,99.9,43.7,9.2,12.25,178.0,36.8,Normal
VH-04384,100.8,,9.8,11.8,172.0,33.2,Warning
VH-05464,87.2,39.7,3.6,13.03,107.0,28.7,Warning
VH-00378,107.8,40.2,11.3,12.97,41.0,30.8,Normal
VH-04655,94.3,38.2,3.5,11.83,49.0,37.0,Critical
VH-02311,97.2,34.8,3.0,13.09,23.0,31.1,Warning
VH-06488,88.9,35.6,11.5,11.88,168.0,31.2,Warning
VH-02844,89.7,34.2,4.4,12.92,161.0,38.3,Normal
VH-03870,95.1,43.7,10.5,12.29,191.0,32.2,Normal
VH-04414,93.7,31.0,11.7,12.64,161.0,28.6,Normal
VH-06094,98.7,43.7,7.9,12.44,169.0,35.6,Normal
VH-06034,92.6,44.3,10.9,12.58,167.0,33.3,Normal
VH-03030,94.2,32.6,11.5,,193.0,34.7,Normal
VH-06927,93.2,37.5,7.0,12.44,134.0,32.1,Normal
VH-03369,96.0,30.5,7.7,12.52,8.0,34.4,Normal
VH-01450,92.4,43.7,7.3,12.52,30.0,30.6,Normal
VH-05671,98.1,44.3,9.5,12.8,188.0,36.4,Normal
VH-07798,106.5,44.2,4.3,12.18,24.0,39.6,Normal
VH-01417,103.0,38.3,10.6,12.08,12.0,29.7,Normal
VH-02794,103.8,54.9,9.8,,173.0,29.6,Normal
VH-07186,90.0,50.6,7.0,12.09,105.0,26.6,Warning
VH-07670,96.7,39.7,4.2,12.18,58.0,,Normal
VH-03732,117.8,35.3,11.5,12.3,148.0,32.7,Warning
VH-02836,99.4,35.9,3.0,13.1,78.0,32.3,Warning
VH-07356,96.2,53.4,8.9,11.93,52.0,33.0,Warning
VH-07563,92.2,41.9,6.1,12.72,91.0,37.1, normal 
VH-04983,110.2,38.5,11.9,12.71,8.0,,Warning
VH-00078,100.0,44.9,9.8,13.16,125.0,28.0,Normal
VH-07517,93.6,33.3,11.9,12.13,96.0,,Normal
VH-02392,81.7,44.4,3.6,12.67,36.0,31.7,Warning
VH-02562,105.6,34.3,9.8,12.91,93.0,,Normal
VH-06078,111.4,23.2,4.8,12.65,183.0,33.0,Critical
VH-03299,96.2,49.1,9.0,12.45,26.0,29.0,Normal
VH-00186,96.5,54.1,2.4,12.32,127.0,34.9,Critical
VH-00115,90.8,36.3,7.5,12.23,184.0,35.9,Normal
VH-06886,94.0,35.1,4.4,13.01,89.0,30.9,Normal
VH-03019,78.6,49.4,6.4,12.36,168.0,27.1,Warning
VH-04401,91.3,45.4,2.8,12.42,43.0,36.1,Warning
VH-01444,93.8,50.5,6.6,12.62,143.0,29.9,Normal
VH-02378,95.3,47.3,6.3,12.59,156.0,33.5,Normal
VH-05677,98.1,34.3,6.1,11.54,116.0,28.3,Warning
VH-00334,95.3,50.2,3.9,12.59,85.0,35.8,Warning
VH-00635,92.7,41.8,7.8,13.08,84.0,33.7,Normal
VH-04087,81.3,36.9,6.1,13.78,156.0,33.2,Normal
VH-06336,98.0,42.3,9.5,11.83,173.0,36.3,Warning
VH-00651,93.6,51.8,9.0,12.5,97.0,32.8,Normal
VH-03831,112.1,22.4,10.8,11.08,75.0,30.6,Critical
VH-04482,98.4,46.2,6.0,11.68,198.0,36.8,Warning
VH-04581,101.4,49.2,11.9,13.31,145.0,32.6,Normal
VH-05709,88.6,48.1,11.3,12.14,76.0,35.5,Normal
VH-01545,93.1,903.7686385352961,5.9,12.77,115.0,32.7,Normal
VH-00325,100.8,44.4,8.3,13.36,36.0,34.8,Normal
VH-02652,105.3,37.0,10.4,13.05,148.0,31.6,Normal
VH-01372,98.2,37.9,5.3,12.93,176.0,26.5,Warning
VH-02261,88.7,44.5,10.8,13.48,9.0,30.0,Normal
VH-06367,87.0,44.4,9.5,12.72,32.0,30.7,Normal
VH-01180,84.4,26.7,10.0,13.49,186.0,37.4,Normal
VH-04856,83.3,660.4250983409759,9.9,11.9,100.0,33.9,Warning
VH-01189,93.9,47.0,6.0,13.08,157.0,34.7,Normal
VH-07776,115.4,33.2,7.3,11.68,38.0,31.5,Warning
VH-07897,101.4,33.9,7.5,12.68,182.0,37.0,Normal
VH-05574,104.0,36.3,4.3,13.0,149.0,34.1,Normal
VH-07702,75.6,37.3,11.2,12.64,138.0,32.5,Normal
VH-05638,97.9,31.7,5.6,13.34,35.0,30.1,Normal
VH-03835,97.3,39.1,5.0,12.84,167.0,35.1,Normal
VH-07063,93.0,50.2,6.6,13.24,140.0,35.0,Normal
VH-05117,93.4,23.2,11.6,11.86,22.0,27.2,Warning
VH-03619,92.9,40.5,5.6,12.27,11.0,32.3,Normal
VH-04686,84.7,45.9,7.0,12.7,61.0,30.4,Normal
VH-00800,88.2,46.1,5.0,11.68,18.0,31.9,Warning
VH-02701,86.1,32.3,3.8,13.09,18.0,29.9,Warning
VH-03273,92.0,35.5,11.4,13.37,122.0,35.0,Normal
VH-05590,95.5,40.3,9.9,12.14,31.0,32.9,Normal
VH-05950,76.8,49.5,10.4,11.46,175.0,34.5,Warning
VH-00117,95.2,31.1,4.8,13.29,145.0,32.9,Normal
VH-03033,97.9,60.9,10.0,11.33,98.0,29.4,Warning
VH-01587,102.5,39.5,11.8,11.62,142.0,28.5,Warning
VH-02015,96.3,34.3,3.0,12.22,61.0,35.1,Warning
VH-02130,95.8,44.2,3.3,13.15,123.0,32.5,Warning
VH-07001,87.9,604.8499756153501,4.7,12.47,164.0,35.0,Normal
VH-03615,101.9,40.8,9.9,12.9,193.0,34.2,Normal
VH-01309,92.2,29.6,4.0,12.68,49.0,32.4,Normal
VH-05896,99.6,39.5,10.7,12.81,89.0,39.0,Normal
VH-07073,95.4,41.2,6.6,,76.0,33.1,Normal
VH-06582,96.3,42.2,8.3,12.36,14.0,33.0,Normal
VH-05692,92.8,26.5,6.6,,68.0,33.0,Normal
VH-03963,91.4,37.2,3.8,12.74,109.0,34.5,Warning
VH-03225,90.3,42.5,4.4,12.21,29.0,32.8,Normal
VH-00453,111.6,44.0,4.5,12.19,140.0,31.6,Warning
VH-06671,99.1,32.1,4.0,12.27,188.0,38.2,Warning
VH-03841,94.3,48.6,4.5,12.77,45.0,32.5,Normal
VH-04944,93.7,,7.0,12.55,149.0,31.5,Normal
VH-02463,85.5,43.7,7.6,12.38,25.0,,Warning
VH-07979,98.9,39.2,5.8,13.24,200.0,30.2,Normal
VH-05105,88.5,53.0,9.3,13.14,11.0,29.4,Normal
VH-04332,107.2,41.5,8.5,12.6,195.0,33.8,Normal
VH-03783,105.8,41.8,8.7,12.34,86.0,26.5,Warning
VH-02244,98.9,49.3,10.1,12.72,147.0,34.7,Normal
VH-02424,95.8,31.1,3.0,12.45,115.0,32.4,Warning
VH-03556,93.3,49.2,11.0,12.69,87.0,29.2,Normal
VH-07027,96.6,31.3,3.0,12.84,35.0,31.3,Warning
VH-05697,91.8,39.6,8.5,11.92,56.0,34.7,Warning
VH-04068,94.2,35.4,7.7,12.24,59.0,30.4,Normal
VH-07366,91.5,34.7,10.0,13.11,77.0,32.9,Normal
VH-05730,77.7,40.7,2.9,12.44,54.0,29.6,Warning
VH-02028,96.6,34.3,2.3,11.47,66.0,,Critical
VH-06494,95.9,52.7,2.6,12.22,22.0,29.8,Warning
VH-01985,92.7,47.3,11.3,12.72,196.0,34.6,Normal
VH-02698,98.1,46.0,7.5,13.51,187.0,27.8,Warning
VH-04991,94.5,,5.7,12.14,105.0,34.1,Normal
VH-02889,92.3,51.1,9.5,13.35,194.0,35.8, normal 
VH-02711,100.7,35.8,2.6,,63.0,30.6,Warning
VH-03202,92.6,,10.5,11.18,77.0,31.5,Critical
VH-01227,90.4,33.5,2.7,12.39,49.0,35.4,Warning
VH-01995,98.1,53.0,10.0,13.05,73.0,34.5,Normal
VH-04319,119.2,49.6,6.7,12.68,156.0,32.5,Critical
VH-06358,104.2,46.1,8.8,12.27,143.0,29.1,Normal
VH-02374,92.2,57.5,10.8,12.47,74.0,31.6,Normal
VH-01293,78.0,26.9,4.6,12.19,18.0,39.2,Normal
VH-03181,83.0,33.0,10.7,13.14,12.0,32.3,Normal
VH-03397,92.9,36.1,3.3,12.58,6.0,34.3,Warning
VH-02644,106.6,42.3,3.0,12.75,66.0,28.5,Warning
VH-06334,82.0,23.6,11.4,12.22,8.0,35.2,Warning
VH-04191,101.6,43.4,9.0,12.83,140.0,31.2,Normal
VH-07749,85.6,36.1,10.3,12.0,25.0,29.9,Normal
VH-07376,86.5,36.9,11.2,12.25,156.0,35.7,Normal
VH-02297,89.0,30.9,4.8,12.94,176.0,30.7,Normal
VH-07199,101.7,34.2,2.3,12.5,191.0,40.6,Critical
VH-05178,81.1,37.5,6.0,12.13,162.0,34.6,Normal
VH-00324,109.6,35.5,4.8,,28.0,31.5,Warning
VH-06952,102.6,37.1,10.9,12.79,80.0,39.0,Normal
VH-06761,91.9,28.2,9.8,13.06,125.0,,Normal
VH-04091,95.5,40.6,10.0,12.51,112.0,,Normal
VH-04266,88.6,37.7,8.8,13.45,59.0,29.2,Normal
VH-01422,98.1,38.2,7.8,12.31,83.0,31.8,Normal
VH-03058,89.6,28.4,2.5,13.16,61.0,34.3,Warning
VH-05640,91.7,34.5,6.3,13.08,174.0,32.3, normal 
VH-03815,89.1,39.5,4.4,13.12,171.0,37.4,Normal
VH-01871,90.5,41.8,6.5,12.32,105.0,25.4,Warning
VH-02873,79.8,46.7,11.5,12.75,82.0,32.7,Normal
VH-00109,81.2,33.4,3.3,11.99,139.0,30.0,Warning
VH-04987,97.2,41.4,9.3,12.7,77.0,31.2,Normal
VH-03381,97.6,44.0,2.1,11.95,140.0,30.0,Warning
VH-06435,96.6,39.6,6.7,12.31,15.0,32.4,Normal
VH-05674,92.4,57.1,10.8,11.87,114.0,32.0,WARNING
VH-04340,78.7,34.1,10.2,12.73,141.0,29.3,Normal
VH-02358,104.7,48.2,10.5,12.8,161.0,28.9,Normal
VH-02331,82.6,44.3,3.0,12.94,149.0,,Warning
VH-05353,88.4,26.3,7.2,12.72,99.0,36.5,Normal
VH-07360,90.5,,6.6,12.65,146.0,31.7,Normal
VH-07555,96.3,42.2,2.3,12.56,16.0,33.0,Critical
VH-05358,91.6,41.5,7.0,12.62,94.0,32.6,Normal
VH-07950,83.6,39.3,11.8,11.78,139.0,30.1,WARNING
VH-05527,96.7,53.7,4.5,12.44,112.0,30.9, normal 
VH-01425,87.7,56.1,6.5,12.29,181.0,32.4,Normal
VH-07625,95.0,41.9,4.6,12.39,75.0,36.3,Normal
VH-05793,104.0,45.8,4.8,12.56,117.0,29.3,Normal
VH-04809,94.5,32.2,9.9,13.31,27.0,31.5,Normal
VH-07220,100.2,26.9,10.5,13.1,98.0,31.9,Normal
VH-06152,85.6,33.3,9.3,11.91,151.0,26.7,Warning
VH-03283,105.4,,8.1,12.54,152.0,33.6,Normal
VH-01789,103.1,44.6,7.1,12.68,113.0,29.2,Normal
VH-01096,107.6,37.9,9.5,12.1,171.0,36.0,Normal
VH-06923,103.4,49.5,5.1,12.91,166.0,33.4,Normal
VH-06567,86.9,44.7,7.2,13.35,71.0,30.4,Normal
VH-06387,83.0,33.3,3.9,12.38,113.0,37.4,Warning
VH-06344,87.1,36.4,2.0,12.53,155.0,33.2,Critical
VH-05577,91.2,42.8,6.3,12.6,194.0,34.4,Normal
VH-02198,93.3,39.6,5.1,13.16,95.0,21.6,Warning
VH-05557,98.9,47.2,3.9,12.9,27.0,31.5,Warning
VH-07499,80.7,45.5,6.7,12.63,107.0,28.8,Normal
VH-02750,98.1,37.3,9.9,12.38,174.0,30.1,Normal
VH-00603,90.0,39.5,11.5,12.71,47.0,37.6,Normal
VH-04373,109.2,35.0,10.3,13.96,93.0,30.6,Warning
VH-07296,93.2,32.3,7.9,12.83,24.0,30.8,Normal
VH-04058,99.7,36.3,6.7,12.79,62.0,34.0,Normal
VH-03115,101.0,42.1,4.0,12.72,41.0,32.9,Normal
VH-06554,89.7,57.8,7.8,12.3,161.0,30.9,Normal
VH-06195,93.9,46.6,5.6,12.77,153.0,38.9,Normal
VH-06372,91.4,42.6,8.6,11.93,29.0,28.8,Warning
VH-03303,102.8,18.9,8.7,11.75,180.0,31.9,Warning
VH-02094,95.8,46.2,4.2,11.48,149.0,33.7,Warning
VH-04361,97.7,41.9,8.1,13.18,126.0,34.4,Normal
VH-02586,95.7,33.3,9.1,13.34,69.0,33.1,Normal
VH-00680,101.5,41.2,4.8,13.2,16.0,28.7,Normal
VH-06389,98.4,38.9,11.7,12.26,24.0,35.5,Normal
VH-07659,96.8,38.3,6.6,11.43,51.0,29.1,Warning
VH-00698,87.7,49.6,11.2,13.82,185.0,32.5,Normal
VH-01535,87.3,52.9,8.3,13.02,18.0,34.1,Normal
VH-01082,98.5,37.7,8.6,12.44,29.0,31.1,Normal
VH-05361,96.1,26.4,8.6,12.38,199.0,32.7,Normal
VH-05321,82.8,55.4,9.7,12.96,192.0,26.7,Warning
VH-07737,91.5,38.5,10.9,12.83,121.0,24.8,Warning
VH-03151,87.7,48.6,3.7,13.2,115.0,38.6,Warning
VH-06685,81.2,42.6,7.0,12.91,63.0,30.4,Normal
VH-01690,90.7,44.6,8.9,13.8,34.0,34.7,Normal
VH-01328,94.0,25.1,2.4,13.26,13.0,39.1,Critical
VH-06235,93.1,44.3,6.4,13.27,163.0,34.8,Normal
VH-00689,91.6,44.7,6.2,13.44,194.0,30.5, normal 
VH-02450,90.7,39.8,3.2,12.47,60.0,37.6,Warning
VH-04178,78.2,50.6,2.8,,173.0,30.4,Warning
VH-04610,95.8,40.8,9.9,12.77,182.0,23.5,Warning
VH-07400,96.5,51.0,2.0,12.62,93.0,34.8,Critical
VH-07133,91.6,31.1,10.7,12.91,158.0,32.2, normal 
VH-03090,104.9,36.7,10.6,12.48,6.0,34.0,Normal
VH-04314,94.8,33.4,3.1,13.8,30.0,31.7,Warning
VH-00731,95.5,39.8,4.9,12.88,9.0,31.9,Normal
VH-03368,97.4,36.0,7.6,12.38,157.0,33.1,Normal
VH-06139,106.6,34.8,9.5,13.11,36.0,32.6,Normal
VH-02741,100.2,38.5,4.5,12.89,139.0,32.7,Normal
VH-07049,103.0,38.9,11.8,12.62,105.0,30.4,Normal
VH-01605,105.9,45.8,10.6,13.71,183.0,37.4,Normal
VH-07140,84.0,31.2,9.6,12.39,157.0,38.2,Normal
VH-05711,70.0,34.3,3.7,12.02,85.0,34.0,WARNING
VH-02492,101.1,30.7,9.1,12.38,121.0,32.0,Normal
VH-02970,103.2,34.5,4.3,11.92,6.0,32.9,WARNING
VH-04147,111.0,21.8,2.5,12.49,94.0,35.3,Critical
VH-01104,86.2,33.4,9.8,12.72,16.0,31.0,Normal
VH-07624,88.3,29.3,4.3,12.07,99.0,32.2,Normal
VH-06007,83.6,46.1,6.4,12.27,194.0,31.3,Normal
VH-00161,89.2,52.7,10.4,11.29,33.0,31.9,Critical
VH-00196,100.1,41.3,7.1,13.12,85.0,31.3,Normal
VH-06426,102.7,28.7,6.9,13.32,162.0,31.4,Normal
VH-02948,100.8,24.5,7.2,11.99,151.0,35.6,Warning
VH-01700,86.0,35.8,6.0,12.92,67.0,30.1,Normal
VH-02916,107.6,39.0,8.8,12.31,46.0,31.9,Normal
VH-06298,102.8,38.9,8.8,12.35,83.0,30.1,Normal
VH-04529,106.5,48.5,7.8,12.72,169.0,35.6,Normal
VH-04084,103.2,36.3,8.5,13.2,34.0,25.9,Warning
VH-00410,83.1,46.3,9.2,12.24,199.0,34.9,Normal
VH-01537,81.5,45.1,6.1,12.8,153.0,32.4,Normal
VH-04637,86.6,38.2,11.9,13.24,65.0,35.9,Normal
VH-01731,94.8,40.7,7.0,13.15,182.0,29.3,Normal
VH-00676,114.1,17.2,3.7,13.29,77.0,31.4,Critical
VH-07419,84.9,49.4,2.1,11.71,196.0,31.0,Critical
VH-05571,92.3,35.9,7.7,12.35,170.0,35.8,Normal
VH-01386,105.0,42.1,5.2,12.36,19.0,30.7,Normal
VH-04929,103.5,44.9,8.5,12.21,88.0,36.4,Normal
VH-03335,92.7,26.9,2.2,12.96,134.0,29.6,Critical
VH-05710,101.9,29.3,8.2,12.91,74.0,31.8, normal 
VH-04105,101.2,44.4,4.1,12.77,155.0,30.5,Normal
VH-04786,84.4,51.8,10.2,11.69,28.0,,Warning
VH-05698,90.1,42.3,11.4,12.28,171.0,28.0,Critical
VH-03221,95.7,49.8,5.2,12.81,122.0,30.8,Normal
VH-07884,85.8,,8.9,12.08,62.0,39.1,Normal
VH-07846,99.6,29.7,4.5,10.5,32.0,30.7,Critical
VH-01283,101.4,25.8,10.5,13.05,53.0,30.5,Normal
VH-06348,100.1,45.9,6.8,12.51,189.0,34.8,Normal
VH-01921,103.2,55.9,2.4,12.14,112.0,30.3,Critical
VH-02768,101.6,45.4,9.8,12.61,93.0,31.5,Normal
VH-07306,97.6,32.3,5.7,12.76,56.0,39.2,Normal
VH-04168,94.2,33.7,10.3,12.81,190.0,36.3,Normal
VH-06738,90.2,38.2,9.5,12.68,151.0,33.1,Normal
VH-07833,99.4,34.1,5.1,,35.0,,Critical
VH-05257,85.1,32.9,9.9,13.19,60.0,36.7,Normal
VH-01528,77.9,41.6,11.3,13.57,72.0,33.4,Normal
VH-07399,95.1,24.1,7.6,12.67,66.0,31.3,Warning
VH-06253,90.4,31.0,9.6,12.68,150.0,34.7,Normal
VH-01483,97.6,41.0,2.7,13.03,80.0,28.2,Warning
VH-05448,105.4,42.0,11.9,13.25,114.0,29.1,Normal
VH-05731,95.3,28.0,6.7,12.09,155.0,31.6,Normal
VH-06449,106.7,39.0,8.7,13.63,106.0,35.0,Normal
VH-01759,95.6,44.1,2.5,13.08,178.0,38.4,Warning
VH-00342,95.6,30.2,11.4,12.56,184.0,29.2,Normal
VH-03203,103.8,30.8,6.6,12.97,168.0,32.7,Normal
VH-02461,84.5,35.9,9.9,13.13,19.0,32.1,Normal
VH-02481,88.0,42.4,2.8,13.77,27.0,32.8,Normal
VH-07373,88.0,36.2,6.0,12.72,185.0,32.3,Normal
VH-00127,85.5,50.6,10.5,12.12,103.0,32.3,Normal
VH-06046,102.0,37.9,6.1,12.98,8.0,35.7,Normal
VH-00609,99.3,32.4,3.9,12.15,40.0,35.1,Warning
VH-01453,91.8,50.0,11.2,12.3,51.0,34.0,Normal
VH-03066,97.1,35.9,5.0,13.37,51.0,,Warning
VH-04367,93.6,37.5,3.1,12.28,91.0,32.3,Warning
VH-03174,101.2,28.1,3.7,,184.0,35.5,Warning
VH-02748,93.7,28.0,11.4,12.62,58.0,41.6,Warning
VH-01038,101.4,32.1,3.7,12.48,107.0,35.9,Warning
VH-06415,86.9,49.0,4.9,12.48,103.0,32.4,Normal
VH-05276,96.0,35.8,6.8,13.61,144.0,31.5,Normal
VH-02553,78.3,46.3,8.8,12.64,118.0,28.2,Normal
VH-06382,100.8,34.1,5.7,12.76,24.0,34.2,Normal
VH-01771,95.6,49.5,4.8,12.68,64.0,28.0,Normal
VH-06385,111.6,39.3,3.7,12.38,26.0,33.5,Warning
VH-01269,99.7,39.7,3.4,12.06,95.0,33.2,Warning
VH-04072,93.7,35.3,9.1,12.7,122.0,33.4,Normal
VH-00404,99.2,41.4,6.4,12.47,165.0,34.4,Normal
VH-02820,82.7,41.9,7.0,13.34,200.0,31.7,Normal
VH-04821,89.6,39.1,8.3,12.86,79.0,37.6, normal 
VH-01883,95.8,38.2,5.2,13.05,66.0,29.2,Normal
VH-06333,80.7,44.8,4.4,12.74,28.0,35.2,Normal
VH-04348,98.3,36.5,11.9,12.52,127.0,,Normal
VH-06674,110.9,39.4,4.6,12.18,134.0,29.0,Warning
VH-01723,110.4,46.5,4.8,12.64,198.0,32.6,Warning
VH-05759,70.0,44.9,5.0,11.16,29.0,36.3,Critical
VH-06681,82.9,48.7,3.6,12.15,189.0,32.5,Warning
VH-05637,104.2,48.4,9.8,12.01,168.0,33.7,Normal
VH-00132,100.1,29.6,7.1,13.66,187.0,28.7,Normal
VH-00371,105.6,36.2,11.3,11.61,115.0,35.1,Warning
VH-06717,97.0,20.3,5.3,12.24,74.0,32.2,Warning
VH-05374,95.6,49.9,5.2,12.21,38.0,33.8,Normal
VH-00328,85.6,33.8,8.6,14.05,154.0,32.6,Normal
VH-07623,97.6,32.2,10.1,12.08,84.0,33.3,Normal
VH-04777,84.6,40.0,6.3,11.58,32.0,32.0,Warning
VH-06145,91.4,37.3,9.7,13.58,167.0,40.2,Warning
VH-04657,95.6,32.2,7.3,11.83,175.0,32.5,Warning
VH-07453,82.6,39.7,4.8,12.15,26.0,34.4,Normal
VH-03159,89.4,47.5,7.8,12.51,9.0,34.8,Normal
VH-00167,98.1,30.9,9.5,12.4,181.0,40.6,Warning
VH-04877,99.6,50.2,5.3,12.44,44.0,32.0,Normal
VH-01958,92.7,33.7,9.8,12.62,97.0,31.1,Normal
VH-02268,80.2,35.1,3.0,12.02,139.0,30.7,Warning
VH-06602,100.1,48.2,5.9,12.51,149.0,36.5,Normal
VH-04409,81.4,38.5,11.3,,32.0,35.1,Normal
VH-03165,97.7,38.0,10.0,13.02,23.0,33.6,Normal
VH-00361,98.1,37.6,8.0,12.96,120.0,34.4,Normal
VH-02953,74.9,49.1,9.8,11.8,43.0,27.8,Warning
VH-02713,85.9,42.7,8.6,13.0,38.0,35.6,Normal
VH-07602,101.8,46.7,3.4,12.33,144.0,33.6,Warning
VH-00722,76.8,43.1,10.2,12.85,152.0,28.9,Normal
VH-03748,89.2,41.5,2.1,12.01,98.0,29.9,Critical
VH-04698,103.6,24.9,11.8,11.91,8.0,31.8,Warning
VH-03021,107.0,40.2,4.6,12.41,176.0,33.1,Normal
VH-05607,95.8,47.6,6.9,14.25,133.0,32.1,Normal
VH-07305,91.5,43.1,8.5,12.67,161.0,33.5,Normal
VH-05899,98.6,42.4,4.0,12.34,63.0,32.5,Warning
VH-01621,95.4,41.7,2.7,13.04,98.0,28.8,Warning
VH-07810,98.8,37.5,2.7,12.2,45.0,34.8,Warning
VH-05098,87.4,35.4,7.7,12.68,171.0,33.6,Normal
VH-03813,93.0,62.6,11.7,12.69,185.0,38.3,Normal
VH-02006,94.2,51.7,6.4,14.03,13.0,34.0,Normal
VH-03663,97.5,56.5,11.0,,47.0,28.8,Normal
VH-00315,92.6,43.6,8.4,12.29,133.0,33.3,Normal
VH-07374,93.4,52.8,4.7,12.47,130.0,39.2,Normal
VH-00214,92.4,29.7,4.8,12.43,20.0,35.0,Normal
VH-02136,97.0,32.0,2.3,13.48,31.0,27.9,Critical
VH-07835,85.5,46.7,2.9,13.26,36.0,32.7,Warning
VH-02173,85.3,33.8,8.3,,68.0,,Normal
VH-00658,104.7,45.1,4.8,12.82,19.0,37.7,Normal
VH-05719,98.8,,2.4,12.81,92.0,37.9,Critical
VH-02756,100.1,45.5,3.6,12.67,143.0,32.2,Warning
VH-06967,85.1,33.7,5.0,12.08,41.0,36.2,Normal
VH-04159,98.6,46.2,7.1,13.31,186.0,35.6,Normal
VH-06610,75.0,37.8,3.2,13.28,129.0,31.4,Warning
VH-05318,79.5,29.6,10.1,13.04,154.0,35.1,Normal
VH-06053,110.9,,4.9,13.45,54.0,33.7,Warning
VH-03416,95.9,24.3,6.8,12.6,93.0,33.7,Warning
VH-00336,89.6,49.3,10.2,12.95,32.0,29.9,Normal
VH-03844,95.7,47.6,12.0,11.77,82.0,32.1,Warning
VH-07420,96.7,55.8,5.6,12.98,92.0,34.4,Normal
VH-06546,94.8,46.3,2.4,12.87,57.0,28.0,Critical
VH-02109,96.7,44.8,9.1,11.98,23.0,35.0,Warning
VH-00746,109.4,51.3,3.8,,139.0,37.4,Warning
VH-04866,87.8,55.2,5.4,12.59,144.0,37.9,Normal
VH-03938,95.5,41.6,4.2,12.45,133.0,30.2,Normal
VH-03525,107.5,48.7,2.4,13.04,45.0,35.1,Critical
VH-04942,92.9,39.3,10.8,12.05,109.0,32.7,Normal
VH-06016,103.2,46.7,6.7,12.97,128.0,29.1,Normal
VH-03802,93.2,34.8,9.1,12.14,97.0,35.9,Normal
VH-05474,97.2,50.2,9.5,12.98,6.0,34.9,Normal
VH-06096,102.9,26.1,9.7,13.27,54.0,28.5,Normal
VH-01981,90.5,49.8,2.2,12.27,119.0,32.6,Critical
VH-04838,104.6,35.5,4.2,12.27,93.0,31.3,Normal
VH-03075,88.1,15.3,8.8,12.73,32.0,30.2,Critical
VH-03102,101.2,35.0,7.0,12.86,12.0,26.3,Warning
VH-07609,94.9,50.4,3.9,12.56,104.0,35.4,Warning
VH-06842,100.9,27.2,2.3,13.18,29.0,38.7,Critical
VH-07014,96.2,52.5,5.9,12.81,112.0,34.1,Normal
VH-00289,94.2,43.8,5.6,12.78,101.0,29.7,Critical
VH-05309,100.7,46.5,7.3,13.01,184.0,36.1,Normal
VH-01801,98.5,29.3,5.0,12.16,141.0,34.2,Normal
VH-04611,110.9,34.3,9.4,12.58,94.0,,Warning
VH-00920,92.5,44.5,11.1,13.24,163.0,29.5,Normal
VH-03448,90.7,24.0,12.0,12.63,22.0,26.8,Warning
VH-01919,83.3,54.7,8.0,12.44,192.0,32.5,Normal
VH-07742,78.6,45.2,6.3,13.28,122.0,31.7, normal 
VH-04875,91.4,32.3,11.4,12.4,66.0,32.7,Normal
VH-01715,96.0,46.7,8.0,12.93,36.0,36.0, normal 
VH-06780,104.2,26.8,7.1,13.19,197.0,26.7,Warning
VH-00513,94.3,35.1,6.4,12.85,69.0,30.7,Normal
VH-00845,97.9,48.8,5.1,12.44,14.0,33.2,Normal
VH-02301,87.9,50.1,6.9,12.17,24.0,35.4,Normal
VH-03340,92.2,33.0,11.6,11.9,50.0,32.3,Warning
VH-01342,98.5,38.3,11.9,12.58,67.0,35.2,Normal
VH-07831,112.0,41.7,8.7,12.72,121.0,37.2,Warning
VH-02050,101.1,39.2,7.6,12.69,49.0,33.9,Normal
VH-05999,83.9,40.8,7.5,12.76,103.0,38.3,Normal
VH-03061,96.6,39.5,7.7,12.48,47.0,29.9,Normal
VH-06366,108.7,37.7,6.1,12.67,116.0,27.4,Warning
VH-00073,99.0,41.6,8.9,12.2,87.0,33.0,Normal
VH-01489,96.4,30.7,7.4,12.88,63.0,35.7,Normal
VH-06400,103.7,51.7,6.7,12.5,65.0,,Normal
VH-00213,91.1,32.0,11.6,12.83,79.0,36.9,Normal
VH-06381,87.8,30.9,7.1,12.59,112.0,28.0,Normal
VH-00825,95.2,30.9,2.8,13.49,68.0,32.1,Warning
VH-05060,86.6,33.1,7.0,12.29,70.0,27.5,Warning
VH-01812,97.2,26.4,5.6,12.92,54.0,28.2,Normal
VH-00492,92.7,43.7,4.6,13.39,115.0,29.5,Normal
VH-07489,93.7,35.6,3.3,13.31,81.0,30.1,Warning
VH-02790,106.8,610.6955798998994,6.9,11.83,26.0,33.9,Warning
VH-06155,111.8,55.7,10.7,12.94,182.0,29.3,Critical
VH-05790,104.0,26.7,3.9,12.89,81.0,37.3,Warning
VH-03170,103.5,48.7,6.7,11.84,51.0,27.6,Warning
VH-00649,91.9,37.8,3.4,13.04,121.0,28.8,Warning
VH-02905,95.3,33.4,6.0,12.52,62.0,37.0,Normal
VH-03197,93.3,35.2,2.4,12.35,108.0,35.5,Critical
VH-05106,102.1,41.5,7.2,12.61,73.0,36.3,Normal
VH-04626,90.7,44.4,4.9,12.81,74.0,35.4,Normal
VH-06921,83.6,38.1,10.5,12.96,76.0,32.2,Normal
VH-00255,101.2,41.2,10.4,13.02,92.0,34.6,Normal
VH-01684,89.9,34.0,6.9,13.17,103.0,33.1,Normal
VH-00605,99.3,31.2,4.0,12.3,20.0,,Normal
VH-07753,94.9,52.2,5.2,12.63,146.0,40.9,Warning
VH-04490,109.1,57.1,2.3,12.22,175.0,30.3,Critical
VH-00868,90.3,35.8,5.2,,124.0,29.7, normal 
VH-07440,88.1,28.8,2.4,12.39,141.0,30.1,Critical
VH-00432,94.0,34.4,7.5,12.32,56.0,27.9,Warning
VH-07693,100.9,55.9,5.3,12.48,11.0,32.0,Normal
VH-03087,87.8,34.2,9.9,12.24,41.0,32.4,Normal
VH-00773,105.8,28.0,3.2,13.02,102.0,32.9,Warning
VH-03632,89.8,28.5,5.3,12.18,182.0,32.3,Normal
VH-00953,85.7,46.9,8.6,13.56,100.0,37.2,Normal
VH-06214,101.1,27.7,11.2,13.28,42.0,32.3,Normal
VH-03865,86.3,38.4,4.0,12.68,80.0,34.0,Warning
VH-06686,101.6,36.3,4.1,13.41,7.0,30.7,Normal
VH-00742,86.8,27.8,11.2,,140.0,32.6,Normal
VH-02057,80.5,30.0,3.4,12.28,77.0,30.8,Warning
VH-02667,92.8,36.4,6.5,13.22,182.0,30.2,Normal
VH-00116,96.9,44.3,3.2,12.11,162.0,30.5,Warning
VH-03576,97.7,44.5,4.2,11.89,79.0,30.2,Warning
VH-02908,85.4,38.7,11.1,13.57,51.0,33.7,Normal
VH-07120,99.9,38.9,2.7,11.89,135.0,31.6,Warning
VH-05016,87.5,40.3,6.7,12.51,140.0,32.2,Normal
VH-07471,98.0,43.2,11.8,12.74,42.0,32.3,Normal
VH-06515,83.4,48.4,5.0,14.16,156.0,27.6,Warning
VH-03854,95.7,34.5,7.4,13.65,102.0,36.4,Normal
VH-05771,99.7,41.4,4.9,13.45,167.0,34.6,Normal
VH-03199,91.7,40.8,5.0,11.41,150.0,36.4,Warning
VH-04207,102.1,38.6,8.4,12.79,10.0,32.1,Normal
VH-07010,83.4,31.8,11.4,12.35,9.0,31.0,Normal
VH-01785,104.7,41.3,10.3,13.14,62.0,36.2,Normal
VH-07547,93.2,49.7,7.9,12.33,150.0,,Normal
VH-03609,94.7,45.3,2.4,12.28,111.0,36.6,critical
VH-00737,101.5,51.9,11.4,12.07,45.0,29.4,Normal
VH-06267,104.1,28.3,9.1,,138.0,34.1,Normal
VH-00080,98.7,34.1,11.5,12.73,178.0,26.8,Warning
VH-04979,89.3,31.3,10.1,12.41,127.0,34.5,Normal
VH-03009,100.9,42.5,9.7,12.11,103.0,32.3,Normal
VH-04244,96.8,38.2,3.1,11.97,151.0,29.4,Warning
VH-07561,90.1,29.2,7.5,13.16,151.0,31.1,Normal
VH-02017,89.7,47.2,10.0,12.45,180.0,,Normal
VH-07787,99.8,36.5,11.8,13.1,182.0,31.2,Normal
VH-04358,91.4,44.0,11.8,12.86,34.0,30.4,Normal
VH-06994,100.6,35.5,5.2,12.3,177.0,,Normal
VH-00173,85.2,39.2,3.6,13.08,136.0,32.4,Warning
VH-04124,101.0,37.8,11.6,11.98,177.0,34.9,Warning
VH-07290,109.2,38.5,5.8,12.28,34.0,35.6,Warning
VH-01166,114.7,33.0,8.4,12.49,172.0,31.9,Warning
VH-00909,86.4,25.0,7.2,12.5,10.0,30.5,Normal
VH-01719,84.3,,8.8,13.02,25.0,27.5,Warning
VH-03690,100.7,51.6,4.3,12.52,95.0,33.1,Normal
VH-05953,98.4,34.4,9.2,12.77,27.0,38.9,Normal
VH-03666,95.1,40.8,11.8,12.66,29.0,34.8,Normal
VH-02969,94.7,55.5,8.1,13.33,195.0,35.8,Normal
VH-01978,107.6,39.8,4.2,13.14,185.0,32.0,Normal
VH-02368,87.9,52.7,2.2,12.15,81.0,36.5,Critical
VH-02510,90.2,35.6,10.5,,30.0,29.1,Normal
VH-01974,84.3,38.8,7.2,12.61,175.0,31.5,Normal
VH-01945,80.6,39.2,10.1,13.25,174.0,31.1,Normal
VH-01420,93.3,33.4,6.3,12.75,133.0,28.3,Normal
VH-03421,94.1,33.2,9.0,,181.0,32.6,Normal
VH-01536,101.0,39.1,9.6,12.38,79.0,30.7,Normal
VH-03782,87.4,45.2,11.1,12.46,195.0,35.6,Normal
VH-02635,104.7,34.1,2.1,13.08,184.0,36.6,Critical
VH-03362,96.7,31.4,8.4,,199.0,36.5,Normal
VH-06041,94.5,28.2,6.3,12.21,190.0,32.6,Normal
VH-00184,98.4,39.0,2.8,12.32,11.0,29.2,Warning
VH-04067,94.4,35.6,9.8,11.98,141.0,35.4,Warning
VH-02708,97.4,44.4,6.1,12.37,66.0,32.9,Normal
VH-03521,95.3,36.7,4.2,13.48,83.0,32.2,Normal
VH-06707,92.3,,3.5,12.62,161.0,28.8,Warning
VH-03455,88.2,38.1,9.2,12.9,85.0,33.3,Normal
VH-06598,86.9,43.1,4.7,12.77,149.0,30.7,Normal
VH-01071,86.1,18.8,8.3,,27.0,30.7,Warning
VH-02638,100.3,46.8,9.6,12.3,30.0,33.2,Normal
VH-02316,92.7,50.0,10.0,12.03,9.0,32.8,Normal
VH-02600,90.6,48.7,10.1,12.77,140.0,,Normal
VH-07829,91.5,43.7,10.0,12.75,74.0,29.5,Normal
VH-03644,92.8,31.6,5.6,11.77,142.0,34.7,Warning
VH-00932,104.3,32.1,7.5,11.68,197.0,35.6,Warning
VH-01649,89.4,44.4,7.7,11.95,123.0,26.3,Warning
VH-00355,96.9,20.9,8.5,11.61,17.0,33.9,WARNING
VH-00067,91.3,31.3,4.5,12.68,80.0,30.4,Normal
VH-06213,96.7,44.2,4.1,12.45,48.0,34.3,Normal
VH-04344,90.5,24.6,6.4,13.35,59.0,31.0,Warning
VH-07666,93.9,44.6,11.2,12.18,83.0,31.0,Critical
VH-05233,111.4,44.6,6.2,12.56,176.0,32.9,Warning
VH-03977,93.0,46.0,8.6,11.96,194.0,36.1,Warning
VH-01817,102.5,39.9,3.6,12.91,163.0,34.9,Warning
VH-03702,89.1,31.2,2.5,12.13,82.0,34.0,Warning
VH-02831,102.8,31.3,5.1,14.01,85.0,38.2,Critical
VH-01252,88.6,45.0,3.8,12.74,49.0,32.2,Warning
VH-05272,90.0,41.5,3.9,12.97,105.0,31.4,Warning
VH-05792,91.5,44.3,2.6,12.38,70.0,35.1,Warning
VH-04302,89.2,36.6,7.4,12.0,136.0,33.3,Normal
VH-01670,94.3,31.0,6.0,12.72,47.0,31.4, normal 
VH-01125,92.8,43.3,5.7,12.12,18.0,31.3,Normal
VH-06557,93.1,55.0,10.2,13.69,57.0,35.7,Normal
VH-00243,83.3,51.8,11.8,12.16,78.0,38.5,Normal
VH-02971,94.6,21.2,2.9,12.89,51.0,31.5,Warning
VH-02592,98.8,50.3,6.8,11.76,118.0,33.8,Warning
VH-04466,94.9,34.7,2.6,13.17,190.0,34.4,Warning
VH-01216,80.5,28.6,6.1,11.81,161.0,32.0,Warning
VH-06326,94.0,34.3,6.8,12.39,19.0,21.6,Warning
VH-02806,108.8,37.9,5.7,13.03,56.0,36.2,Warning
VH-05194,106.3,34.5,2.7,12.51,113.0,37.0,Warning
VH-02955,86.9,52.8,10.1,12.23,77.0,29.9,Normal
VH-04455,114.8,,3.6,12.35,17.0,37.0,Warning
VH-07339,86.7,31.3,10.0,13.31,179.0,36.2,Normal
VH-02805,95.9,29.9,9.4,12.15,93.0,38.8,Normal
VH-04715,108.1,33.1,6.9,13.24,71.0,31.2,Warning
VH-07522,98.4,35.0,11.9,12.92,96.0,35.6,Normal
VH-05919,92.6,35.6,8.4,11.75,151.0,29.5,Warning
VH-02736,87.4,41.2,9.0,12.58,17.0,30.7,Normal
VH-06450,101.4,41.1,8.9,12.73,28.0,32.1,Normal
VH-05363,92.4,41.4,11.0,12.73,16.0,35.4,Normal
VH-03894,100.0,33.2,10.0,13.48,149.0,26.5,Warning
VH-07519,83.0,34.9,9.4,12.34,29.0,34.8,Normal
VH-06972,85.7,35.0,10.3,12.97,110.0,32.6,Normal
VH-00060,81.5,36.7,6.8,12.94,66.0,25.9,Warning
VH-02128,98.4,49.9,2.9,12.77,92.0,32.9,Warning
VH-05220,102.4,28.0,3.9,12.57,148.0,33.5,Warning
VH-06617,94.7,50.8,4.2,11.72,83.0,34.6,Warning
VH-02162,105.4,39.6,10.4,12.31,190.0,33.2,Normal
VH-07361,91.7,38.0,8.6,12.28,38.0,31.1,Normal
VH-06351,88.5,39.4,11.2,12.07,137.0,27.7,Warning
VH-07726,93.3,26.8,10.2,12.85,182.0,36.6,Normal
VH-04309,76.0,41.1,7.5,13.09,15.0,31.9,Normal
VH-00876,94.9,42.1,9.4,12.44,173.0,34.3,Normal
VH-03091,89.7,37.0,5.2,13.32,184.0,35.7,Normal
VH-02958,96.5,40.8,2.4,12.92,83.0,31.5,Critical
VH-02152,88.2,,8.4,13.18,194.0,37.7,Normal
VH-05141,72.0,54.3,6.6,12.3,19.0,30.3,Warning
VH-06817,94.6,50.1,6.1,11.89,36.0,29.7,Warning
VH-00542,97.0,37.9,8.0,11.53,12.0,32.3,Warning
VH-06417,93.9,35.4,10.8,12.91,83.0,31.8,Normal
VH-05606,93.3,47.5,6.2,12.11,50.0,,Normal
VH-05641,80.1,41.5,6.2,12.25,63.0,33.7,Normal
VH-06285,84.8,37.5,7.8,12.64,182.0,39.4,Normal
VH-07508,89.0,32.7,4.0,13.63,88.0,36.8,Warning
VH-07132,93.5,48.8,6.4,13.07,55.0,35.1,Normal
VH-06680,99.6,31.5,6.0,12.81,94.0,34.3,Normal
VH-03217,104.7,54.2,3.5,13.25,84.0,36.0,Warning
VH-06520,103.5,57.2,11.1,13.34,23.0,36.7,Normal
VH-06517,87.9,32.5,7.3,13.29,48.0,28.0,Normal
VH-07018,88.5,51.5,7.2,12.04,163.0,34.3,Normal
VH-07968,88.4,31.5,10.4,12.22,143.0,32.4, normal 
VH-01177,96.2,49.5,6.7,12.58,171.0,31.6,Normal
VH-01490,90.1,45.8,2.0,12.36,116.0,30.5,Critical
VH-00945,92.2,54.0,8.3,12.89,89.0,32.2, normal 
VH-01077,117.5,35.8,11.6,12.49,128.0,31.3,Warning
VH-00368,96.6,42.3,9.6,13.17,40.0,33.4,Normal
VH-00562,95.4,36.4,3.4,11.96,175.0,34.4,Warning
VH-01449,90.3,32.9,9.9,12.77,177.0,40.0,Normal
VH-07108,99.7,45.6,7.6,13.38,153.0,27.9,Warning
VH-07463,88.6,43.5,6.7,12.54,169.0,35.0,Normal
VH-00699,93.4,29.1,9.2,12.86,28.0,32.3,Normal
VH-01298,85.7,32.6,2.2,12.61,133.0,31.6,Critical
VH-01363,101.9,,5.6,12.03,129.0,30.5,Normal
VH-04847,100.0,46.1,2.7,11.95,47.0,28.6,Warning
VH-01379,106.8,42.0,8.5,12.78,80.0,35.7,Normal
VH-07011,90.1,48.9,5.6,12.27,84.0,32.0,Normal
VH-05928,99.7,38.8,4.7,12.48,46.0,35.0,Normal
VH-00152,81.6,34.1,7.0,12.81,103.0,35.3,Normal
VH-03341,101.1,39.8,8.3,13.02,180.0,33.1,Normal
VH-07990,96.1,22.3,6.8,12.12,165.0,35.9,Warning
VH-04633,85.6,56.9,9.5,12.91,68.0,34.7, normal 
VH-00228,88.2,34.6,6.6,11.84,106.0,30.9,WARNING
VH-06190,93.6,37.3,10.2,11.97,170.0,31.8,Warning
VH-01953,89.8,48.2,8.6,,31.0,30.7,Normal
VH-07813,100.7,28.6,6.7,11.91,111.0,27.9,Warning
VH-01899,86.4,35.6,11.1,12.08,118.0,30.3,Normal
VH-04748,86.6,37.2,11.5,12.96,122.0,36.5,Normal
VH-04094,99.4,43.1,4.1,12.07,154.0,33.2,Normal
VH-03715,88.1,35.7,8.9,,95.0,35.2,Normal
VH-04408,94.6,34.5,12.0,12.04,150.0,37.1,Normal
VH-02420,80.1,44.8,2.9,12.73,43.0,35.7,Warning
VH-01130,87.8,40.7,6.3,12.31,121.0,29.0,Normal
VH-00130,91.9,33.5,2.6,12.75,46.0,30.6,Warning
VH-05387,92.9,52.0,7.2,12.66,129.0,30.6,Normal
VH-01404,90.4,29.4,5.7,12.98,156.0,29.6,Normal
VH-00493,98.6,45.5,8.9,12.76,17.0,38.1,Normal
VH-07248,102.3,51.5,11.8,13.34,11.0,31.1,Normal
VH-01172,94.1,41.6,5.7,12.64,77.0,37.2,Normal
VH-02946,107.8,40.3,9.4,13.8,42.0,33.8,Normal
VH-05967,94.3,35.4,7.1,12.48,35.0,,Normal
VH-01598,107.6,36.2,4.1,12.96,178.0,33.4,Normal
VH-02785,95.8,19.7,9.6,12.23,110.0,28.4,Warning
VH-03853,92.2,41.9,4.0,12.07,14.0,31.8,Normal
VH-00927,98.3,36.1,2.2,12.4,54.0,30.9,Critical
VH-02896,102.8,35.2,3.4,12.43,10.0,34.6,Warning
VH-07892,91.9,32.3,6.1,12.6,69.0,26.4,WARNING
VH-06187,95.5,35.0,2.6,,29.0,33.4,Warning
VH-02247,89.0,39.4,3.8,12.08,115.0,33.3,Warning
VH-05210,98.0,45.6,5.6,12.44,142.0,,Normal
VH-01376,99.4,,7.5,12.92,39.0,,Normal
VH-01102,99.8,33.9,4.6,12.34,194.0,30.2,Normal
VH-02264,98.8,43.4,2.7,12.27,65.0,30.8,Warning
VH-06361,109.8,34.2,4.3,12.82,56.0,31.5,Warning
VH-06194,91.4,45.4,7.5,12.71,27.0,31.3,Normal
VH-00057,107.0,50.1,9.7,12.89,70.0,31.2,Normal
VH-06621,86.3,37.6,3.6,12.88,183.0,34.3,Warning
VH-02496,94.0,37.4,9.8,13.27,192.0,34.0,Normal
VH-07903,90.8,45.1,8.4,12.58,121.0,36.2,Normal
VH-02532,97.0,53.8,4.0,12.43,66.0,29.8,Warning
VH-03192,95.7,30.8,8.0,12.0,103.0,32.2,Warning
VH-02063,98.0,43.4,9.5,12.09,150.0,33.1,Normal
VH-06823,103.5,51.7,5.0,11.78,47.0,34.3,Warning
VH-07755,92.7,43.5,4.4,12.33,171.0,35.3,Normal
VH-01402,93.4,35.7,7.1,14.01,104.0,30.3,Normal
VH-03769,101.0,39.3,6.1,12.03,101.0,,Normal
VH-02370,86.2,43.2,5.0,11.15,18.0,31.2,Critical
VH-03028,88.3,51.3,10.1,11.46,49.0,36.1,Warning
VH-03916,92.5,36.7,4.2,12.54,50.0,32.1,Normal
VH-05619,98.8,49.6,8.3,11.6,45.0,31.6,Warning
VH-02276,84.8,54.3,7.5,,146.0,28.4,Normal
VH-06409,89.8,39.5,5.5,,138.0,29.8,Normal
VH-01793,92.6,25.7,5.6,12.92,66.0,35.2,Normal
VH-05794,87.1,,6.5,13.01,78.0,31.2,Normal
VH-05472,98.8,38.1,3.4,12.49,58.0,30.9,Warning
VH-03708,93.9,44.5,11.8,12.34,198.0,32.2,Normal
VH-02731,84.6,15.0,3.3,12.4,84.0,31.7,Critical
VH-06456,96.0,39.2,7.6,13.06,21.0,33.4,Normal
VH-04527,96.5,42.0,8.0,12.81,184.0,34.9,Normal
VH-05604,94.3,39.3,6.7,12.78,169.0,33.6,Normal
VH-04120,89.8,43.2,4.9,12.54,112.0,32.2, normal 
VH-00041,99.3,41.0,3.7,13.17,85.0,26.9,Warning
VH-02816,83.3,32.7,11.6,12.07,18.0,34.2,Normal
VH-02738,114.7,29.5,10.4,13.22,189.0,35.8,Warning
VH-00838,109.7,28.0,10.8,13.13,193.0,35.7,Warning
VH-03618,97.8,36.5,10.6,13.17,75.0,37.7,Normal
VH-06374,89.7,43.7,11.8,12.97,113.0,39.2,Normal
VH-07539,93.4,46.5,8.4,12.37,27.0,38.2,Normal
VH-06591,108.7,46.7,11.1,12.13,166.0,30.8,Warning
VH-01729,95.3,58.7,7.1,12.59,85.0,40.8,Warning
VH-04526,93.1,38.1,6.1,13.68,196.0,37.1, normal 
VH-00587,88.3,34.3,10.2,12.56,84.0,35.4,Critical
VH-05841,92.8,41.5,7.7,,168.0,34.2,Normal
VH-06257,95.1,36.3,10.1,13.56,57.0,39.6,Normal
VH-04955,111.5,31.2,6.2,12.59,120.0,30.4,Warning
VH-02885,97.4,38.1,7.4,12.12,122.0,34.6,Normal
VH-02962,97.4,29.1,2.1,12.24,11.0,34.9,critical
VH-04662,99.5,,5.6,13.05,188.0,34.1,Normal
VH-05613,106.6,36.8,8.7,13.13,62.0,33.4,Normal
VH-02075,84.7,19.9,10.6,12.17,81.0,30.3,Warning
VH-07295,97.2,44.0,11.3,12.7,55.0,33.6,Normal
VH-05235,93.1,33.7,7.3,12.58,130.0,34.5,Normal
VH-01764,86.6,47.4,9.2,12.67,43.0,36.1,Normal
VH-00713,94.9,40.7,10.7,13.26,47.0,37.6,Normal
VH-05083,93.2,55.2,9.5,12.52,138.0,34.2,Normal
VH-00195,87.8,35.0,10.0,12.99,128.0,34.4,Normal
VH-01873,85.4,36.1,5.8,13.12,99.0,30.3,Normal
VH-02016,94.8,41.5,8.2,12.59,161.0,32.1,Normal
VH-04970,93.6,39.2,8.4,12.96,15.0,31.4,Normal
VH-01090,90.2,30.3,8.1,13.66,60.0,32.4,Normal
VH-01447,107.1,35.5,2.7,12.36,141.0,37.2,Warning
VH-07590,87.3,28.4,11.3,12.92,130.0,35.1,Normal
VH-07572,90.5,46.5,8.9,,13.0,32.3,Normal
VH-05855,92.8,40.8,11.4,13.54,143.0,34.4,Normal
VH-01644,83.1,46.2,8.3,12.42,173.0,32.4,Normal
VH-03910,105.8,27.3,11.5,12.84,181.0,32.3,Normal
VH-07713,89.4,58.3,4.1,13.34,158.0,,Normal
VH-07348,99.3,30.8,10.5,12.66,174.0,32.8,Normal
VH-05027,93.6,49.2,11.9,12.41,164.0,35.0,Normal
VH-06014,88.1,41.9,9.0,12.68,119.0,35.6,Normal
VH-07406,79.9,30.9,4.9,12.32,79.0,35.8,Normal
VH-04608,85.9,31.7,9.3,12.19,103.0,30.7,Normal
VH-02425,104.1,,8.1,12.78,112.0,37.0, normal 
VH-00474,100.0,41.6,7.7,13.51,133.0,34.8,Warning
VH-00397,96.8,44.0,8.4,12.3,192.0,33.6,Normal
VH-07711,103.3,49.9,9.6,12.63,158.0,31.1, normal 
VH-02845,86.6,31.0,6.1,12.27,186.0,36.0,Normal
VH-00369,101.8,32.2,5.2,,154.0,26.1,Warning
VH-02697,96.2,,10.5,13.78,26.0,38.4,Normal
VH-03226,87.7,43.6,9.1,12.96,134.0,35.8,Normal
VH-02236,94.7,41.6,10.1,12.42,144.0,31.0,Normal
VH-07564,91.1,28.4,7.7,13.82,164.0,28.0,Warning
VH-07466,91.8,34.6,11.9,11.7,124.0,35.6,Normal
VH-07521,98.0,40.1,4.3,12.32,148.0,35.4,Normal
VH-05542,99.8,26.9,10.1,,94.0,34.3,Warning
VH-05524,93.7,36.4,7.3,11.75,188.0,32.0,Warning
VH-06560,94.9,34.1,10.8,12.63,155.0,36.6,Normal
VH-01765,93.8,30.2,11.7,13.58,47.0,26.3,Warning
VH-00716,82.5,35.3,7.8,12.43,103.0,31.9,Normal
VH-02376,99.0,42.2,10.7,13.13,22.0,34.4,Normal
VH-02772,93.0,52.0,6.9,12.77,185.0,32.6,Normal
VH-02220,95.7,55.8,10.9,,142.0,34.0,Normal
VH-01689,102.0,49.5,11.6,12.52,128.0,34.5,Critical
VH-02852,105.9,39.4,3.2,12.48,89.0,35.2,Warning
VH-02863,119.5,49.5,5.2,12.81,136.0,25.1,Critical
VH-07992,116.3,33.4,4.2,12.38,55.0,29.1,Warning
VH-00370,95.1,43.6,2.4,12.58,138.0,32.2,Critical
VH-07191,86.4,39.7,2.0,13.37,166.0,33.6,Critical
VH-07276,112.3,21.1,5.0,12.66,92.0,30.7,critical
VH-01238,99.9,38.7,10.3,12.01,5.0,28.4,Normal
VH-03725,106.1,19.5,6.2,12.32,117.0,36.5,Warning
VH-04144,106.4,28.8,6.6,12.72,191.0,35.4,Normal
VH-06571,105.0,43.2,5.6,12.57,40.0,31.3,Normal
VH-03131,89.6,27.7,10.0,11.53,30.0,36.6,Warning
VH-05622,100.3,41.6,7.1,12.59,48.0,34.0,Normal
VH-02462,93.8,48.3,7.0,12.6,59.0,33.4,Normal
VH-05150,108.0,38.5,2.8,12.64,6.0,32.2,Warning
VH-06576,99.7,42.6,6.5,12.38,130.0,30.4,Normal
VH-01836,96.8,34.8,9.2,12.64,180.0,,Normal
VH-01611,93.0,45.3,10.7,12.66,83.0,35.1,Normal
VH-06248,109.5,42.0,6.0,12.65,192.0,35.0,Warning
VH-06930,83.8,,7.9,12.02,68.0,35.8,Normal
VH-00160,87.3,35.4,11.7,12.77,47.0,30.7,Normal
VH-05396,98.5,22.1,11.4,13.51,113.0,31.2,Warning
VH-01971,92.5,48.7,3.5,13.01,60.0,34.7,Warning
VH-03182,89.3,42.6,3.1,12.64,172.0,29.7,Warning
VH-03983,84.1,40.8,10.8,13.08,132.0,30.5,Normal
VH-02087,91.3,39.4,8.4,12.47,42.0,30.7,Normal
VH-00449,98.1,56.1,5.0,13.45,24.0,37.3,Normal
VH-01380,104.8,47.0,4.3,12.55,34.0,31.7,Normal
VH-02797,92.9,32.6,11.4,12.4,180.0,39.4,Normal
VH-00553,111.3,47.5,11.1,12.16,42.0,36.1,Warning
VH-03106,101.1,45.0,10.8,12.86,180.0,32.5,Normal
VH-03674,84.1,38.9,8.8,13.11,188.0,33.8,Normal
VH-06434,97.7,38.9,2.8,13.41,198.0,35.6,Warning
VH-03922,86.2,42.1,6.2,13.94,35.0,31.1,Normal
VH-01109,101.7,39.1,3.1,11.94,140.0,34.1,Warning
VH-03978,101.0,25.7,3.3,13.24,47.0,36.0,Warning
VH-05158,90.0,40.7,9.0,12.63,60.0,29.4,Normal
VH-07006,82.2,43.3,5.9,13.11,129.0,32.3,Normal
VH-03890,85.3,37.2,2.6,12.59,47.0,31.8,Warning
VH-00163,88.4,45.7,4.1,12.88,43.0,28.4,Normal
VH-00444,92.3,45.7,6.0,12.06,174.0,36.2,Normal
VH-00640,83.0,47.0,7.4,13.0,54.0,33.4,Normal
VH-07498,90.9,37.4,3.9,12.13,58.0,35.9,Warning
VH-06766,110.0,47.5,4.7,13.17,103.0,34.1,Warning
VH-06832,102.4,59.8,4.4,12.01,101.0,28.2,Normal
VH-02606,87.1,47.8,8.2,,142.0,32.3,Normal
VH-05826,102.7,33.1,5.4,12.54,158.0,34.4,Normal
VH-01153,90.5,43.4,3.9,13.0,89.0,33.6,Warning
VH-07936,90.7,50.4,7.9,12.97,88.0,35.5,Normal
VH-05648,82.3,27.9,5.2,13.0,107.0,29.8,Normal
VH-01181,101.8,36.4,7.9,13.2,39.0,35.4,Normal
VH-04619,99.7,37.2,10.7,12.11,66.0,33.5,Normal
VH-00735,96.3,33.1,5.8,12.54,168.0,33.4,Normal
VH-01137,95.3,39.2,8.8,11.65,151.0,36.0,Warning
VH-02670,100.5,34.5,11.9,11.73,5.0,32.6,Warning
VH-04320,89.3,37.1,8.9,12.35,169.0,30.4,Normal
VH-02986,96.7,,9.8,11.73,23.0,31.8,Warning
VH-05585,96.3,28.2,2.3,12.19,32.0,28.7,Critical
VH-05001,92.6,41.0,5.8,13.49,45.0,33.9,Normal
VH-04228,89.7,32.5,8.1,13.9,186.0,,Normal
VH-03874,84.8,47.0,9.8,12.6,192.0,34.6,Normal
VH-04629,86.7,34.2,3.3,13.06,42.0,34.2,Warning
VH-00636,93.5,41.7,10.4,13.03,18.0,33.1,Normal
VH-06906,86.8,54.0,11.7,13.42,103.0,32.5,Normal
VH-05678,96.9,,3.2,12.55,101.0,29.5,Warning
VH-00108,101.7,20.6,3.7,12.79,105.0,35.2,Warning
VH-00856,97.7,30.8,10.1,12.27,145.0,27.9,Warning
VH-02911,110.1,43.0,11.8,13.24,125.0,33.3,Warning
VH-05985,99.5,30.0,6.3,12.62,178.0,36.8,Normal
VH-00279,97.1,43.3,3.1,12.68,90.0,,Warning
VH-03112,107.9,,7.3,12.16,179.0,33.1,Normal
VH-07601,83.1,35.5,11.3,13.18,17.0,34.8,Normal
VH-02395,85.7,35.9,11.8,12.79,189.0,,Normal
VH-05532,-49.36663039077655,39.3,2.2,11.85,64.0,34.4,Normal
VH-01820,78.1,36.5,4.3,13.28,159.0,34.3,Normal
VH-04928,107.0,49.5,6.3,12.17,156.0,35.8, normal 
VH-04863,99.1,27.6,2.6,,153.0,34.2,Warning
VH-00138,111.0,43.6,3.6,12.46,170.0,32.4,Warning
VH-05602,100.1,44.4,5.8,12.37,81.0,30.1,Normal
VH-01854,98.8,44.0,7.6,12.62,185.0,30.5,Normal
VH-04627,101.3,50.7,8.7,12.91,37.0,32.6,Normal
VH-01294,97.1,31.0,4.5,,115.0,32.6,Normal
VH-05408,86.3,39.6,9.3,13.27,181.0,34.9,Normal
VH-04968,92.3,43.3,10.1,12.75,107.0,31.6,Normal
VH-07986,94.4,31.4,6.1,12.18,99.0,29.0,Normal
VH-06736,109.3,57.5,4.9,12.55,153.0,32.8,Warning
VH-04770,96.6,49.3,2.9,11.75,183.0,32.1,Normal
VH-03872,91.1,53.2,11.5,12.72,183.0,29.4,Warning
VH-00913,90.0,44.1,5.2,12.93,18.0,27.0,Warning
VH-02153,86.4,46.1,3.3,11.84,12.0,28.7,Warning
VH-06991,97.7,39.4,11.4,12.73,157.0,39.7,Normal
VH-02950,85.6,46.8,10.7,13.1,103.0,34.5,Normal
VH-00120,86.8,42.0,9.7,12.58,66.0,35.2,Normal
VH-06107,114.6,43.2,7.3,11.98,197.0,36.2,Warning
VH-01586,76.2,48.6,3.0,13.1,114.0,34.1,Warning
VH-06541,100.2,34.6,7.0,12.31,117.0,36.3,Normal
VH-02725,92.0,36.5,8.7,13.11,118.0,34.8,Normal
VH-03526,98.1,50.1,11.4,12.73,145.0,29.6,Normal
VH-00037,88.3,28.9,9.6,13.0,121.0,33.0,Normal
VH-05549,87.0,38.1,6.1,13.56,31.0,32.5,Normal
VH-02967,89.5,31.9,10.5,12.25,44.0,31.4,Warning
VH-02989,106.1,32.2,6.2,,122.0,34.7,Normal
VH-01246,91.7,38.1,10.7,12.69,138.0,31.7,Normal
VH-07413,102.4,32.1,10.0,11.79,77.0,29.1,Warning
VH-06307,92.2,47.1,5.2,13.17,131.0,34.3,Normal
VH-01244,103.4,39.8,3.4,12.05,28.0,33.0,Warning
VH-03514,97.9,39.2,4.1,12.68,106.0,30.9,Normal
VH-00245,84.7,36.7,3.5,12.8,156.0,32.2,Warning
VH-04048,93.6,47.9,9.9,13.25,192.0,29.1,Normal
VH-05070,91.2,36.2,11.2,13.17,80.0,34.3,Normal
VH-03648,105.9,28.6,3.0,12.5,182.0,37.2,Warning
VH-01847,86.1,38.5,6.4,12.45,148.0,33.1,Normal
VH-07674,95.2,31.9,4.0,12.1,76.0,31.6,Normal
VH-07157,97.0,36.5,4.1,,53.0,,Warning
VH-00240,88.0,30.6,3.3,12.92,176.0,28.3,Warning
VH-03687,98.4,42.3,9.2,12.64,79.0,27.6,Warning
VH-02195,80.1,44.2,3.0,12.31,166.0,33.8,Warning
VH-06835,95.1,51.1,11.2,,82.0,27.1,Warning
VH-02029,91.2,44.1,8.9,13.51,60.0,34.6,Normal
VH-07072,92.1,48.1,10.4,12.72,199.0,28.9,Normal
VH-07989,92.1,54.1,7.6,12.2,61.0,33.9,Normal
VH-00193,106.7,35.5,9.2,12.55,48.0,39.8,Normal
VH-05314,94.8,41.4,10.5,13.04,27.0,23.4,Warning
VH-01726,87.5,38.7,9.0,12.89,83.0,33.1,Normal
VH-04667,101.4,31.9,11.3,12.38,167.0,36.0,Normal
VH-04692,97.1,32.0,5.5,12.34,44.0,33.9,Normal
VH-02079,87.7,41.1,10.5,13.38,60.0,36.1,Normal
VH-04808,90.5,46.7,2.0,12.74,121.0,29.8,Critical
VH-00035,104.0,27.0,3.3,12.32,37.0,32.8,Warning
VH-00631,115.4,52.0,3.2,12.7,25.0,30.2,Warning
VH-01721,83.8,33.4,4.3,12.18,86.0,27.8,Warning
VH-05768,94.2,48.2,7.9,12.87,19.0,26.4,Warning
VH-05707,98.4,42.7,10.4,12.54,22.0,37.2,Normal
VH-07163,97.7,40.2,8.7,12.93,61.0,34.8,Normal
VH-02129,103.5,51.0,11.2,13.15,7.0,31.8,Normal
VH-04620,86.2,44.7,4.6,13.38,63.0,35.6, normal 
VH-05717,91.3,45.0,6.8,12.33,141.0,29.7,Normal
VH-07887,83.9,33.6,4.1,12.88,124.0,35.8,Normal
VH-01394,80.0,33.1,3.8,12.87,107.0,32.4,Warning
VH-07766,99.4,38.8,9.8,12.61,130.0,33.2,Normal
VH-04437,101.5,35.5,5.7,12.61,71.0,32.2,Normal
VH-02501,97.0,38.0,11.0,13.03,21.0,25.7,Warning
VH-01547,88.6,26.8,7.3,12.27,54.0,30.2,Normal
VH-06986,86.1,51.0,9.0,12.91,112.0,32.7,Normal
VH-01056,96.2,55.9,5.5,12.06,108.0,27.6,Warning
VH-02762,90.7,42.9,11.0,12.61,109.0,30.1,Normal
VH-02427,90.4,40.9,4.7,13.29,98.0,30.9,Normal
VH-00100,92.0,50.0,8.7,12.65,74.0,29.2,Normal
VH-01542,96.9,40.0,6.9,,139.0,33.6,WARNING
VH-01152,97.2,31.3,3.4,12.62,198.0,32.9,Warning
VH-05721,101.4,41.7,8.7,12.7,131.0,29.9,Normal
VH-04021,97.9,39.8,4.5,11.79,170.0,36.2,Warning
VH-01058,95.9,,2.2,12.51,115.0,,Critical
VH-04984,83.5,40.5,3.5,12.47,106.0,26.8,Warning
VH-06465,85.1,40.4,9.6,13.33,20.0,33.7,Normal
VH-03171,100.5,35.5,3.1,12.72,13.0,31.4,Warning
VH-06656,91.8,54.8,5.7,12.65,51.0,32.9,Normal
VH-04655,94.3,38.2,3.5,11.83,49.0,37.0,Critical
VH-01284,95.5,51.3,7.9,,46.0,32.4,Normal
VH-07470,96.6,54.1,8.3,12.78,74.0,35.5,Normal
VH-05071,94.6,42.3,3.2,12.78,187.0,30.0,Warning
VH-03586,86.8,26.1,5.4,13.49,77.0,33.9,Normal
VH-02883,104.1,,2.2,13.39,69.0,36.5,critical
VH-07323,101.6,49.9,3.7,12.51,118.0,30.5,WARNING
VH-06982,91.4,40.4,7.4,12.47,110.0,37.5,Normal
VH-07926,95.1,32.8,4.5,11.74,57.0,37.5,Warning
VH-00448,103.9,29.4,6.0,12.63,9.0,35.4,Normal
VH-00207,85.2,40.6,5.3,12.14,126.0,31.4,Normal
VH-05307,92.5,38.2,3.6,12.42,182.0,32.2,Warning
VH-02604,104.4,39.2,6.6,12.41,112.0,34.6,Normal
VH-07085,94.3,43.1,4.9,13.15,115.0,31.1,Normal
VH-00981,82.8,41.6,6.2,13.41,26.0,33.5,Normal
VH-01576,95.2,45.1,2.5,12.29,82.0,30.6,Warning
VH-07355,86.7,33.7,5.2,12.36,38.0,38.3,Normal
VH-04195,88.3,38.3,2.4,12.3,85.0,29.2,Critical
VH-03294,90.3,50.5,6.2,13.11,47.0,33.4,Normal
VH-05644,104.0,37.1,10.9,12.82,180.0,34.0,Normal
VH-02959,110.6,40.6,9.1,13.83,180.0,30.8,Warning
VH-04488,98.4,31.4,5.1,12.34,92.0,31.9,critical
VH-07107,97.8,46.9,5.7,12.07,161.0,35.1,Normal
VH-07024,95.3,45.3,7.4,13.7,31.0,31.5,Normal
VH-05843,98.8,29.5,8.6,11.36,46.0,32.4,Warning
VH-06504,96.3,32.1,3.1,12.46,150.0,35.9,WARNING
VH-06690,93.0,30.2,2.8,,198.0,32.4,Warning
VH-03545,89.8,42.6,5.5,12.46,85.0,27.4,Warning
VH-00595,91.6,38.6,7.7,11.96,173.0,33.6,Warning
VH-06763,106.1,45.7,2.2,12.36,175.0,34.7,Critical
VH-02904,91.7,45.7,7.5,12.15,182.0,33.6,Normal
VH-05754,88.0,49.6,2.2,12.55,8.0,34.8,Critical
VH-06239,90.8,,4.9,13.24,199.0,34.3,Normal
VH-02554,98.1,37.4,4.1,13.52,178.0,34.2,Normal
VH-03676,86.6,40.4,2.4,12.73,60.0,33.5,Critical
VH-01770,91.4,49.0,9.7,13.2,86.0,31.4,Normal
VH-02335,95.7,35.4,6.9,12.91,142.0,32.3,Normal
VH-05328,99.2,37.3,6.1,12.71,67.0,31.9,Normal
VH-01604,92.5,47.6,7.9,12.46,45.0,34.5,Normal
VH-06291,106.9,29.8,7.2,12.43,45.0,32.5,Normal
VH-05740,101.1,35.0,3.5,12.24,176.0,33.8,Warning
VH-07739,99.5,35.8,10.8,12.52,18.0,35.5,Normal
VH-02792,88.7,40.6,8.8,12.76,38.0,30.7,Normal
VH-07401,107.4,31.8,5.5,12.18,127.0,30.6,Normal
VH-01178,97.9,37.1,3.8,11.91,71.0,32.4,Warning
VH-05030,104.3,46.8,9.7,12.45,13.0,27.0,Warning
VH-07505,89.2,,4.9,11.81,93.0,32.3,Warning
VH-02557,101.7,35.6,10.9,12.54,127.0,35.7,Normal
VH-06212,103.0,,7.6,12.88,46.0,34.6,Normal
VH-01585,82.0,40.8,10.7,12.39,107.0,30.3,Normal
VH-07474,104.8,26.9,2.8,11.89,21.0,32.8,Warning
VH-00723,83.0,37.4,6.2,,57.0,30.0,Normal
VH-06845,100.1,40.5,11.0,11.93,85.0,,Warning
VH-05112,95.1,51.2,3.0,13.18,128.0,34.9,Warning
VH-03538,101.9,33.4,7.2,11.7,113.0,32.8,Warning
VH-06697,91.3,40.5,9.3,11.87,32.0,29.2,Warning
VH-04994,98.4,45.0,9.2,13.38,157.0,34.3,Normal
VH-06540,82.5,44.5,7.3,12.43,143.0,34.5,Normal
VH-04166,85.9,40.1,5.3,12.79,115.0,29.4,Normal
VH-02933,103.5,28.3,11.1,13.22,75.0,35.5,Normal
VH-03652,101.8,36.7,8.1,12.93,22.0,35.8,Normal
VH-04768,83.0,42.2,5.8,12.71,103.0,34.9,Normal
VH-03787,95.3,51.7,3.4,13.56,34.0,39.2,Warning
VH-01935,107.8,41.4,4.8,12.01,59.0,32.9,Normal
VH-07640,92.2,35.1,7.0,12.23,140.0,31.8,Normal
VH-02981,107.4,38.9,6.4,12.56,191.0,35.1,Normal
VH-07372,84.0,38.7,10.3,12.02,190.0,28.6,Normal
VH-01335,109.9,24.5,11.9,11.7,98.0,29.8,Warning
VH-06486,94.5,46.5,6.3,11.74,13.0,34.5,WARNING
VH-02976,88.7,49.6,8.3,12.98,70.0,29.5,Normal
VH-07538,84.6,29.6,7.3,12.6,140.0,29.1,Normal
VH-05428,103.1,,7.5,12.09,74.0,35.4,Normal
VH-04158,103.4,31.0,7.2,13.55,51.0,32.2,Normal
VH-03150,97.2,32.7,7.6,12.94,111.0,32.4,Normal
VH-00766,95.7,43.5,7.8,13.45,37.0,31.4,Normal
VH-01746,90.4,26.9,5.2,12.79,38.0,26.3,Warning
VH-02867,107.2,17.0,7.1,11.91,13.0,,Critical
VH-01008,101.0,19.7,9.6,13.13,144.0,,Warning
VH-04545,95.2,37.6,7.8,11.64,36.0,31.4,WARNING
VH-00622,97.2,38.5,2.2,12.26,6.0,30.5,Critical
VH-04060,97.0,44.4,5.6,12.77,195.0,33.2,Normal
VH-02161,87.4,34.3,10.5,11.91,167.0,36.3,Warning
VH-03600,102.7,40.8,4.0,12.6,52.0,29.9,Normal
VH-02998,101.6,38.1,3.3,12.64,163.0,37.1,Warning
VH-05922,116.7,42.9,4.3,12.27,94.0,29.5,Warning
VH-04533,83.0,40.7,6.4,13.12,192.0,32.7, normal 
VH-03929,89.0,32.2,9.8,12.0,20.0,29.0,Normal
VH-04782,88.2,59.9,11.2,13.73,67.0,34.8,Normal
VH-03564,106.1,37.2,4.1,12.11,147.0,22.8,WARNING
VH-04287,89.6,21.2,7.9,13.72,49.0,31.4,Warning
VH-04823,90.3,29.0,4.3,12.4,53.0,31.5,Normal
VH-07904,89.1,39.1,10.2,,55.0,31.3, normal 
VH-06026,95.7,59.8,3.1,11.27,159.0,31.6,Critical
VH-06764,92.2,42.7,6.8,12.53,24.0,28.9,Normal
VH-01718,99.9,43.7,11.4,13.08,137.0,32.3,Normal
VH-05177,106.1,42.9,7.7,11.95,25.0,37.1,Warning
VH-03888,92.9,40.6,7.4,12.41,29.0,34.1,Normal
VH-02791,94.1,26.3,10.8,11.99,147.0,33.9,Warning
VH-02621,89.5,39.0,3.9,12.05,74.0,37.0,Warning
VH-02170,88.2,39.5,2.1,12.52,34.0,35.8,Critical
VH-00439,98.4,39.3,3.3,12.7,166.0,31.9,Warning
VH-06607,94.5,48.0,10.8,13.22,125.0,29.5,Normal
VH-06624,89.3,40.9,8.0,12.25,107.0,32.3,Normal
VH-03738,89.6,53.7,8.8,12.18,149.0,32.6,Normal
VH-06998,95.6,32.1,3.4,11.92,19.0,31.9,Warning
VH-00541,88.4,33.0,8.1,12.84,144.0,36.4,Normal
VH-06821,87.0,29.5,6.4,12.33,88.0,32.1,Normal
VH-04080,103.9,37.1,11.1,12.12,189.0,34.0,Normal
VH-03991,86.7,31.0,6.9,12.88,77.0,30.7,Normal
VH-03462,84.5,40.1,4.0,12.52,97.0,34.1,Warning
VH-03519,100.3,50.3,4.4,13.38,198.0,30.8,Normal
VH-02431,103.2,40.0,3.9,12.22,73.0,28.2,Warning
VH-00512,95.8,37.4,4.0,,168.0,35.1,Warning
VH-04521,97.5,52.8,5.9,12.74,140.0,28.6,Normal
VH-03430,82.2,25.3,10.3,12.38,157.0,37.0,Normal
VH-01085,91.7,42.8,7.6,12.55,182.0,27.8,Warning
VH-07443,86.1,39.5,6.2,12.87,87.0,30.8,Normal
VH-04920,92.3,34.7,2.4,12.27,63.0,33.8,Critical
VH-02747,91.2,,9.0,12.7,166.0,29.5,Normal
VH-00691,93.0,37.6,10.9,12.57,150.0,32.5,Normal
VH-06282,100.0,33.9,5.0,13.26,81.0,31.1,Critical
VH-04398,86.9,36.8,7.7,13.17,20.0,29.8,Normal
VH-05778,105.5,34.4,8.1,12.31,17.0,35.5,Normal
VH-01455,94.1,45.4,2.9,12.18,88.0,34.8,Warning
VH-03157,92.9,36.6,9.4,12.7,160.0,37.1,Normal
VH-02991,108.0,54.1,2.4,11.26,156.0,34.6,Critical
VH-00916,106.5,44.6,11.3,12.73,148.0,32.5,Normal
VH-02026,99.5,37.7,3.0,13.01,129.0,32.3,Warning
VH-06781,94.7,32.6,8.5,12.65,103.0,31.0,Normal
VH-05440,95.0,52.0,4.6,12.36,169.0,30.8,Normal
VH-07134,92.2,51.1,5.8,12.37,132.0,,Normal
VH-07452,101.1,39.1,8.0,13.35,29.0,31.9,Normal
VH-07692,85.9,34.6,8.3,12.36,135.0,34.0,Normal
VH-04886,96.8,34.9,10.3,12.52,105.0,31.4,Normal
VH-04760,96.4,,4.3,12.08,113.0,31.4,Normal
VH-02985,91.4,54.7,8.4,12.21,105.0,35.1,Normal
VH-04941,90.8,37.9,10.8,12.61,128.0,36.9,Normal
VH-04171,99.9,26.7,10.3,12.32,124.0,36.8,Normal
VH-04251,91.5,33.0,9.9,12.36,183.0,30.2,Normal
VH-01114,95.8,47.5,4.4,12.6,47.0,35.1,Normal
VH-07663,88.0,53.1,2.7,12.58,44.0,38.3,Warning
VH-00798,103.2,43.7,7.1,12.65,110.0,30.9,Normal
VH-03612,90.4,54.8,6.2,13.06,200.0,30.2,Normal
VH-07256,108.4,,4.6,11.81,96.0,32.9,Warning
VH-06054,94.2,43.8,10.5,12.51,109.0,34.0,Normal
VH-07983,88.2,42.5,3.3,13.06,177.0,,Warning
VH-07890,95.0,43.5,3.9,11.81,18.0,36.1,Warning
VH-02728,109.7,,4.1,13.69,61.0,28.7,Warning
VH-05883,94.5,28.6,5.4,12.66,101.0,34.9, normal 
VH-01755,100.0,53.6,10.5,13.48,150.0,29.2,Normal
VH-04237,96.8,41.2,5.4,12.3,170.0,33.4,Normal
VH-05729,84.3,40.2,10.6,11.98,145.0,33.5,Warning
VH-05300,88.9,63.7,10.6,12.18,119.0,34.7,Normal
VH-01412,82.5,35.3,12.0,12.07,54.0,30.1,Normal
VH-04800,95.2,51.8,6.6,12.07,44.0,32.2,Normal
VH-02383,90.9,55.2,3.5,12.7,11.0,31.8,Warning
VH-06350,98.1,35.7,9.6,12.69,90.0,32.6,Normal
VH-03911,114.4,39.4,9.1,12.97,186.0,29.6,Warning
VH-07395,95.1,35.7,3.4,,35.0,32.3,Warning
VH-07116,96.6,43.0,10.4,12.56,26.0,30.4,Normal
VH-03783,105.8,41.8,8.7,12.34,86.0,26.5,Warning
VH-01310,85.6,40.6,2.2,11.98,98.0,32.2,Critical
VH-01674,93.2,50.1,7.2,12.81,63.0,30.2,Normal
VH-03605,101.4,28.8,8.7,13.04,100.0,34.4,Normal
VH-04410,106.4,49.5,9.5,12.24,80.0,27.8,Warning
VH-05718,103.3,45.4,9.3,12.66,41.0,35.0,Normal
VH-04755,90.1,35.1,8.1,12.75,107.0,36.0,Normal
VH-00227,110.0,29.2,9.0,11.43,156.0,29.2,Warning
VH-06092,92.3,36.5,4.3,12.99,27.0,35.4,Normal
VH-04554,109.2,46.6,9.6,13.14,122.0,,Warning
VH-04937,81.6,44.7,9.4,12.56,144.0,32.2,Warning
VH-01297,89.7,,2.1,12.36,71.0,33.2,Critical
VH-07410,101.5,41.4,7.2,12.05,91.0,30.3,Normal
VH-06787,89.8,33.9,8.2,12.6,124.0,36.5,Normal
VH-04385,92.0,44.8,5.4,12.82,190.0,37.6,Normal
VH-02211,102.8,26.9,6.9,12.91,152.0,30.0,Normal
VH-07697,104.4,40.7,4.3,13.24,160.0,30.0,Normal
VH-07189,90.4,38.1,5.4,11.76,104.0,36.4,Warning
VH-06725,76.5,36.7,5.6,13.57,121.0,32.9,Normal
VH-02075,84.7,19.9,10.6,12.17,81.0,30.3,Warning
VH-07621,92.9,29.5,8.5,13.03,66.0,31.6,Normal
VH-05088,83.5,27.1,9.8,13.35,25.0,31.8,Normal
VH-02972,94.8,48.2,10.7,11.24,138.0,31.5,Critical
VH-01397,93.5,32.3,10.7,12.61,141.0,31.1,Normal
VH-04130,103.1,38.3,4.0,12.72,73.0,32.4,Normal
VH-05523,101.8,52.8,7.0,13.53,82.0,39.6,Normal
VH-03629,100.0,25.1,4.4,13.49,12.0,32.3, normal 
VH-05344,94.4,29.9,3.1,13.03,111.0,31.1,Warning
VH-03360,94.6,35.1,11.0,11.82,143.0,35.2,WARNING
VH-05836,102.4,51.9,11.2,13.73,28.0,31.2,Normal
VH-07797,87.8,32.2,9.7,12.63,124.0,35.2,Normal
VH-01389,87.7,39.5,4.7,14.2,93.0,40.0,Warning
VH-06622,106.4,32.9,6.9,12.47,137.0,34.4,Normal
VH-02497,77.5,38.6,2.7,13.1,73.0,30.1,Warning
VH-05245,96.1,49.2,10.9,13.13,121.0,29.2,Normal
VH-03573,94.4,60.4,8.7,12.6,174.0,30.2,Normal
VH-02326,77.2,50.4,3.6,,54.0,34.9,Warning
VH-06262,92.4,37.4,9.5,13.35,107.0,32.0,Normal
VH-04004,106.4,41.5,11.7,12.5,139.0,36.7,Normal
VH-00313,98.5,33.5,5.4,12.73,136.0,30.9,Normal
VH-05519,87.1,52.5,6.6,13.45,39.0,33.8, normal 
VH-06661,114.6,39.0,6.1,,56.0,,Warning
VH-02417,89.9,37.4,9.6,13.63,186.0,35.4,Normal
VH-05133,84.1,40.7,6.3,12.2,125.0,24.4,Warning
VH-04754,109.3,32.6,5.6,12.28,45.0,32.2,Warning
VH-00755,104.1,36.2,4.4,11.66,73.0,31.1,Warning
VH-02712,94.4,48.1,3.2,12.36,177.0,31.4,Warning
VH-07043,111.1,40.2,2.9,12.22,75.0,30.9,Warning
VH-05417,102.7,40.6,10.0,11.69,182.0,34.1,Warning
VH-05341,96.6,38.3,10.7,12.57,24.0,34.6,Normal
VH-07308,89.2,39.2,4.5,11.61,131.0,39.0,Warning
VH-02718,103.3,32.6,5.6,13.67,120.0,,Normal
VH-05977,90.5,50.2,3.2,12.43,9.0,28.3,Warning
VH-05738,80.7,48.5,6.2,11.72,104.0,34.2,Warning
VH-06196,101.8,40.5,6.7,12.44,147.0,35.0,Normal
VH-07643,88.4,,2.3,12.84,73.0,34.1,Critical
VH-05861,104.6,44.8,8.6,12.89,140.0,28.5,Normal
VH-07492,84.9,42.6,6.5,12.8,64.0,35.6,Normal
VH-00126,106.7,50.0,8.6,13.42,65.0,30.4,Normal
VH-05787,87.7,42.2,11.6,12.32,156.0,35.6,Normal
VH-04056,101.9,47.5,5.6,11.93,25.0,33.2,Warning
VH-06792,97.8,49.9,4.9,12.67,161.0,34.2, normal 
VH-05075,95.3,51.2,10.7,12.82,17.0,29.8, normal 
VH-00438,89.8,47.8,8.9,13.05,117.0,33.5,Normal
VH-02222,95.7,32.5,5.3,12.38,120.0,36.2,Normal
VH-03194,94.1,36.5,4.4,13.13,132.0,37.3,Normal
VH-07475,100.1,30.2,4.8,12.35,64.0,33.6,Normal
VH-06085,84.0,37.6,6.1,12.6,111.0,33.0,Normal
VH-01272,92.0,33.3,4.2,11.4,180.0,31.5,Warning
VH-00285,91.2,46.7,10.9,13.58,91.0,26.4,Warning
VH-02143,98.2,36.5,5.1,13.14,59.0,27.4,Warning
VH-07511,85.3,44.1,11.2,12.37,99.0,28.7,Normal
VH-03399,91.0,41.5,11.4,12.97,47.0,26.3, normal 
VH-01228,99.5,30.8,3.9,11.97,143.0,27.8,Warning
VH-03814,104.2,41.6,7.7,12.86,166.0,33.2,Normal
VH-05010,101.2,41.6,7.1,13.32,23.0,36.5,Critical
VH-02031,91.1,44.8,8.7,,60.0,31.7,Normal
VH-05292,97.7,37.1,11.7,13.25,20.0,30.5,Normal
VH-02012,100.3,43.2,9.2,12.65,153.0,31.1,Normal
VH-02992,94.5,27.8,10.9,12.72,117.0,26.7,Warning
VH-03484,102.0,43.6,8.4,12.48,199.0,34.1,Normal
VH-00171,98.6,34.2,11.8,12.97,62.0,25.6,Warning
VH-04284,91.7,23.1,8.4,13.03,20.0,34.3,Warning
VH-06643,86.6,54.2,11.6,13.06,144.0,30.2, normal 
VH-04416,104.9,37.2,3.7,13.01,35.0,31.9,Warning
VH-06416,105.9,,6.8,13.05,130.0,31.0,Normal
VH-02053,117.9,39.9,6.9,12.84,36.0,30.2,Warning
VH-03052,87.8,41.3,7.6,13.74,42.0,32.3,Normal
VH-05978,90.6,39.0,3.3,12.85,69.0,33.1,Warning
VH-04705,99.6,53.0,10.9,12.22,162.0,36.9,Normal
VH-02503,98.9,37.8,9.4,12.59,19.0,34.4, normal 
VH-00250,92.1,,8.7,,104.0,34.2,Normal
VH-01667,95.0,47.6,9.4,12.42,179.0,33.7,Normal
VH-04193,87.0,46.4,3.5,12.39,150.0,33.3,Warning
VH-02089,98.7,32.6,6.5,12.37,192.0,27.8,Warning
VH-00048,100.4,48.8,11.0,13.28,109.0,27.9,Warning
VH-00111,96.9,45.9,6.5,12.62,125.0,28.4,Normal
VH-00458,97.7,31.1,7.4,12.44,31.0,35.5,Normal
VH-07937,97.8,39.4,2.8,11.86,142.0,28.4,Critical
VH-06782,85.8,34.6,11.2,11.51,46.0,,Warning
VH-01464,102.9,28.5,8.4,12.89,10.0,23.5,Warning
VH-04253,80.3,42.8,10.1,12.57,120.0,33.3,Normal
VH-00612,83.6,36.0,3.9,13.61,85.0,38.5,Warning
VH-05508,96.4,30.1,3.9,12.06,36.0,32.5,Warning
VH-02114,98.9,33.0,5.2,12.3,176.0,31.3,Normal
VH-04836,78.9,35.7,5.2,12.35,73.0,34.5,Normal
VH-07956,93.9,45.0,5.3,12.07,159.0,31.1,Normal
VH-02751,91.9,25.0,8.9,12.71,154.0,34.8,Normal
VH-00672,89.3,52.1,4.9,12.46,188.0,28.1,Normal
VH-00881,102.6,39.4,3.2,12.99,17.0,30.5,Normal
VH-06937,90.6,47.6,3.3,12.45,74.0,34.0,Warning
VH-07096,84.5,39.4,3.1,12.96,199.0,31.9,Warning
VH-03784,109.6,36.3,10.0,12.66,11.0,34.0,Warning
VH-01232,85.5,55.8,9.1,12.59,74.0,32.3,Normal
VH-01158,75.4,35.0,3.3,12.59,82.0,34.2,Warning
VH-04747,85.2,40.9,6.4,12.7,120.0,30.4,Normal
VH-04907,87.3,,2.7,11.97,177.0,33.1,Warning
VH-02753,95.9,30.0,8.9,11.65,47.0,31.9,Warning
VH-04783,97.5,37.1,3.4,12.86,16.0,29.6,Warning
VH-02084,103.2,35.5,7.7,12.97,167.0,34.1,Normal
VH-01308,72.8,36.7,11.7,11.99,69.0,,Warning
VH-01602,105.1,46.7,2.8,12.1,59.0,34.4,Warning
VH-05215,89.3,48.3,6.7,11.67,52.0,31.4,Warning
VH-05897,108.4,38.7,3.1,,90.0,33.0,Warning
VH-05367,109.5,40.8,5.4,12.85,190.0,30.5,Warning
VH-03552,103.3,37.5,8.5,12.54,83.0,36.4,Normal
VH-07190,90.8,29.5,6.6,13.38,151.0,30.8,Normal
VH-03898,89.9,48.8,8.3,11.79,152.0,31.7,Warning
VH-04407,97.0,41.6,2.6,12.6,21.0,37.8,Warning
VH-03860,85.3,26.5,3.7,12.17,130.0,37.1,Critical
VH-02288,102.8,37.5,8.7,12.5,61.0,37.9,Normal
VH-01440,89.7,39.2,3.4,13.43,109.0,30.2,Warning
VH-01337,100.3,33.0,6.0,12.43,173.0,34.1,Normal
VH-07000,83.3,47.4,2.2,12.77,111.0,35.8,Critical
VH-00959,98.3,29.7,7.3,13.18,149.0,26.6,Warning
VH-03940,95.9,46.0,4.5,12.34,193.0,31.3,Normal
VH-07402,83.1,41.4,8.5,12.36,195.0,30.4,Normal
VH-06544,91.5,43.8,2.7,12.48,176.0,32.8,Warning
VH-04093,85.5,36.3,11.8,12.1,71.0,27.5,Warning
VH-04690,103.9,40.2,10.7,12.41,111.0,36.4,Normal
VH-00882,86.1,31.9,8.2,13.11,63.0,32.7,Normal
VH-02886,99.1,35.7,7.8,12.16,127.0,36.5,Normal
VH-00567,89.8,40.3,11.2,12.51,52.0,35.4,Normal
VH-06688,106.9,49.3,5.7,12.65,99.0,32.9,Normal
VH-04932,108.9,39.8,9.9,12.08,21.0,29.6,Warning
VH-07370,100.5,46.6,4.7,12.79,112.0,31.4,Normal
VH-07963,86.3,40.8,11.5,12.02,33.0,32.0,Normal
VH-03992,92.6,46.3,11.4,12.89,146.0,34.3,Normal
VH-02582,94.3,35.5,3.9,12.51,161.0,,Warning
VH-00502,89.2,34.0,9.7,12.84,110.0,34.9,Normal
VH-00344,107.9,25.4,11.7,12.69,173.0,33.5,Normal
VH-03073,101.2,52.3,4.4,12.5,162.0,27.2,Warning
VH-05551,93.7,57.4,3.9,13.32,129.0,27.7,Warning
VH-07599,102.4,37.3,10.3,12.02,83.0,32.1,Normal
VH-00572,97.1,24.3,9.3,13.15,103.0,34.0,Warning
VH-05632,72.8,40.1,3.8,12.78,187.0,29.4,Warning
VH-04243,89.0,33.2,3.8,12.03,167.0,35.9,Warning
VH-00287,95.4,46.1,4.7,13.18,57.0,32.5,Normal
VH-06560,94.9,34.1,10.8,12.63,155.0,36.6,Normal
VH-02466,91.5,45.6,10.0,11.81,130.0,35.7,WARNING
VH-05765,96.1,44.3,3.2,13.06,142.0,37.3,Warning
VH-01987,88.9,42.4,3.4,12.6,139.0,31.2,Warning
VH-06933,96.5,38.7,12.0,12.51,157.0,33.3,Normal
VH-06277,108.2,42.2,5.3,12.8,117.0,38.0,WARNING
VH-03261,86.3,42.1,7.1,13.37,42.0,27.4,Warning
VH-03265,98.2,46.6,5.5,12.77,138.0,29.7,Normal
VH-03880,91.1,38.4,4.0,12.85,29.0,33.0,Normal
VH-04397,91.3,36.5,8.8,11.96,111.0,30.1,Warning
VH-07672,103.3,,9.5,12.23,16.0,32.8,Normal
VH-03953,91.7,38.5,8.1,12.49,25.0,35.2, normal 
VH-06032,106.5,28.0,10.6,12.07,6.0,31.9, normal 
VH-03659,95.0,39.4,10.2,,94.0,26.7,Warning
VH-00929,95.6,34.5,11.8,12.81,86.0,32.7,Normal
VH-07397,102.3,38.3,10.2,11.79,145.0,27.6,Warning
VH-00748,92.0,39.8,2.5,12.68,51.0,30.6,Critical
VH-01788,97.4,48.0,5.0,12.16,24.0,35.6,Normal
VH-02671,106.5,36.2,5.8,12.3,124.0,37.7,Normal
VH-07730,92.7,44.4,11.3,12.27,129.0,35.7,Normal
VH-03401,101.6,,10.5,,60.0,34.3,Critical
VH-04758,87.1,45.8,11.8,11.92,154.0,33.2,Warning
VH-04988,91.0,37.0,8.1,,34.0,34.7,Normal
VH-02702,101.7,31.9,6.9,12.57,108.0,29.9,Normal
VH-02215,95.1,36.1,11.8,13.29,69.0,31.8,Normal
VH-01064,89.8,34.7,7.8,12.1,189.0,34.9,Warning
VH-01381,72.1,,10.0,12.3,154.0,31.1,Warning
VH-04572,97.5,42.1,8.2,12.01,123.0,37.7,Normal
VH-00517,89.5,,6.6,13.2,138.0,, normal 
VH-07927,88.8,42.7,4.5,12.64,137.0,,Normal
VH-04108,106.8,51.1,2.8,12.34,146.0,28.8,Warning
VH-06608,100.0,42.7,2.3,12.61,125.0,32.9,Critical
VH-00229,92.7,40.8,8.9,13.65,177.0,35.6,Normal
VH-02575,98.1,36.4,7.3,12.32,54.0,33.4,Normal
VH-04053,90.7,53.2,3.6,11.49,112.0,32.7,Warning
VH-02175,95.4,23.2,10.1,12.54,170.0,,Warning
VH-07320,74.5,37.0,11.3,12.97,116.0,38.0,Warning
VH-04009,104.3,49.2,2.4,13.31,34.0,35.6,Critical
VH-00801,86.3,46.5,3.6,,48.0,30.9,Warning
VH-07718,94.2,42.5,2.2,12.23,38.0,33.4,critical
VH-04635,85.4,36.5,10.0,12.54,53.0,32.5,Normal
VH-02077,95.4,52.2,6.4,13.4,170.0,38.1,Normal
VH-05540,96.1,41.2,4.5,13.09,149.0,34.3,Normal
VH-05120,96.4,44.2,4.6,12.19,123.0,38.0,Normal
VH-07966,93.5,37.9,3.2,12.42,110.0,31.9,Warning
VH-06410,109.1,56.5,11.2,12.7,11.0,30.7,Warning
VH-02642,87.2,33.2,8.5,13.03,120.0,30.8,Normal
VH-05394,97.3,40.3,6.6,12.27,47.0,33.9,Normal
VH-04010,97.9,40.2,4.4,12.83,172.0,30.6,Normal
VH-06033,98.1,31.7,9.5,13.08,51.0,33.3,Normal
VH-06876,88.0,33.9,11.5,11.93,118.0,38.0,Warning
VH-01362,81.1,63.7,9.8,12.44,91.0,28.7,Normal
VH-04096,99.4,33.8,7.8,11.76,90.0,35.7,Warning
VH-01254,89.2,32.6,5.3,12.0,85.0,33.3,Normal
VH-07362,91.3,38.9,10.6,12.52,64.0,34.0,Normal
VH-03110,96.9,47.0,11.8,12.05,104.0,33.6,Normal
VH-03111,104.7,39.7,11.3,12.09,110.0,35.4,Normal
VH-00006,96.0,40.8,7.7,13.17,179.0,32.3,Normal
VH-03317,89.6,27.5,5.5,11.95,103.0,34.2,Warning
VH-07723,78.5,37.4,2.9,12.23,134.0,33.5,Warning
VH-06647,95.8,,4.2,12.68,134.0,35.4,Normal
VH-02857,96.0,45.2,6.3,12.46,145.0,36.6,Normal
VH-01580,104.5,31.6,10.8,12.55,127.0,28.5,Normal
VH-04076,74.1,51.3,2.5,12.8,12.0,33.3,Warning
VH-07716,105.5,46.5,2.5,12.63,52.0,36.5,Warning
VH-03792,92.0,37.5,10.3,12.31,144.0,34.7,Normal
VH-02922,84.8,37.4,3.5,12.61,122.0,32.5,Warning
VH-06762,92.6,36.5,10.6,12.45,27.0,31.8,Normal
VH-00280,98.8,560.1852901980709,5.7,12.69,67.0,35.0,Normal
VH-07345,80.1,46.9,2.7,12.72,177.0,36.9,Warning
VH-02779,86.9,38.4,4.7,12.92,42.0,31.8,Normal
VH-06556,100.0,35.5,10.4,13.09,34.0,30.2,Normal
VH-05827,115.2,47.8,5.0,12.15,159.0,30.5,Warning
VH-04126,103.1,53.9,8.9,11.93,134.0,35.0,Normal
VH-05017,90.9,34.2,11.8,,166.0,30.3,Warning
VH-01129,78.2,47.6,8.2,12.04,168.0,35.9,Normal
VH-05025,74.0,30.6,6.1,12.67,76.0,32.5,Warning
VH-07701,93.2,29.0,5.0,12.81,63.0,34.3,Normal
VH-05306,96.1,46.2,6.2,12.03,184.0,36.3,Normal
VH-02217,94.2,25.3,7.8,12.28,84.0,34.4,Normal
VH-02513,101.4,33.5,2.5,13.13,31.0,28.9,Warning
VH-01702,96.1,44.7,3.3,11.75,33.0,31.8,Warning
VH-07383,91.5,39.5,3.5,12.7,25.0,31.5,Warning
VH-01387,86.3,34.4,4.1,12.5,148.0,29.6,Normal
VH-00180,105.4,41.9,3.5,11.99,185.0,29.0,Warning
VH-05421,85.4,29.5,7.1,11.29,197.0,36.0,Critical
VH-03727,100.1,39.3,10.6,12.83,116.0,33.5,Normal
VH-03184,100.5,37.8,8.3,12.69,24.0,32.5, normal 
VH-04268,104.3,48.1,5.3,12.15,177.0,29.9,Normal
VH-04150,91.8,35.5,9.9,12.53,140.0,34.3,Normal
VH-04522,93.9,31.1,5.5,12.15,120.0,28.4,Normal
VH-01782,75.5,42.2,2.3,12.76,193.0,34.7,Critical
VH-00431,98.8,41.7,2.1,12.82,14.0,31.1,Critical
VH-06514,79.6,34.2,6.0,12.5,22.0,35.7,Normal
VH-00569,96.5,34.3,5.1,13.0,33.0,30.3,Normal
VH-07546,97.4,39.1,5.5,11.37,169.0,32.9,Warning
VH-00087,95.1,44.9,10.1,12.3,172.0,36.6,Normal
VH-04975,90.0,49.5,6.3,12.64,65.0,29.4,Normal
VH-04194,105.2,57.9,7.9,12.31,130.0,31.7,Normal
VH-07385,93.7,50.1,4.0,12.9,104.0,,Warning
VH-05621,96.5,43.6,4.2,11.61,144.0,28.8,Warning
VH-07430,89.2,35.4,2.5,13.1,168.0,36.6,Critical
VH-06798,82.5,34.3,5.5,12.05,112.0,37.4,Normal
VH-04452,84.2,38.6,8.9,12.74,170.0,36.4,Normal
VH-01949,111.0,36.4,3.9,12.18,15.0,28.8,Warning
VH-01825,100.4,64.5,5.8,12.31,90.0,28.4, normal 
VH-06115,106.6,43.2,9.4,13.01,119.0,31.9,Normal
VH-05728,104.2,48.6,10.9,12.3,11.0,28.0, normal 
VH-03481,102.1,31.3,3.0,13.62,60.0,32.0,Warning
VH-05330,98.1,40.6,11.6,13.33,51.0,34.3,Normal
VH-04816,110.0,42.0,2.7,11.83,147.0,31.7,Warning
VH-07291,88.2,36.9,8.6,12.31,111.0,31.7,Normal
VH-04337,91.2,38.5,10.0,13.02,170.0,31.1,Normal
VH-06483,108.8,32.8,3.2,13.2,18.0,30.3,Warning
VH-01699,96.6,53.8,5.4,13.16,71.0,33.4,Normal
VH-04323,95.9,45.2,6.1,12.53,130.0,32.9,Normal
VH-07470,96.6,54.1,8.3,12.78,74.0,35.5,Normal
VH-05065,97.9,38.1,8.9,12.01,97.0,31.5,Normal
VH-05461,93.7,48.7,4.4,12.65,176.0,35.3,Normal
VH-04950,104.0,36.4,7.4,12.59,163.0,31.7,Normal
VH-05069,104.8,47.4,5.6,12.62,133.0,38.1,Normal
VH-06890,86.6,60.4,9.5,13.1,5.0,35.9,Normal
VH-03324,102.3,41.6,11.1,13.06,39.0,31.0,Normal
VH-07497,96.8,43.0,7.2,13.2,168.0,33.1,Normal
VH-01783,87.1,34.8,2.4,12.04,149.0,31.7,Critical
VH-03491,87.4,43.0,5.2,12.21,144.0,23.9,Warning
VH-00855,95.1,28.7,5.6,12.67,6.0,32.0,Normal
VH-00264,98.8,40.3,4.1,12.91,27.0,32.2, normal 
VH-07585,91.3,35.4,3.4,12.24,116.0,36.0,Warning
VH-06508,89.8,40.1,4.2,13.12,8.0,31.8,Normal
VH-06784,92.1,47.8,5.5,13.08,186.0,35.1, normal 
VH-05927,102.2,35.0,10.2,13.11,28.0,34.8,Normal
VH-06642,90.5,30.2,3.0,12.68,191.0,35.3,Warning
VH-00486,88.8,39.1,8.2,12.47,123.0,35.7,Normal
VH-04600,100.9,53.7,10.1,12.22,132.0,35.2,Normal
VH-07803,84.0,52.3,10.9,13.01,115.0,31.1,Normal
VH-05038,81.8,38.0,10.6,12.64,186.0,30.8,Normal
VH-01584,94.0,44.6,11.8,12.48,105.0,32.8,Normal
VH-01374,94.8,47.0,7.8,12.53,122.0,36.4,Normal
VH-03961,105.7,29.0,2.6,11.82,95.0,35.0,WARNING
VH-02474,87.7,36.3,8.8,12.55,101.0,36.5,Normal
VH-02428,94.9,45.0,8.3,12.44,29.0,29.5, normal 
VH-04894,88.2,35.6,7.4,12.6,8.0,32.9,Normal
VH-05445,89.3,47.3,7.9,12.59,127.0,33.7,Normal
VH-04325,91.5,33.4,11.9,13.53,72.0,29.9,Normal
VH-00637,86.1,45.3,9.5,12.18,21.0,29.8,Normal
VH-05475,86.5,33.2,5.0,,145.0,34.1,Warning
VH-06472,96.3,38.3,6.6,13.08,48.0,34.3,Normal
VH-02354,85.5,34.9,5.5,12.15,79.0,27.4,Warning
VH-02864,86.3,56.4,7.2,12.35,133.0,32.0,Normal
VH-07099,98.0,42.4,3.6,12.12,147.0,32.3,Warning
VH-00841,95.3,31.7,7.2,12.83,64.0,31.2,Normal
VH-06962,93.2,53.9,2.4,12.98,84.0,39.8,Critical
VH-01903,94.0,42.9,4.7,13.06,6.0,31.5,Normal
VH-05811,98.7,37.7,3.2,11.85,127.0,35.1,Warning
VH-02840,93.7,36.3,10.9,12.83,114.0,31.9,Normal
VH-06116,84.5,35.6,9.6,12.7,85.0,27.1,Warning
VH-02179,92.0,28.4,6.2,12.86,10.0,38.9,Normal
VH-00445,83.2,46.1,5.5,12.49,96.0,28.1,Normal
VH-03477,93.2,42.2,5.9,12.63,79.0,32.3,Normal
VH-05393,88.4,37.3,4.1,12.39,13.0,32.1, normal 
VH-01637,102.8,35.9,4.7,11.54,91.0,33.4,Warning
VH-02293,91.6,37.9,2.8,,135.0,36.3,WARNING
VH-02224,86.2,37.4,7.9,13.38,160.0,32.4,Normal
VH-07626,97.5,41.8,4.6,12.75,98.0,30.1,Normal
VH-02894,89.7,40.1,6.8,13.79,146.0,32.8,Normal
VH-05852,100.2,43.0,4.6,11.88,38.0,28.8,Warning
VH-04376,82.9,47.6,10.0,13.39,98.0,36.1,Normal
VH-02360,107.6,24.8,2.2,12.15,35.0,32.5,Critical
VH-06045,94.5,42.8,2.5,12.65,88.0,32.1,Critical
VH-01767,101.7,19.7,9.9,12.54,198.0,,Warning
VH-01291,91.5,41.6,8.0,13.02,199.0,39.5,Normal
VH-07465,98.6,30.3,9.2,12.84,172.0,26.2,Warning
VH-05833,88.5,39.1,3.8,12.52,152.0,32.7,Warning
VH-01990,98.1,43.4,8.1,13.52,14.0,27.7,Warning
VH-00565,100.9,,9.7,12.66,35.0,30.3, normal 
VH-03215,98.7,27.7,4.2,12.4,58.0,32.0,Normal
VH-03253,102.7,49.0,10.8,12.67,186.0,33.0,Normal
VH-03135,86.0,53.3,8.2,13.0,123.0,32.6,Normal
VH-07844,102.3,57.3,11.2,12.79,85.0,33.4,Normal
VH-04882,90.0,32.2,10.4,12.9,53.0,38.0,Normal
VH-01677,97.9,45.8,9.2,12.04,147.0,36.8,Normal
VH-04098,98.5,47.7,7.8,12.56,57.0,30.1,Normal
VH-01458,109.3,37.2,8.4,12.27,66.0,32.6,Warning
VH-00118,107.8,29.2,3.7,12.16,95.0,33.9,Warning
VH-07852,111.9,39.3,8.4,,98.0,37.7,Warning
VH-04295,98.6,26.3,8.2,13.52,117.0,33.0,Normal
VH-07115,94.1,41.4,6.9,11.77,73.0,36.3,Warning
VH-06127,98.9,44.3,3.6,11.7,48.0,32.6,Warning
VH-05499,88.9,43.9,6.9,12.54,26.0,29.9,Normal
VH-04042,94.7,42.5,7.0,12.41,53.0,32.0,Normal
VH-04916,81.2,36.9,5.3,13.16,5.0,32.1,Normal
VH-05680,90.7,49.6,9.4,13.11,81.0,35.2,Normal
VH-07177,94.1,38.2,11.9,13.08,155.0,30.9,Normal
VH-01851,96.9,37.5,3.8,13.45,25.0,32.5,Warning
VH-02931,102.0,45.9,11.6,12.2,192.0,35.3,Normal
VH-00588,96.9,45.6,4.0,13.43,101.0,31.7,Normal
VH-06198,89.0,,7.0,13.59,17.0,29.4,Normal
VH-04956,95.6,49.1,4.2,13.3,200.0,33.6,Normal
VH-02530,104.2,49.0,3.9,12.73,83.0,29.3,Warning
VH-01610,97.3,29.4,5.6,12.45,84.0,30.7,Normal
VH-01629,103.6,55.0,4.0,12.4,186.0,34.8,Warning
VH-02421,92.8,34.9,7.7,12.4,194.0,30.9,Normal
VH-07988,94.3,26.6,2.8,13.22,113.0,31.1,Warning
VH-00681,100.0,45.6,6.1,12.55,40.0,30.3,Normal
VH-00708,93.2,36.2,8.5,12.74,17.0,34.1,Normal
VH-04005,92.5,33.9,3.2,11.81,85.0,36.5,Warning
VH-07717,104.0,50.2,5.4,12.65,171.0,34.7,Normal
VH-06627,93.0,57.1,9.8,11.83,27.0,35.8,Warning
VH-02460,84.9,43.7,9.0,12.5,22.0,35.7,Normal
VH-02502,103.1,34.9,6.1,13.39,20.0,32.2,Normal
VH-03293,99.4,35.0,6.8,11.87,176.0,37.6,Warning
VH-01706,91.4,42.8,6.2,12.11,104.0,30.4, normal 
VH-01399,83.7,39.9,5.0,12.83,46.0,37.8,Normal
VH-01649,89.4,44.4,7.7,11.95,123.0,26.3,Warning
VH-00977,91.7,,6.7,13.22,60.0,32.1,Normal
VH-07654,100.1,47.6,2.7,12.77,91.0,32.5,Warning
VH-01546,80.8,48.2,9.7,12.19,17.0,33.2,Normal
VH-05510,98.2,35.3,11.1,11.65,92.0,29.9,Warning
VH-05753,104.2,50.0,10.0,12.15,49.0,31.7,Normal
VH-07699,100.2,43.5,8.8,12.73,18.0,36.0,Normal
VH-06928,88.9,44.0,4.5,12.67,199.0,35.7,Normal
VH-05375,102.2,24.7,11.8,11.73,32.0,32.9,Warning
VH-05822,96.2,35.0,8.6,13.51,152.0,30.2,Normal
VH-07610,94.3,31.6,3.7,,148.0,32.9,Warning
VH-04494,97.6,35.3,5.2,,75.0,34.8,Warning
VH-07330,95.5,49.8,7.2,12.41,157.0,31.6,Normal
VH-04903,96.5,25.8,6.0,13.0,112.0,33.2,Normal
VH-03286,84.1,48.2,4.9,12.11,78.0,27.0,Warning
VH-01143,90.7,43.0,9.1,12.36,155.0,36.1,Normal
VH-02536,88.1,32.9,5.7,13.22,150.0,32.7, normal 
VH-05537,77.3,34.4,5.9,12.29,61.0,36.8,Normal
VH-02665,96.0,40.2,5.4,12.16,65.0,33.1,Normal
VH-04741,94.1,50.3,9.5,13.08,189.0,32.7,Normal
VH-00356,96.9,22.5,7.6,12.06,114.0,29.6,Warning
VH-05114,108.2,44.4,8.3,12.71,147.0,37.0,Warning
VH-01323,82.5,35.9,6.9,12.8,59.0,,Normal
VH-07250,87.2,41.8,2.2,13.22,42.0,28.4,Critical
VH-04508,87.7,37.9,7.0,12.7,196.0,31.8,Normal
VH-01832,86.1,36.4,10.0,12.75,180.0,31.1,Normal
VH-05380,104.8,41.6,4.1,12.12,194.0,32.5,Normal
VH-01459,97.9,53.0,4.3,13.7,65.0,31.3,Normal
VH-07098,93.6,36.4,5.0,12.78,188.0,38.3,Normal
VH-03774,103.7,33.2,3.8,12.74,154.0,32.1,Warning
VH-01469,80.9,26.8,2.1,12.48,127.0,36.8,Critical
VH-01815,91.3,43.5,2.6,12.87,99.0,33.9,Warning
VH-06997,86.6,30.3,6.2,12.09,176.0,32.5,Normal
VH-04814,96.4,43.2,9.0,12.29,40.0,31.3,Normal
VH-04079,90.9,53.0,5.1,13.27,168.0,33.5, normal 
VH-04872,84.2,52.5,6.4,12.23,166.0,33.2,Normal
VH-04445,86.4,29.7,10.9,12.78,49.0,38.7,Normal
VH-07100,104.9,44.4,11.8,12.35,193.0,35.6,Normal
VH-05796,113.2,48.0,8.6,13.03,123.0,37.3,Warning
VH-00399,89.4,46.2,6.3,12.62,167.0,28.8,Normal
VH-00638,99.6,42.0,2.5,13.65,190.0,40.7,Critical
VH-02118,96.7,58.0,7.1,12.64,101.0,36.0,Normal
VH-06889,103.0,43.0,8.4,12.86,58.0,,Normal
VH-05121,83.6,43.3,7.6,12.42,8.0,31.2,Normal
VH-01261,95.8,40.3,4.0,,70.0,33.2,Normal
VH-00580,75.7,25.6,2.9,13.6,107.0,35.9,Warning
VH-02632,94.6,38.1,7.1,12.35,185.0,35.1,Normal
VH-02645,93.7,51.1,7.9,12.98,106.0,29.5,Normal
VH-00917,99.2,44.3,9.1,12.03,117.0,31.4,Normal
VH-04711,90.5,34.3,9.2,11.5,30.0,35.8,Warning
VH-07266,90.7,39.9,7.9,12.27,6.0,37.3,Normal
VH-04679,86.2,38.0,10.5,12.82,164.0,33.0,Normal
VH-03861,100.7,43.1,2.1,12.49,61.0,33.6,Critical
VH-05691,92.2,36.4,6.2,13.29,159.0,36.8,Normal
VH-00887,91.5,35.6,2.6,12.43,191.0,30.4,Warning
VH-03139,110.8,43.3,7.6,12.11,17.0,31.6,Warning
VH-02054,97.9,48.0,2.7,11.79,26.0,36.1,WARNING
VH-05983,100.6,28.7,6.1,12.14,141.0,34.2,Normal
VH-03772,98.4,35.1,9.6,12.25,175.0,27.2,Warning
VH-00267,97.8,30.6,2.9,13.07,64.0,34.5,Warning
VH-02881,102.2,52.4,3.8,13.38,60.0,,Warning
VH-01499,85.5,31.5,11.6,12.42,36.0,28.1,Normal
VH-01313,98.2,38.1,7.4,12.52,11.0,36.3,Normal
VH-02371,93.1,34.0,6.3,12.26,18.0,38.4,Normal
VH-00300,108.8,48.9,3.5,12.68,101.0,32.8,Normal
VH-07788,92.3,33.7,7.8,12.78,142.0,36.0,Normal
VH-04459,96.7,32.8,8.8,12.5,149.0,29.4,Normal
VH-04230,104.3,36.7,8.8,13.18,92.0,32.1,Normal
VH-07556,93.2,44.5,8.1,12.53,40.0,,Normal
VH-04211,97.4,35.0,7.0,12.14,89.0,28.3,Normal
VH-01747,97.5,33.6,8.3,12.64,78.0,30.8,Normal
VH-02700,101.9,34.9,9.1,12.64,149.0,29.3,Normal
VH-02566,96.6,38.6,5.4,12.61,199.0,30.9,Normal
VH-07714,89.2,,5.6,,157.0,34.5,Normal
VH-04607,105.4,29.2,5.6,13.53,100.0,32.9,Normal
VH-00792,99.1,48.1,7.5,13.0,13.0,31.3,Normal
VH-06662,73.3,36.5,7.9,13.22,92.0,,Warning
VH-02565,87.5,35.5,8.9,12.49,36.0,31.7,Normal
VH-07171,94.4,,10.7,13.01,119.0,38.1,Normal
VH-06903,98.7,39.3,5.9,12.2,183.0,33.2,Normal
VH-01373,82.2,41.4,5.9,12.37,122.0,33.6,Normal
VH-04803,102.8,40.1,4.5,11.65,113.0,30.8,Warning
VH-06061,88.0,40.4,3.3,12.83,161.0,26.6,Warning
VH-02862,88.7,34.5,2.0,12.21,8.0,32.3,Critical
VH-00644,92.3,44.0,3.5,,19.0,35.4,Warning
VH-06036,92.6,28.4,10.4,12.62,96.0,30.5,Normal
VH-07138,121.4,34.0,11.0,12.55,72.0,33.4,Critical
VH-02281,95.1,33.1,11.6,11.92,43.0,30.8,Warning
VH-07058,107.0,31.7,3.6,12.6,195.0,32.4,Warning
VH-00051,100.1,47.1,3.9,12.09,109.0,32.6,Normal
VH-05823,93.4,51.9,9.8,13.15,127.0,37.0,Normal
VH-02410,87.8,35.7,5.6,12.62,85.0,31.8,Normal
VH-04156,97.9,38.0,12.0,13.09,86.0,37.4,Normal
VH-01895,90.3,55.7,2.3,12.63,126.0,30.0,Critical
VH-02559,106.9,,11.2,12.88,160.0,30.9,Normal
VH-05543,85.4,45.2,2.4,12.52,82.0,,critical
VH-06851,110.1,46.4,4.7,12.51,177.0,35.2,Warning
VH-01778,86.0,,9.5,12.7,47.0,32.6, normal 
VH-02055,99.7,40.2,6.3,13.45,32.0,32.3,Normal
VH-00674,101.7,39.1,5.3,12.72,164.0,30.6,Normal
VH-05655,93.6,39.8,9.4,12.74,123.0,36.4,Normal
VH-06192,84.4,47.9,7.3,13.03,87.0,,Normal
VH-02698,98.1,46.0,7.5,13.51,187.0,27.8,Warning
VH-03739,91.2,42.0,10.3,12.39,116.0,34.6,Normal
VH-00212,95.2,44.7,3.1,12.63,82.0,35.0,Warning
VH-07889,100.0,27.6,9.9,12.38,55.0,36.4,Normal
VH-03398,80.1,32.6,8.6,12.29,69.0,27.1,Warning
VH-03187,89.2,35.5,4.2,12.1,19.0,33.3,Normal
VH-01627,107.7,41.5,10.9,13.06,104.0,33.0, normal 
VH-06838,106.1,32.6,8.9,,127.0,31.5,Normal
VH-02226,96.2,40.2,10.1,13.24,200.0,31.3,Normal
VH-02108,88.6,36.9,9.9,12.69,182.0,36.1,Normal
VH-05094,99.1,50.9,7.8,12.1,22.0,32.9,Normal
VH-07866,93.7,26.9,2.3,12.87,101.0,32.1,Critical
VH-06846,92.6,35.0,8.4,11.83,185.0,35.2,Warning
VH-06430,87.8,46.5,11.6,11.94,137.0,35.7,Warning
VH-00396,101.1,34.6,4.4,11.89,31.0,32.7,Warning
VH-00278,104.5,45.7,11.1,12.28,138.0,30.3,Normal
VH-07909,74.7,49.8,5.4,12.55,168.0,32.3,Warning
VH-07310,88.2,51.4,5.0,12.81,195.0,31.0,Normal
VH-06321,93.0,45.7,8.7,12.8,185.0,30.9,Normal
VH-06575,94.4,54.2,2.2,12.68,174.0,30.0,Critical
VH-04734,91.9,48.7,7.1,12.97,190.0,31.6,Normal
VH-06250,92.9,54.4,11.6,13.47,46.0,32.8,Normal
VH-00422,90.2,41.9,8.5,12.26,107.0,31.0,Normal
VH-01060,93.8,47.1,2.6,12.82,8.0,32.0,Warning
VH-04196,97.3,44.4,2.3,12.18,49.0,32.8,Critical
VH-00661,94.9,42.3,6.8,12.49,15.0,32.8,Normal
VH-02966,106.3,38.1,7.8,13.63,100.0,36.4,Normal
VH-07273,98.7,30.7,8.6,12.32,18.0,32.7,Normal
VH-05379,102.9,61.0,6.1,11.04,38.0,33.7,critical
VH-05211,100.9,36.4,6.4,12.69,172.0,36.5,Normal
VH-00062,96.3,50.2,9.2,12.31,135.0,,Warning
VH-07696,90.1,37.6,3.4,13.01,150.0,32.4,Warning
VH-02657,87.4,55.4,6.2,12.42,26.0,32.4,Normal
VH-01271,106.6,38.4,4.1,,112.0,36.2,Normal
VH-05389,92.9,33.4,7.3,12.55,170.0,29.8,Normal
VH-00077,96.3,51.3,5.8,12.73,172.0,31.3,Normal
VH-00539,88.7,42.4,5.4,12.94,190.0,34.8, normal 
VH-01256,101.2,39.5,10.0,12.58,48.0,34.5,Normal
VH-01046,90.7,46.8,10.8,12.56,157.0,30.8,Normal
VH-00823,78.1,39.2,5.2,13.17,181.0,31.1,Normal
VH-03038,88.3,39.0,11.1,12.48,141.0,24.6,Warning
VH-02938,91.8,43.9,8.4,13.28,196.0,,Normal
VH-02743,80.8,45.3,10.7,13.87,183.0,32.4,Normal
VH-04552,89.5,44.2,7.5,12.85,152.0,37.8,Normal
VH-00804,105.3,49.1,4.4,12.64,126.0,31.9,Normal
VH-07313,96.4,37.8,4.1,13.09,118.0,34.3,Normal
VH-02234,87.6,42.1,4.2,12.11,176.0,33.4,Normal
VH-05580,98.1,44.9,4.0,11.54,184.0,32.7,Warning
VH-03830,87.3,43.8,10.7,12.43,175.0,33.9,Normal
VH-03649,95.4,37.2,11.6,13.02,93.0,31.1,Normal
VH-00546,96.6,36.1,2.8,12.69,62.0,35.2,Warning
VH-05355,101.9,32.3,8.3,11.87,49.0,33.9,Warning
VH-04436,91.6,41.9,11.3,13.36,158.0,34.3,Normal
VH-04496,91.2,36.4,8.7,12.58,80.0,33.4,Normal
VH-02735,91.8,32.2,4.6,13.16,104.0,35.0,Normal
VH-05866,92.7,46.6,3.1,12.4,111.0,32.6,Warning
VH-03506,93.6,54.7,4.9,13.63,59.0,31.9,Normal
VH-02928,84.2,40.3,6.4,12.17,63.0,30.3,Normal
VH-04906,101.3,44.9,5.0,11.83,89.0,33.9,Warning
VH-00767,90.6,41.1,10.0,,196.0,31.5,Normal
VH-07487,102.7,23.9,5.6,12.49,68.0,34.7,Warning
VH-07231,103.5,33.2,6.2,12.02,158.0,32.3,Normal
VH-04964,89.8,41.8,9.0,,8.0,37.7,Normal
VH-03387,91.0,33.6,10.5,12.0,136.0,30.4,Warning
VH-03474,84.5,44.1,4.1,12.94,25.0,35.6,Normal
VH-03691,94.3,45.2,11.8,,117.0,33.3,Normal
VH-00262,96.9,39.6,9.9,12.99,89.0,,Normal
VH-07743,98.5,43.3,2.8,12.99,25.0,36.1,Warning
VH-00951,98.6,47.6,2.0,13.37,108.0,34.8,Critical
VH-02765,89.4,36.1,3.2,13.0,105.0,33.2,Warning
VH-05998,96.6,39.1,10.7,11.66,193.0,30.6,Warning
VH-01012,91.0,37.0,8.1,11.9,6.0,33.0,Warning
VH-03817,96.5,52.2,11.1,12.81,148.0,31.5,Normal
VH-04643,94.8,38.2,8.1,13.98,34.0,27.4,Warning
VH-00736,101.2,46.3,2.9,,88.0,37.6,Warning
VH-07050,99.2,39.4,4.7,12.37,109.0,31.6,Warning
VH-03836,99.6,27.1,6.1,12.51,128.0,31.5,Normal
VH-03709,92.8,37.1,5.2,12.94,91.0,33.7,Normal
VH-00360,93.8,33.4,8.8,12.56,196.0,31.6,Normal
VH-07351,94.2,38.8,7.3,13.17,72.0,32.1,Normal
VH-01557,101.2,38.9,11.7,12.65,6.0,33.7,Normal
VH-03567,85.5,40.9,8.9,13.27,134.0,36.9,Normal
VH-03006,79.2,36.3,6.3,11.76,59.0,45.0,Warning
VH-00584,100.7,39.1,9.5,12.1,172.0,31.2,Normal
VH-01905,85.7,28.4,10.1,,35.0,36.9,Normal
VH-06506,90.5,43.7,7.0,11.95,140.0,38.6,Warning
VH-02910,91.1,37.0,11.2,12.7,161.0,39.1,Normal
VH-04756,96.3,51.3,2.1,12.04,30.0,37.0,Critical
VH-06827,74.5,35.7,3.2,12.59,11.0,29.7,Warning
VH-06932,95.9,33.5,5.9,13.4,200.0,30.7,Normal
VH-03921,92.5,32.8,11.4,12.81,40.0,36.6,Normal
VH-03959,88.4,41.2,5.5,12.17,102.0,22.6,Warning
VH-06255,102.4,28.6,4.3,12.7,7.0,32.8,Normal
VH-00667,98.9,44.1,11.8,12.79,51.0,,Normal
VH-02927,97.2,36.7,4.5,13.37,13.0,28.7, normal 
VH-03492,92.7,41.4,3.0,11.61,64.0,36.1,Warning
VH-06863,95.6,39.5,5.6,12.08,19.0,31.1,Normal
VH-05068,89.6,30.8,10.2,13.25,146.0,34.8,Critical
VH-04484,95.5,30.4,11.3,11.97,98.0,30.6,Warning
VH-06984,86.3,37.4,5.5,12.53,193.0,32.2,Normal
VH-03986,86.0,42.4,6.6,12.09,37.0,31.5,Normal
VH-03580,100.2,32.7,9.6,12.61,93.0,38.6,Normal
VH-04425,100.8,41.4,8.8,12.86,150.0,,Normal
VH-05924,84.9,39.5,8.8,12.32,76.0,31.6,Normal
VH-03240,103.9,37.6,3.7,12.38,43.0,32.2,Warning
VH-06384,99.1,23.4,8.2,12.5,40.0,,Warning
VH-00423,83.2,49.5,10.8,13.4,11.0,29.6,Normal
VH-07759,79.5,44.2,11.7,12.49,78.0,33.0,Normal
VH-00139,118.3,52.1,10.1,11.55,150.0,28.5,Critical
VH-03601,114.3,,10.6,12.25,34.0,33.2,Warning
VH-00414,92.7,45.2,2.5,12.92,174.0,34.9,Critical
VH-04553,97.9,56.2,7.2,12.86,138.0,29.4,Normal
VH-03637,105.7,25.3,3.8,12.55,184.0,38.1,Warning
VH-01423,106.2,46.0,8.2,12.64,19.0,35.6,Normal
VH-03705,93.1,,3.2,12.05,160.0,34.9,Warning
VH-04179,88.7,47.4,6.8,12.52,25.0,30.6,Normal
VH-04278,92.0,50.5,2.2,12.55,33.0,35.4,Critical
VH-04347,77.0,43.8,6.8,12.52,104.0,30.1,Normal
VH-07391,94.1,48.2,8.0,12.0,53.0,37.1,Warning
VH-04082,95.6,36.7,9.4,12.01,118.0,31.9,Normal
VH-05285,98.0,,2.9,12.57,11.0,32.0,Warning
VH-02299,92.6,38.1,8.7,12.7,47.0,32.5,Normal
VH-07281,91.4,35.3,7.3,12.26,37.0,33.9,Normal
VH-05313,93.6,39.4,8.9,11.76,52.0,34.7,Warning
VH-06912,100.5,47.7,9.7,12.31,22.0,31.3,Normal
VH-03120,97.7,32.8,10.5,13.39,10.0,33.8,Normal
VH-03571,101.3,43.6,4.2,12.47,93.0,33.7,Normal
VH-02508,102.2,50.2,4.5,13.28,63.0,35.9,Normal
VH-00156,96.0,38.5,6.8,12.4,144.0,30.1,Normal
VH-03581,111.4,43.5,3.6,13.88,39.0,35.3,Warning
VH-06420,94.7,48.5,8.6,,126.0,36.9,Normal
VH-07922,88.4,30.6,11.2,12.14,125.0,35.9,Normal
VH-04471,89.0,49.7,3.2,12.95,12.0,33.5,Warning
VH-02540,98.8,42.0,9.5,12.79,164.0,35.9,Normal
VH-00669,74.5,40.3,10.1,12.85,128.0,31.9,Warning
VH-04095,80.9,51.1,7.7,12.96,152.0,33.2,Normal
VH-03642,94.3,33.4,6.6,12.82,118.0,39.8,Normal
VH-02769,101.2,42.8,4.8,12.43,197.0,34.6,Normal
VH-03698,86.5,41.8,9.5,13.9,38.0,36.3,Normal
VH-01124,93.5,31.8,2.1,12.43,187.0,32.9,Critical
VH-07028,92.9,36.9,2.1,12.97,42.0,30.8,Critical
VH-02320,98.4,39.7,7.4,12.08,44.0,33.0,Normal
VH-02116,95.5,46.6,11.6,12.48,104.0,31.3,Normal
VH-00940,96.7,19.8,10.4,12.83,127.0,34.3,Warning
VH-07910,99.8,50.3,2.3,12.65,151.0,35.1,Critical
VH-00883,85.6,52.6,11.5,13.31,133.0,39.3,Normal
VH-07354,96.6,33.9,2.8,13.22,154.0,30.5,Warning
VH-07317,93.6,40.5,9.7,12.55,179.0,37.4,Normal
VH-02561,95.4,48.1,8.8,12.87,117.0,36.1, normal 
VH-05509,98.4,45.8,9.5,12.38,141.0,34.4,Normal
VH-04196,97.3,44.4,2.3,12.18,49.0,32.8,Critical
VH-00668,90.8,36.7,3.4,12.9,122.0,29.1,Warning
VH-07279,104.2,37.9,9.0,12.07,27.0,37.3,Normal
VH-02608,101.6,43.4,11.8,12.56,12.0,32.8,Normal
VH-04599,110.1,63.4,3.4,14.03,188.0,32.4,Warning
VH-01909,98.5,38.0,4.1,12.84,35.0,33.9,Normal
VH-01111,92.8,46.7,5.4,12.88,168.0,37.2,Normal
VH-07377,80.0,34.8,3.8,12.29,163.0,36.5,Warning
VH-01876,100.8,31.7,8.8,11.78,129.0,34.2,WARNING
VH-03345,93.1,42.6,5.4,12.89,172.0,38.3,Normal
VH-05456,80.2,35.6,4.7,13.24,134.0,32.0,Normal
VH-06184,103.1,34.6,10.2,11.98,161.0,30.8,Warning
VH-02451,91.8,33.5,5.0,12.76,32.0,29.4,Normal
VH-07780,97.1,51.1,3.1,12.4,73.0,29.7,Warning
VH-03406,100.7,26.7,4.4,12.44,197.0,32.6,Normal
VH-04458,90.4,39.7,10.2,11.94,109.0,36.0,Warning
VH-00075,100.5,33.1,5.6,12.87,191.0,40.2,Warning
VH-02449,101.6,47.7,6.2,13.01,59.0,36.3,Normal
VH-03054,91.4,50.4,4.5,12.38,63.0,27.6,Warning
VH-05338,97.5,45.1,10.3,13.19,20.0,30.5,Normal
VH-07634,102.7,37.1,8.0,12.79,76.0,32.2,Normal
VH-07070,96.8,38.7,9.3,12.58,77.0,28.7,Normal
VH-01493,86.4,40.9,10.0,12.16,118.0,33.4,Normal
VH-05722,95.1,50.1,4.3,12.77,159.0,30.4,Normal
VH-03893,86.5,49.4,10.3,11.87,135.0,32.9,Warning
VH-04038,89.5,23.7,10.8,13.45,53.0,33.3,Critical
VH-01645,95.4,31.0,10.7,12.45,47.0,33.3,Normal
VH-01736,84.1,62.6,7.4,12.16,182.0,28.9, normal 
VH-01879,82.0,52.1,3.4,12.57,142.0,,Warning
VH-00598,96.9,41.2,5.2,12.2,53.0,33.1,Normal
VH-04101,96.4,39.7,4.6,12.78,84.0,33.9,Normal
VH-01258,108.9,27.1,9.2,12.76,113.0,34.2,Warning
VH-03559,88.4,35.1,6.8,12.45,112.0,32.9,Normal
VH-04850,92.4,37.7,5.8,12.97,24.0,,Normal
VH-03315,101.9,39.0,5.3,13.32,38.0,34.6,Normal
VH-04699,95.1,37.0,7.4,12.74,56.0,32.1,Normal
VH-03759,80.7,48.8,10.6,12.19,31.0,30.6,Normal
VH-04122,87.0,43.2,4.8,11.85,152.0,33.3,Warning
VH-03305,99.1,43.7,2.7,13.1,93.0,36.9,Warning
VH-05415,81.9,33.8,7.5,12.07,104.0,28.1,Normal
VH-07221,94.5,42.9,10.6,13.2,60.0,32.4,Normal
VH-02019,98.8,38.4,11.8,13.07,56.0,29.0,Normal
VH-05892,111.0,45.0,6.3,12.5,113.0,34.3,Warning
VH-04820,91.2,27.5,2.3,12.87,119.0,35.0,Critical
VH-05335,86.5,23.6,8.8,,133.0,35.0,Warning
VH-00789,93.8,37.2,10.4,12.63,87.0,35.6,Normal
VH-02880,97.4,36.2,4.3,12.93,184.0,39.0,Normal
VH-06737,103.1,39.3,10.0,12.99,24.0,32.7, normal 
VH-06467,96.2,53.7,11.5,13.22,95.0,34.0,Normal
VH-00294,93.1,44.9,4.7,11.82,97.0,35.0,Warning
VH-02957,95.9,40.4,4.3,12.77,55.0,32.0,Normal
VH-05980,89.0,36.7,4.8,12.53,27.0,36.1,Normal
VH-01632,96.2,41.4,11.3,12.84,47.0,28.9,Normal
VH-02675,97.9,24.3,10.9,12.88,14.0,31.0,Warning
VH-05360,91.0,57.8,2.4,12.14,14.0,35.8,Critical
VH-02473,99.7,42.5,3.4,12.66,107.0,31.8,Warning
VH-04898,97.5,38.5,6.7,12.6,117.0,36.4,Normal
VH-06393,94.9,44.2,5.7,12.27,90.0,32.2,Normal
VH-00936,85.8,26.9,3.3,12.42,68.0,31.4,Warning
VH-01351,99.5,43.3,6.5,12.9,33.0,29.7,Normal
VH-03173,95.3,46.6,12.0,13.14,64.0,37.2,Normal
VH-06204,94.5,28.2,11.2,12.85,118.0,30.2,Normal
VH-05756,88.2,43.5,9.3,12.31,110.0,28.9,Normal
VH-04114,88.5,42.3,6.9,12.52,171.0,39.2,Normal
VH-03920,97.6,40.5,5.8,13.04,187.0,33.6,Normal
VH-07721,96.4,44.2,2.8,12.99,12.0,32.5,Warning
VH-03084,91.2,42.2,7.0,12.54,177.0,36.9,Normal
VH-07652,94.8,47.3,2.6,12.43,86.0,28.5,Warning
VH-02120,99.4,31.9,4.3,12.31,119.0,35.5,Normal
VH-05067,102.1,39.5,2.8,11.98,65.0,32.8,Warning
VH-02920,89.2,45.9,8.3,12.08,88.0,,Normal
VH-06507,95.9,36.9,3.4,12.85,7.0,31.2,Warning
VH-03577,96.5,36.7,11.0,12.61,10.0,29.0,Normal
VH-05566,105.7,42.4,9.2,12.91,13.0,34.2,Normal
VH-01145,100.5,44.8,7.4,12.68,44.0,33.6,Normal
VH-01960,96.3,40.1,6.5,12.82,48.0,32.1,Normal
VH-07146,107.9,39.2,9.3,12.55,8.0,31.6,Normal
VH-06380,91.9,38.4,2.1,12.74,125.0,33.2,Critical
VH-00002,101.0,49.7,4.8,12.87,41.0,38.6,Normal
VH-06339,95.2,51.7,3.8,12.83,119.0,32.1,Normal
VH-04061,103.5,30.8,3.6,13.08,100.0,36.8,Warning
VH-06813,86.4,47.7,6.8,12.85,172.0,35.4,Normal
VH-00964,94.7,55.1,7.3,12.25,57.0,25.7,Warning
VH-07119,83.7,28.2,6.6,11.59,89.0,30.9,Warning
VH-07407,90.3,41.6,9.1,12.49,18.0,29.9,Normal
VH-04945,110.1,15.9,10.2,12.32,27.0,33.9,Critical
VH-00653,86.2,30.1,2.9,11.73,83.0,33.7,WARNING
VH-07304,94.6,39.9,9.4,13.0,9.0,34.1,Normal
VH-03350,95.5,,4.1,12.73,52.0,33.1, normal 
VH-06459,102.2,41.0,6.4,12.54,121.0,28.9,Normal
VH-03302,102.5,43.2,4.8,14.44,140.0,29.5,Normal
VH-02379,94.3,29.1,4.4,11.5,81.0,29.0,Warning
VH-05774,115.3,35.0,11.4,13.03,67.0,39.4,Warning
VH-04885,92.2,33.1,7.3,13.14,91.0,31.7,Normal
VH-02887,96.1,26.3,6.6,13.29,122.0,,Normal
VH-06599,105.1,33.0,10.0,12.29,52.0,31.5,Normal
VH-05937,101.1,51.1,8.8,12.13,151.0,32.7,Normal
VH-04772,92.3,56.1,6.2,12.53,21.0,26.2,Warning
VH-04264,89.6,,5.2,12.16,32.0,34.4,Normal
VH-00744,95.8,33.8,3.9,12.52,64.0,28.5,Warning
VH-03758,98.2,38.6,6.0,13.73,181.0,33.3,Normal
VH-00259,84.0,42.2,10.1,11.86,43.0,36.2,Warning
VH-06857,108.2,48.0,5.1,12.33,56.0,34.7,Warning
VH-02589,100.0,40.5,2.2,12.86,172.0,37.7,Critical
VH-04081,101.9,34.7,10.3,12.99,189.0,24.6,Warning
VH-02936,80.9,37.4,12.0,,38.0,32.8,Normal
VH-00533,98.6,41.6,11.6,13.19,167.0,36.3,Normal
VH-02616,94.9,30.0,8.8,12.29,91.0,33.7,Normal
VH-00633,79.5,48.4,11.1,12.9,34.0,32.3,Normal
VH-00556,89.0,37.2,3.8,12.33,152.0,34.9,Warning
VH-02968,111.3,34.7,11.6,13.11,13.0,31.4,Warning
VH-03504,96.3,43.0,7.3,12.62,121.0,30.4,Normal
VH-06173,85.4,44.1,6.3,12.58,9.0,,Normal
VH-00590,85.2,34.0,2.6,12.56,82.0,32.4,Warning
VH-03766,102.4,38.9,10.7,12.73,155.0,30.0,Normal
VH-07223,93.5,28.6,4.7,12.47,171.0,36.4,Normal
VH-00886,105.0,38.7,2.3,12.67,118.0,27.7,Critical
VH-05514,91.7,736.4976014418271,6.8,12.75,85.0,29.1,Normal
VH-03219,103.0,34.2,6.9,12.98,22.0,33.5,Normal
VH-05945,80.4,39.1,4.2,12.47,23.0,33.0,Normal
VH-00495,102.5,38.0,2.9,13.39,29.0,33.3,Warning
VH-05304,107.1,31.8,4.3,,133.0,35.5,Normal
VH-06254,96.8,41.8,4.6,13.3,170.0,33.3,Normal
VH-00362,103.0,47.0,7.0,12.69,116.0,32.7,Normal
VH-02027,74.2,27.3,11.2,11.95,72.0,32.8,Warning
VH-05715,93.1,36.1,10.0,12.16,152.0,30.3,Normal
VH-01150,96.5,40.8,5.5,13.45,126.0,34.8,Normal
VH-00828,104.7,25.7,5.1,12.16,113.0,27.7,Warning
VH-05748,89.1,,10.7,13.27,170.0,37.9,Normal
VH-03085,100.9,51.5,4.5,12.11,189.0,33.5,Normal
VH-00643,96.4,25.3,11.6,12.44,44.0,30.6,Normal
VH-06945,104.6,30.3,9.7,12.1,156.0,33.4,Normal
VH-07343,95.4,40.2,11.5,12.69,8.0,29.8,Normal
VH-00317,89.4,20.5,3.6,12.82,99.0,35.4,Warning
VH-07998,98.4,37.3,3.1,12.13,36.0,35.3,Warning
VH-01016,95.4,36.8,9.3,12.88,163.0,32.0,Normal
VH-00662,87.8,41.5,4.0,13.94,124.0,32.7,Normal
VH-00993,105.5,51.4,9.4,12.9,33.0,36.4,Normal
VH-00648,96.3,36.3,10.0,11.76,178.0,32.2,Warning
VH-02082,85.8,54.3,4.4,12.97,49.0,32.6,Normal
VH-02167,81.3,38.3,6.1,12.75,184.0,32.5,Normal
VH-01712,100.1,,8.5,12.95,197.0,31.2,Normal
VH-00070,84.8,53.0,2.6,12.28,122.0,37.8,Warning
VH-06535,106.3,34.6,5.9,13.11,11.0,33.3,Normal
VH-07342,93.4,28.6,8.9,12.08,180.0,31.1,Normal
VH-07491,93.4,37.2,10.0,12.12,12.0,38.7,Normal
VH-03408,98.9,48.5,8.0,12.82,163.0,29.6,Normal
VH-02626,105.8,47.7,4.2,13.44,110.0,35.6,Normal
VH-01596,97.6,52.8,10.6,11.83,107.0,36.1,Warning
VH-07806,84.9,39.5,3.6,11.97,56.0,29.8,Warning
VH-01686,90.7,42.6,11.9,12.84,82.0,33.8,Normal
VH-04607,105.4,29.2,5.6,13.53,100.0,32.9,Normal
VH-03306,98.9,37.0,8.2,12.58,36.0,35.0,Normal
VH-03153,93.9,622.7483472752697,8.0,12.4,78.0,35.4,Normal
VH-03885,95.4,48.7,3.1,12.62,199.0,29.7,Warning
VH-03196,84.6,39.6,6.5,12.08,70.0,37.1,Normal
VH-01312,89.6,31.8,6.0,13.16,94.0,28.6,Normal
VH-04588,81.3,46.1,9.4,11.81,191.0,29.2,Warning
VH-07438,89.0,38.4,6.3,12.42,44.0,28.2,Normal
VH-06928,88.9,44.0,4.5,12.67,199.0,35.7,Normal
VH-02221,88.9,40.1,7.5,12.21,106.0,40.3,Warning
VH-06132,102.1,35.6,8.0,12.29,147.0,35.3,Normal
VH-00906,93.2,48.0,2.3,11.86,105.0,33.4,Critical
VH-05224,103.1,50.4,6.8,12.13,59.0,32.4,Normal
VH-02289,82.4,36.9,2.2,13.03,16.0,26.1,Critical
VH-04227,110.6,36.8,5.5,11.71,199.0,28.1,Warning
VH-04523,95.6,46.3,10.4,11.88,71.0,36.1,Warning
VH-06807,88.9,46.0,6.6,11.78,82.0,31.1,Warning
VH-05161,83.2,44.6,3.5,12.63,181.0,40.9,Warning
VH-04835,89.1,39.6,2.3,12.81,93.0,31.9,Critical
VH-04536,87.7,35.6,3.2,11.69,81.0,,Warning
VH-00830,98.2,26.6,4.6,12.12,78.0,34.4,Normal
VH-04286,89.3,34.2,5.0,12.04,147.0,36.4,Normal
VH-07982,95.1,45.2,3.9,12.47,50.0,29.3,Normal
VH-05752,103.9,51.0,4.5,12.88,59.0,36.6,Normal
VH-05612,89.5,27.1,8.2,12.2,188.0,33.0,Normal
VH-05839,83.6,35.7,10.6,12.39,110.0,34.5,Normal
VH-06648,87.3,46.1,6.9,12.18,122.0,35.9,Normal
VH-02443,100.9,,2.7,12.88,12.0,34.8,Warning
VH-03412,96.0,35.5,9.0,12.18,51.0,30.9,Normal
VH-07863,92.1,43.7,5.1,12.65,160.0,30.3,Normal
VH-00009,88.2,26.5,10.2,12.46,76.0,38.8,Normal
VH-06650,101.6,44.1,10.3,12.69,92.0,32.9,Normal
VH-02453,88.4,38.1,10.6,12.6,65.0,32.4,Normal
VH-00873,95.5,44.4,2.0,13.78,72.0,33.4,Critical
VH-05055,94.9,34.9,9.8,,134.0,32.5,Warning
VH-05429,113.3,45.1,3.7,12.51,76.0,31.1,Warning
VH-03065,95.0,43.3,9.1,12.83,179.0,32.9,Normal
VH-07009,93.6,33.7,2.2,12.94,93.0,33.8,Critical
VH-06293,90.5,49.7,6.6,12.83,65.0,29.4,Normal
VH-07068,94.3,36.6,11.8,13.8,193.0,29.6,Normal
VH-07042,77.8,27.4,3.3,12.46,31.0,33.1,Warning
VH-07131,96.2,48.5,11.8,12.45,188.0,35.1,Normal
VH-05297,94.7,24.4,3.5,12.53,179.0,32.4,Warning
VH-07727,106.9,36.6,3.8,12.21,199.0,30.7,Warning
VH-07403,87.7,28.6,7.5,12.63,150.0,34.2, normal 
VH-06410,109.1,56.5,11.2,12.7,11.0,30.7,Warning
VH-07648,93.9,,5.6,12.66,94.0,33.7,Normal
VH-05609,98.8,41.6,5.2,12.78,128.0,35.9,Normal
VH-02730,85.6,23.2,2.2,12.79,117.0,31.0,Critical
VH-04993,89.6,49.2,10.1,11.9,47.0,31.4,Warning
VH-06398,86.8,32.3,10.9,12.39,49.0,32.8,Normal
VH-04197,81.9,36.5,6.3,12.55,37.0,34.7,Normal
VH-05412,90.7,25.2,9.4,12.86,61.0,31.4,Normal
VH-04833,88.5,45.5,7.1,12.68,67.0,34.3,Normal
VH-00284,86.1,45.8,5.9,,135.0,32.4, normal 
VH-03417,102.6,33.3,5.9,12.23,132.0,31.0,Normal
VH-02036,91.3,31.6,7.1,12.34,129.0,31.2,Normal
VH-00820,91.2,46.0,11.5,12.3,14.0,37.0,Normal
VH-07506,80.3,,3.2,12.44,101.0,31.1,Warning
VH-05101,107.8,22.9,3.7,12.88,96.0,34.6,Warning
VH-05909,105.9,40.8,3.2,13.23,78.0,35.1,Warning
VH-05868,98.7,42.3,11.7,11.74,127.0,32.6,Warning
VH-00524,106.2,52.4,3.4,12.57,197.0,35.4,Warning
VH-01897,98.6,39.7,6.9,13.67,170.0,30.2,Normal
VH-03984,88.6,36.8,9.8,12.47,39.0,31.8,Normal
VH-05767,108.2,49.3,3.4,13.69,21.0,32.3,Warning
VH-00326,82.4,38.2,5.7,12.8,55.0,35.8,Normal
VH-04160,84.3,29.6,7.6,12.24,192.0,33.9,Normal
VH-04539,100.5,39.7,10.1,12.67,12.0,35.7,Normal
VH-05209,84.3,33.2,10.7,12.65,67.0,35.4,Normal
VH-06240,104.1,36.1,5.1,12.86,68.0,33.6,Normal
VH-02196,93.6,,2.1,12.23,109.0,34.5,Critical
VH-05402,84.4,43.4,3.7,,112.0,36.3,Warning
VH-03192,95.7,30.8,8.0,12.0,103.0,32.2,Warning
VH-02942,95.2,38.1,3.5,12.98,38.0,31.2,Warning
VH-02956,99.2,40.4,10.1,12.46,33.0,31.4,Normal
VH-02310,101.6,38.7,4.7,13.01,12.0,34.6,Normal
VH-00498,79.1,51.9,5.3,12.39,158.0,36.6,Normal
VH-06715,85.8,40.1,2.8,12.58,109.0,31.4,Warning
VH-02546,92.5,48.2,12.0,12.0,16.0,31.7,Warning
VH-02782,99.0,51.4,4.3,11.77,176.0,30.6,Warning
VH-02405,81.8,,11.4,12.62,49.0,30.1,Normal
VH-02700,101.9,34.9,9.1,12.64,149.0,29.3,Normal
VH-07046,99.6,35.4,7.8,12.73,32.0,32.4,Critical
VH-07450,76.3,42.0,10.9,12.43,132.0,37.8,Normal
VH-00379,91.3,55.4,11.8,12.73,105.0,31.0,Normal
VH-03048,102.1,48.9,3.5,12.64,191.0,28.3,Warning
VH-07232,86.0,,10.9,12.99,125.0,34.1,Normal
VH-05838,94.7,37.7,6.0,12.93,38.0,32.4,Normal
VH-04132,97.8,41.7,9.9,12.05,135.0,31.3,Normal
VH-05102,103.3,38.2,4.4,12.26,122.0,34.5,Normal
VH-05443,94.6,49.2,7.7,11.7,181.0,35.7,Warning
VH-07169,109.3,55.8,5.8,12.83,42.0,31.0,Warning
VH-01052,95.9,32.5,6.1,12.61,188.0,35.9,Normal
VH-00190,108.8,44.8,10.1,11.86,169.0,28.1,Warning
VH-02788,90.4,37.4,7.6,12.52,35.0,29.5,Normal
VH-04844,94.7,47.9,7.0,12.13,137.0,,Normal
VH-02387,100.3,40.6,7.8,12.18,197.0,32.0,Normal
VH-01720,103.4,50.8,5.5,12.88,187.0,34.9,Normal
VH-04463,90.1,61.5,2.4,13.0,70.0,31.4,Critical
VH-04807,90.2,50.6,3.1,12.66,63.0,37.3,Warning
VH-00020,93.5,52.0,11.5,12.56,135.0,30.5,Normal
VH-03445,92.4,47.1,7.0,12.62,26.0,32.7,Normal
VH-06971,106.4,26.8,9.3,12.08,99.0,35.5,Normal
VH-04247,99.0,47.6,10.4,12.49,140.0,34.7,Normal
VH-04585,98.7,58.9,6.8,12.54,15.0,37.2,Normal
VH-02534,93.6,41.1,8.0,11.75,69.0,38.7,Warning
VH-02866,99.1,45.8,4.3,12.63,85.0,31.1, normal 
VH-07112,104.3,42.7,9.7,13.24,162.0,34.7,Normal
VH-07876,91.7,35.0,7.6,12.79,137.0,31.1,Normal
VH-04965,96.0,34.0,3.1,12.67,162.0,36.8,Warning
VH-06653,86.2,33.8,4.0,,77.0,,Warning
VH-02020,95.1,38.0,2.2,12.8,51.0,34.1,Critical
VH-07886,90.1,31.6,4.5,12.53,197.0,33.5,Normal
VH-07485,97.7,45.9,8.2,12.44,133.0,31.9,Normal
VH-05650,98.1,,2.2,13.26,182.0,,Critical
VH-06057,86.6,45.6,4.3,12.2,171.0,32.7,Normal
VH-00208,88.0,32.7,4.4,11.65,89.0,29.9,Warning
VH-06496,94.7,36.6,5.3,12.8,65.0,33.0,Normal
VH-04454,99.7,32.5,8.1,12.2,27.0,36.4,Normal
VH-00189,108.2,41.6,2.1,12.1,184.0,35.0,Critical
VH-05682,92.0,26.5,6.7,12.64,130.0,33.3,Normal
VH-05776,95.9,23.2,5.6,11.39,60.0,,Warning
VH-00150,93.7,43.1,10.9,11.79,63.0,32.3,Warning
VH-00022,104.8,46.0,8.5,12.55,79.0,36.1,Normal
VH-06320,84.0,37.0,5.9,12.69,20.0,32.3,Normal
VH-07949,105.2,47.2,11.2,11.99,156.0,32.7,Warning
VH-05057,91.9,41.8,3.3,11.97,64.0,33.3,Warning
VH-01331,86.4,33.5,4.7,12.3,107.0,30.0,Normal
VH-04306,97.1,30.2,8.7,11.58,108.0,30.2,Warning
VH-00442,97.9,51.7,6.9,13.02,41.0,37.5,Normal
VH-00657,96.4,27.5,7.1,11.92,78.0,31.7,Warning
VH-02355,77.5,38.2,3.1,13.4,17.0,32.6,Warning
VH-06521,101.0,31.8,9.3,11.8,19.0,32.4,Warning
VH-01382,92.5,42.2,4.7,12.97,94.0,34.2,Normal
VH-01807,95.0,47.2,10.2,12.23,34.0,35.1,Normal
VH-04645,88.3,37.4,4.0,13.16,159.0,30.2,Warning
VH-06283,85.8,30.2,5.5,12.82,134.0,32.9,Normal
VH-02798,99.6,31.7,7.3,12.45,152.0,32.4,Normal
VH-01962,92.8,45.2,2.0,13.07,130.0,35.9,Critical
VH-07954,91.8,36.3,10.9,12.53,117.0,33.3,Normal
VH-04121,100.9,41.7,10.6,13.08,129.0,40.3,Warning
VH-00550,98.1,41.7,11.8,12.1,18.0,35.2,Normal
VH-04104,92.2,40.3,9.4,13.43,69.0,30.8,Normal
VH-06422,73.6,41.5,7.2,12.37,191.0,33.5,Warning
VH-07079,97.7,35.3,11.9,11.79,145.0,36.2,Warning
VH-03952,94.5,43.3,10.9,12.45,108.0,38.7,Normal
VH-05935,85.7,52.4,8.8,13.01,23.0,35.1,Normal
VH-04811,91.9,46.0,11.3,12.96,25.0,33.9,Normal
VH-07382,95.6,42.7,2.1,12.03,44.0,35.9,Critical
VH-00939,101.9,30.6,4.2,11.6,36.0,26.9,Warning
VH-02469,95.1,37.9,11.3,12.28,156.0,35.9,Normal
VH-04896,99.9,43.3,7.4,12.15,156.0,35.6,Normal
VH-02817,101.2,31.5,9.6,12.8,86.0,36.0,Normal
VH-06754,94.5,32.7,9.6,13.17,55.0,34.5,Normal
VH-05171,94.3,42.3,9.4,11.92,17.0,30.1,Warning
VH-05051,96.2,40.4,9.3,12.99,89.0,33.2,Normal
VH-05538,99.5,36.6,7.4,11.84,73.0,35.3,Warning
VH-05186,99.9,40.9,2.9,13.54,168.0,35.0,Warning
VH-07047,100.8,41.5,5.3,12.28,193.0,34.4,Normal
VH-02898,88.1,40.1,10.5,12.1,169.0,36.6,Normal
VH-02103,101.2,26.2,2.9,11.97,29.0,28.5,Warning
VH-01527,93.6,36.0,4.4,13.15,74.0,38.1,Normal
VH-00340,76.7,49.0,7.0,12.42,199.0,31.8,Normal
VH-02414,103.9,38.9,2.1,12.19,41.0,32.2,Critical
VH-04379,84.4,38.1,10.0,13.23,101.0,31.6,Normal
VH-07877,99.1,45.1,11.7,13.15,197.0,35.5,Normal
VH-06327,91.5,34.4,5.8,12.82,142.0,30.6,Normal
VH-04086,88.5,45.8,8.8,12.48,11.0,33.3,Normal
VH-00420,95.7,42.3,7.7,13.53,162.0,30.0,Normal
VH-00761,100.1,40.4,12.0,12.14,85.0,33.7,Normal
VH-03515,92.6,40.5,11.6,12.04,53.0,32.4,Critical
VH-02389,94.6,46.3,3.8,,92.0,30.9,Warning
VH-04246,96.7,36.6,7.3,12.28,197.0,35.3,Normal
VH-04867,92.3,43.2,7.0,12.86,81.0,34.1,Normal
VH-00864,89.5,56.4,5.3,11.63,66.0,32.2,Warning
VH-01868,92.0,43.3,9.6,12.52,50.0,36.4,Normal
VH-02388,104.0,41.3,11.6,11.99,59.0,34.9,Warning
VH-00503,83.0,28.4,9.9,11.82,63.0,32.8,Warning
VH-03441,95.4,21.7,10.1,13.25,11.0,35.0,Warning
VH-04044,87.3,31.5,9.6,12.2,98.0,32.1,Normal
VH-04530,102.3,51.3,5.8,13.16,9.0,34.9,Normal
VH-05135,92.4,37.0,9.6,12.76,108.0,29.8,Normal
VH-03804,102.9,42.0,2.7,12.34,140.0,37.5,Warning
VH-00769,108.5,,6.3,11.75,105.0,38.1,Warning
VH-00884,86.3,43.9,5.7,12.75,75.0,30.7,Normal
VH-06220,106.9,27.2,10.7,,100.0,33.2,Normal
VH-06926,84.2,26.1,5.1,12.82,103.0,31.4,Normal
VH-05371,97.5,51.8,9.7,12.3,63.0,29.5,Normal
VH-06809,91.9,42.1,3.5,14.02,41.0,37.1,Warning
VH-04375,77.4,47.3,2.9,13.06,110.0,27.0,Warning
VH-02526,94.4,35.6,6.3,12.16,141.0,35.8, normal 
VH-07673,90.2,50.1,7.6,12.09,170.0,35.0,Normal
VH-06069,87.3,21.8,7.2,13.04,6.0,34.6,Warning
VH-01286,84.4,39.6,7.1,11.96,94.0,,Warning
VH-05558,90.4,24.2,5.2,12.84,116.0,34.1,Warning
VH-04674,97.2,36.3,3.6,12.24,112.0,39.8,Warning
VH-02979,113.4,40.2,9.6,12.63,174.0,30.3,Warning
VH-03593,98.6,33.2,9.8,12.1,108.0,34.6,Normal
VH-00710,94.9,29.2,11.9,12.86,101.0,33.7,Normal
VH-07518,98.5,29.9,11.7,12.25,43.0,32.5,Normal
VH-07586,100.7,32.4,10.6,12.85,48.0,26.9,Warning
VH-00098,98.2,39.9,2.5,12.06,195.0,25.8,Critical
VH-03529,94.1,,10.3,12.05,32.0,27.7,Warning
VH-00890,88.3,38.6,2.1,12.84,183.0,33.2,Critical
VH-03415,95.5,48.0,3.2,12.02,9.0,31.3,Warning
VH-03218,112.9,32.6,10.2,12.4,28.0,30.5,Warning
VH-06048,101.6,24.1,10.8,12.42,125.0,31.6,Warning
VH-01982,95.2,32.2,7.4,12.65,65.0,26.8,Warning
VH-06360,103.6,48.9,6.5,13.45,93.0,33.8,Normal
VH-04739,94.6,37.1,5.2,12.6,171.0,32.4,Normal
VH-05357,94.5,30.3,11.5,12.45,85.0,33.4, normal 
VH-01039,100.4,35.5,3.8,13.01,161.0,,Warning
VH-04033,99.8,45.4,10.0,12.84,94.0,36.5,Normal
VH-07520,73.9,33.9,5.7,12.26,10.0,30.2,Warning
VH-02595,88.4,33.6,7.1,,76.0,33.3,Normal
VH-07241,87.5,41.9,4.7,12.68,36.0,33.1,Normal
VH-05797,96.6,61.4,8.8,,70.0,32.3,Warning
VH-01062,91.3,43.4,11.2,12.6,73.0,37.4,Normal
VH-03333,91.8,40.3,8.6,,70.0,32.5,Warning
VH-06330,106.5,51.1,7.0,13.05,8.0,34.0,Normal
VH-04205,92.9,50.3,9.8,12.99,106.0,30.5,Normal
VH-01250,102.7,49.8,10.9,12.58,176.0,32.8,Normal
VH-05077,95.6,37.7,5.8,13.01,111.0,31.3,Normal
VH-01465,95.3,54.7,2.8,12.37,64.0,26.3,Warning
VH-05352,102.9,30.8,11.2,12.8,171.0,34.8,Normal
VH-07081,103.3,22.4,3.4,12.83,61.0,37.5,Warning
VH-01991,99.4,25.3,8.0,12.36,8.0,35.2,Normal
VH-06858,112.9,42.6,11.6,12.35,21.0,31.3,Warning
VH-05430,82.9,22.2,6.1,12.12,28.0,34.4,Warning
VH-01398,99.6,34.2,2.5,12.88,34.0,35.7,Critical
VH-05516,95.6,43.7,2.2,12.1,172.0,32.2,Critical
VH-00670,101.3,46.0,7.7,12.07,162.0,31.5,Normal
VH-01262,101.4,51.3,9.3,12.24,143.0,32.3,Normal
VH-06060,90.8,40.4,6.8,12.58,90.0,29.1,Normal
VH-02761,82.1,40.9,11.9,13.19,83.0,38.9,Normal
VH-04849,95.2,,3.9,12.09,163.0,30.2,Warning
VH-00384,82.2,38.3,6.3,12.89,183.0,35.5,Normal
VH-06852,94.9,41.8,11.2,12.96,192.0,37.5,Normal
VH-02022,96.0,39.9,7.0,12.77,62.0,25.2,Warning
VH-01196,85.2,28.9,3.5,12.21,150.0,31.8,Warning
VH-00416,103.7,47.5,5.6,12.23,21.0,39.1,Normal
VH-05659,96.3,29.9,6.6,12.78,61.0,31.5,Normal
VH-05552,99.5,47.3,10.3,13.2,71.0,36.1,Normal
VH-06436,102.2,48.7,2.3,12.07,106.0,38.5,Critical
VH-06301,89.3,55.5,9.4,12.45,126.0,34.4,Normal
VH-00848,89.3,43.1,8.1,11.97,171.0,36.0,Warning
VH-06397,84.9,41.1,7.2,12.58,48.0,32.4,Normal
VH-07576,94.2,27.0,4.4,12.61,170.0,36.2,Normal
VH-04548,96.1,37.3,7.9,12.2,129.0,31.3,Normal
VH-07032,95.6,24.0,4.5,12.53,196.0,31.6,Warning
VH-05667,93.5,24.6,5.4,13.01,96.0,32.0,Warning
VH-03451,100.6,33.1,11.6,12.11,161.0,28.1,Normal
VH-07889,100.0,27.6,9.9,12.38,55.0,36.4,Normal
VH-01011,106.5,31.8,4.9,12.68,146.0,37.0,Normal
VH-07662,90.0,44.9,4.4,12.64,150.0,27.9,Normal
VH-02643,87.3,41.3,4.5,13.33,59.0,39.4,Normal
VH-04512,105.2,33.1,2.5,11.51,199.0,32.0,Warning
VH-06884,93.2,25.3,9.4,13.42,106.0,33.7,Normal
VH-04071,93.7,22.8,2.7,11.42,198.0,25.9,Warning
VH-04832,86.3,34.0,2.8,12.53,167.0,34.3,Warning
VH-06167,73.7,37.3,9.6,12.71,31.0,,Warning
VH-01236,95.2,46.5,9.9,12.42,89.0,30.4,Normal
VH-03722,102.5,34.9,5.8,13.84,113.0,37.9,Normal
VH-02411,107.6,41.1,6.2,12.36,71.0,33.8,Normal
VH-01703,76.4,39.7,4.3,13.11,28.0,29.5, normal 
VH-07534,98.4,38.1,11.0,11.93,58.0,35.0,Warning
VH-00898,98.8,39.1,3.9,12.57,125.0,30.1,Warning
VH-07319,92.8,22.8,8.2,12.34,98.0,36.0,Warning
VH-04749,81.0,25.4,11.1,12.34,177.0,35.9, normal 
VH-07422,99.4,34.1,2.3,11.82,191.0,37.3,Critical
VH-03446,91.6,45.7,5.2,12.62,93.0,31.4,Normal
VH-00200,97.7,42.9,4.2,12.19,168.0,34.3,Normal
VH-01727,90.8,49.8,8.9,12.37,131.0,34.1,Normal
VH-06723,83.8,41.6,10.8,13.11,24.0,31.8,Normal
VH-04510,92.9,53.7,9.5,,161.0,31.6,Normal
VH-07828,104.2,44.5,9.2,12.63,126.0,35.0,Normal
VH-01842,102.0,26.2,8.9,12.13,8.0,28.1,Normal
VH-05074,104.9,35.3,10.5,13.06,90.0,,Normal
VH-00734,97.2,38.0,9.0,13.62,54.0,31.5,Normal
VH-07703,92.6,44.9,10.9,12.26,169.0,29.3,Normal
VH-02739,106.1,30.4,9.5,11.95,42.0,35.6,Warning
VH-01206,89.3,32.5,6.8,11.51,152.0,33.3,Warning
VH-01695,98.3,43.2,6.2,12.81,160.0,33.4,Normal
VH-02319,92.8,43.2,2.4,12.82,82.0,29.7,Critical
VH-03665,82.3,36.6,8.7,12.82,148.0,34.3,Normal
VH-03277,78.1,46.4,3.3,12.04,192.0,31.6,Warning
VH-03064,92.7,33.1,11.3,13.05,159.0,28.0,Normal
VH-00599,80.8,37.7,8.7,12.66,31.0,36.0,Normal
VH-05505,87.4,53.5,11.4,12.22,163.0,34.4,Normal
VH-03351,98.4,55.2,4.3,13.16,43.0,34.0,Normal
VH-07127,88.6,36.4,8.0,12.59,97.0,32.5,Normal
VH-03544,92.9,,3.0,12.5,199.0,26.6,Warning
VH-03511,83.8,50.5,7.4,11.56,88.0,35.4,Warning
VH-00400,93.6,36.2,7.9,13.36,182.0,26.3,Warning
VH-03321,92.5,30.1,3.2,12.63,187.0,32.6,Warning
VH-06237,84.5,37.4,7.2,12.62,76.0,31.1,Normal
VH-01776,84.2,30.8,9.9,12.53,173.0,33.8,Normal
VH-07125,99.1,34.6,6.4,13.11,183.0,31.1,Normal
VH-00514,101.3,47.4,10.9,13.12,116.0,36.5,Normal
VH-06306,80.9,,11.1,11.74,161.0,32.5,Warning
VH-05316,101.1,41.4,10.1,12.82,91.0,33.5,Normal
VH-04562,97.5,48.7,11.0,12.61,13.0,31.8,Normal
VH-04382,98.8,41.3,10.9,12.38,100.0,30.5,Normal
VH-05891,108.6,47.9,5.6,13.42,8.0,32.8,Warning
VH-03892,76.3,48.9,5.3,13.26,58.0,35.1,Normal
VH-02544,94.6,38.3,10.7,12.6,151.0,33.1,Normal
VH-05031,101.6,36.7,5.2,12.97,21.0,30.6,Normal
VH-05034,103.1,,10.1,12.31,23.0,39.3,Normal
VH-06633,84.3,43.5,4.0,11.98,160.0,36.7,Warning
VH-00814,90.0,54.1,2.8,12.33,12.0,35.7,Warning
VH-04316,99.9,39.7,8.6,12.81,129.0,32.9,Normal
VH-05093,95.0,42.9,9.2,11.84,137.0,37.5,Warning
VH-06215,92.7,38.1,7.1,12.98,42.0,31.2,Normal
VH-02206,91.4,38.0,5.7,11.71,59.0,33.0,Warning
VH-02752,82.0,39.5,10.8,12.35,123.0,31.0,Normal
VH-00891,90.5,45.8,11.0,11.85,111.0,36.9,Warning
VH-07071,102.7,29.2,5.8,12.56,145.0,40.7,Warning
VH-01505,99.0,47.5,9.7,12.39,18.0,32.1,Normal
VH-06910,100.0,41.7,3.1,11.99,70.0,33.6,Warning
VH-06087,100.7,36.7,11.0,12.29,147.0,33.6,Normal
VH-07724,92.4,35.8,8.8,12.54,164.0,33.6,Normal
VH-06297,95.9,26.7,9.1,12.74,191.0,,Normal
VH-01035,95.0,54.1,7.8,12.81,81.0,38.7,Normal
VH-05035,83.2,59.2,11.6,13.06,87.0,30.1,Normal
VH-00219,89.4,44.2,3.2,14.01,191.0,,Warning
VH-02265,101.3,37.8,5.6,13.15,162.0,,Warning
VH-05066,78.0,55.0,2.9,12.7,30.0,,Critical
VH-03548,88.9,34.1,8.9,12.54,105.0,31.6,Normal
VH-05789,106.0,32.0,9.3,12.93,162.0,32.4,Normal
VH-04714,90.3,37.8,6.5,11.93,44.0,29.0,WARNING
VH-05397,104.4,41.9,7.4,12.91,20.0,34.7,Normal
VH-07247,98.4,47.1,2.3,12.44,159.0,32.7,Critical
VH-05176,111.9,40.9,10.7,12.16,161.0,33.7,WARNING
VH-04221,99.3,48.5,5.4,,96.0,29.4,Normal
VH-00133,93.2,,4.0,12.59,52.0,29.9,Warning
VH-06742,88.8,43.3,5.5,12.07,20.0,35.0,Normal
VH-07164,95.2,36.0,5.0,12.91,174.0,30.3,Normal
VH-03643,89.8,17.0,6.0,13.54,66.0,33.8,Critical
VH-02321,105.1,37.2,8.0,12.26,179.0,24.3,Warning
VH-02786,95.1,36.8,4.2,12.52,197.0,36.0,Normal
VH-06147,89.6,25.5,4.5,11.73,69.0,36.5,Warning
VH-00821,106.5,43.4,4.0,13.53,110.0,29.3,Normal
VH-05786,99.3,34.0,7.9,12.73,130.0,31.8,Normal
VH-04374,102.0,32.6,3.2,12.65,182.0,35.9,Warning
VH-07916,89.6,45.8,7.8,12.84,132.0,32.9,Normal
VH-01509,96.1,48.9,11.7,13.29,135.0,,Normal
VH-04008,88.3,34.9,8.1,11.86,132.0,33.0,Warning
VH-01414,105.9,56.3,10.3,13.3,146.0,35.5,Normal
VH-00516,100.3,24.1,9.2,12.37,15.0,33.7,Critical
VH-04439,87.3,52.2,3.7,12.38,171.0,34.0,Warning
VH-06121,103.0,,6.9,12.93,33.0,31.9,Normal
VH-06305,111.8,32.1,3.9,13.82,151.0,30.0,Warning
VH-06025,99.0,34.6,2.4,11.99,181.0,29.7,Critical
VH-03671,99.2,46.5,6.5,12.91,87.0,31.9,Normal
VH-02048,95.8,34.0,4.1,12.85,31.0,34.9,Normal
VH-05362,110.4,41.3,11.1,13.13,135.0,27.5,Warning
VH-04622,95.5,55.4,5.0,12.42,48.0,30.7,Normal
VH-07532,83.0,50.6,7.8,12.64,116.0,30.0,Normal
VH-05145,95.9,48.6,2.6,12.7,166.0,31.8,Warning
VH-06640,99.4,54.1,3.6,12.71,94.0,33.5,Warning
VH-00600,99.1,43.2,8.8,12.7,62.0,30.3,Normal
VH-02749,101.0,45.2,4.6,12.72,188.0,27.1,Warning
VH-06396,104.3,32.6,8.0,12.76,110.0,32.8,Normal
VH-03255,97.7,43.2,6.3,11.85,23.0,,Warning
VH-00217,105.7,31.2,5.7,12.8,54.0,32.0,Normal
VH-04752,99.0,38.3,2.9,12.62,115.0,30.2,Warning
VH-02839,95.6,34.3,7.7,11.74,30.0,31.4,Warning
VH-04560,100.2,36.6,2.6,12.66,89.0,31.9,Warning
VH-03235,99.4,37.6,5.3,,183.0,32.7,Normal
VH-04188,89.2,43.9,6.8,12.24,49.0,27.3,Warning
VH-06613,95.5,32.4,10.1,13.24,196.0,35.4,Warning
VH-03839,93.6,37.7,8.5,12.25,199.0,33.5,Normal
VH-06310,99.5,38.3,8.3,11.59,27.0,33.5,Warning
VH-04696,100.7,33.9,6.4,13.23,123.0,34.6,Normal
VH-04780,92.2,47.2,10.9,12.93,55.0,36.2,Normal
VH-03036,96.1,40.1,11.8,13.03,190.0,32.9,Normal
VH-00854,97.2,55.5,3.4,12.7,154.0,36.6,Warning
VH-00487,98.4,37.2,4.2,12.18,180.0,32.4,Normal
VH-06534,83.4,49.7,9.1,14.13,68.0,39.7,Normal
VH-03508,99.4,35.2,6.0,12.51,54.0,26.8,Warning
VH-06526,102.4,49.2,3.7,12.12,75.0,32.9,Warning
VH-00592,109.6,40.6,6.9,12.51,145.0,34.2,Warning
VH-07600,97.0,46.3,7.6,13.58,41.0,,Normal
VH-01608,93.3,52.6,10.0,12.29,119.0,36.3,Normal
VH-06833,85.9,30.6,4.6,12.94,105.0,38.8,Normal
VH-04322,83.0,40.1,2.8,12.65,55.0,38.3,Warning
VH-01734,90.9,38.9,4.6,13.63,137.0,28.2,Normal
VH-00099,87.8,54.2,7.5,,87.0,33.0,Warning
VH-06226,94.8,36.9,8.0,12.22,188.0,30.0,Normal
VH-06168,94.5,49.9,6.8,12.7,69.0,32.5,Normal
VH-02132,92.0,46.4,6.0,13.03,96.0,39.5,Normal
VH-02074,95.5,31.0,2.9,11.72,97.0,38.7,Warning
VH-07224,88.7,33.4,10.8,12.6,59.0,30.2,Normal
VH-00413,101.0,32.7,8.2,12.02,85.0,32.7,Normal
VH-00357,97.2,54.4,4.0,11.89,50.0,,Warning
VH-07214,87.4,35.3,4.8,12.82,193.0,29.2,Normal
VH-05221,79.2,51.8,6.5,12.13,193.0,30.4,Normal
VH-03365,84.7,38.1,9.0,13.01,41.0,31.7,Normal
VH-05900,95.4,50.5,5.7,11.92,177.0,31.2,Warning
VH-07911,92.9,,2.9,13.29,61.0,26.5,Warning
VH-03314,103.7,29.3,10.2,12.8,183.0,32.2,Normal
VH-03236,103.8,35.6,9.8,12.65,186.0,,Normal
VH-03130,100.3,26.7,6.8,12.17,79.0,30.5,Normal
VH-00253,87.1,50.5,9.1,12.24,72.0,30.0,Normal
VH-00015,88.1,49.2,9.6,11.81,188.0,32.1,Warning
VH-01961,89.9,37.8,5.2,12.63,193.0,35.8,Normal
VH-00203,100.2,33.4,5.3,13.3,97.0,34.9,Critical
VH-00036,94.1,38.9,2.2,12.88,46.0,31.5,Critical
VH-03404,82.9,43.7,3.8,12.38,155.0,33.7,Warning
VH-00435,90.2,46.8,9.6,12.52,11.0,33.6,Normal
VH-00589,107.9,22.1,3.5,12.54,107.0,35.7,Warning
VH-04001,102.2,40.5,11.4,13.1,85.0,38.7,Normal
VH-01965,98.9,38.1,3.2,12.19,83.0,31.7,Warning
VH-03122,100.5,37.5,4.5,12.43,94.0,35.7,Normal
VH-00270,89.2,43.8,7.1,13.0,53.0,32.2, normal 
VH-07636,109.4,28.9,6.4,12.61,32.0,30.7,WARNING
VH-02706,98.2,22.9,4.7,12.37,121.0,32.3,Critical
VH-05476,87.9,37.3,7.0,13.03,37.0,32.9,Normal
VH-05905,93.1,41.3,4.2,13.63,10.0,37.5,Normal
VH-06999,98.8,34.8,9.5,12.06,50.0,35.5,Normal
VH-00012,95.5,41.2,5.0,13.13,15.0,37.6,Normal
VH-06751,93.8,34.9,10.3,12.49,184.0,29.8,Normal
VH-07645,104.8,56.8,10.6,11.87,7.0,36.6,Warning
VH-01448,92.5,33.4,6.1,12.35,186.0,25.7,Warning
VH-03803,97.4,37.6,6.0,11.74,119.0,34.4,Warning
VH-07261,104.5,35.5,8.5,12.84,29.0,35.7,Normal
VH-01022,98.3,57.1,6.4,12.5,142.0,33.4,Normal
VH-06585,92.1,33.1,3.0,12.82,179.0,36.1,Warning
VH-01530,99.4,41.9,7.0,13.51,116.0,36.5,Normal
VH-03262,97.6,41.8,8.8,12.81,167.0,37.2,Normal
VH-04290,91.5,34.8,9.8,12.82,13.0,32.6,Normal
VH-03579,84.3,40.0,11.1,13.07,165.0,30.4,Normal
VH-04730,93.8,37.7,6.8,11.91,51.0,34.5,Normal
VH-07837,105.1,51.8,2.2,11.89,78.0,34.6,Critical
VH-01495,86.2,45.5,10.5,12.74,145.0,31.7,Normal
VH-06455,89.7,54.5,10.3,12.42,133.0,31.3,Normal
VH-06309,83.4,40.1,3.9,12.38,157.0,27.9,Warning
VH-04297,89.7,47.3,11.4,12.63,79.0,31.7,Normal
VH-04107,105.2,40.1,11.7,13.41,92.0,34.8,Normal
VH-02527,92.0,28.5,11.3,12.7,53.0,36.4,Normal
VH-05398,80.9,24.1,6.9,12.56,62.0,35.9,Warning
VH-07862,86.8,49.8,7.5,13.06,41.0,38.1,Normal
VH-07613,90.8,56.9,3.4,12.65,94.0,30.4,Warning
VH-06985,98.2,35.1,5.2,12.27,174.0,30.3,Normal
VH-07854,91.9,46.3,10.1,11.51,105.0,33.6,Warning
VH-03148,109.2,28.8,9.1,12.91,94.0,36.6,Warning
VH-06394,110.3,44.8,5.8,12.39,131.0,30.0,Warning
VH-03169,85.5,37.5,2.1,12.64,66.0,25.4,Critical
VH-01844,84.5,34.4,8.4,12.49,118.0,, normal 
VH-05810,110.1,36.1,7.2,12.64,34.0,33.4,Warning
VH-05254,101.3,42.8,2.5,12.48,84.0,36.0,Warning
VH-01980,96.4,29.8,6.3,11.25,84.0,,Critical
VH-02117,95.9,36.1,7.7,11.88,30.0,,Warning
VH-02639,90.3,51.3,9.2,12.0,67.0,30.5,Warning
VH-03714,88.7,44.0,8.9,12.08,36.0,38.0,Normal
VH-01688,93.9,,8.0,12.14,58.0,38.8,Normal
VH-00902,93.8,28.6,11.4,12.68,13.0,33.2,Normal
VH-01134,93.7,31.8,10.8,12.79,42.0,34.7,Normal
VH-06039,101.1,34.4,11.0,13.4,95.0,33.1,Normal
VH-01108,105.4,41.4,11.6,13.8,34.0,30.9,Normal
VH-03059,92.5,43.4,9.3,12.95,11.0,32.1,Normal
VH-05615,91.9,,6.7,11.72,149.0,32.8,Warning
VH-05179,89.7,32.0,9.7,12.72,116.0,37.6,Critical
VH-00768,84.8,36.0,8.3,12.69,174.0,35.4,Normal
VH-07864,85.2,42.2,10.5,13.1,177.0,30.1,Normal
VH-00617,96.9,11.8,2.6,12.6,58.0,32.8,critical
VH-02138,97.6,41.0,11.1,12.33,55.0,34.9,Normal
VH-07945,83.4,40.0,10.5,12.36,61.0,26.3,Warning
VH-00795,94.0,51.0,3.1,13.22,158.0,28.8,Warning
VH-03837,93.9,41.5,3.2,12.39,91.0,31.8,Warning
VH-05485,101.4,47.6,9.4,12.33,164.0,29.9,Normal
VH-07554,101.0,48.7,9.5,12.67,43.0,28.0,Normal
VH-05865,81.8,,2.4,12.59,23.0,28.7,Critical
VH-03840,83.9,41.3,8.1,12.76,33.0,36.6,Normal
VH-05409,99.0,46.6,9.8,12.64,95.0,,Warning
VH-01325,102.7,53.4,4.2,12.64,72.0,34.8,Normal
VH-02164,99.8,46.6,4.3,13.44,161.0,36.6,Normal
VH-04450,88.9,33.0,8.6,12.83,43.0,32.4,Normal
VH-03756,93.4,43.5,11.2,12.74,21.0,37.3,Normal
VH-07476,86.8,26.6,7.8,12.56,40.0,38.0, normal 
VH-06256,85.7,50.9,3.6,12.35,176.0,34.6,Warning
VH-04077,91.2,41.5,9.4,12.61,21.0,37.1,Normal
VH-04469,88.5,45.4,3.2,12.64,48.0,29.2,Warning
VH-05087,89.1,,8.9,12.3,175.0,33.8,Normal
VH-01569,82.3,38.0,5.9,12.8,8.0,30.9,Normal
VH-01237,99.6,45.7,7.6,12.31,118.0,34.2,Normal
VH-06765,89.9,33.1,4.6,12.52,82.0,30.9,Normal
VH-02304,98.0,37.1,8.7,12.39,54.0,33.3,Normal
VH-01603,83.6,40.9,8.4,13.28,193.0,35.4,Normal
VH-06258,86.1,53.0,5.1,12.31,194.0,35.6,Normal
VH-06539,92.5,32.3,8.9,11.98,75.0,30.5,Warning
VH-05679,101.8,38.7,8.9,12.7,159.0,36.0,Normal
VH-04174,86.4,31.6,7.8,12.23,179.0,33.3,Normal
VH-01539,107.1,43.2,2.8,13.01,90.0,31.0,Warning
VH-07747,100.0,44.5,9.5,12.44,93.0,34.2,Normal
VH-00847,101.8,20.6,4.3,12.86,175.0,34.5,Warning
VH-00461,88.3,41.2,10.0,12.64,175.0,29.5,Normal
VH-07908,86.0,48.7,2.8,13.07,30.0,34.3,Warning
VH-00813,91.0,44.3,11.0,12.51,13.0,33.7,Normal
VH-01522,93.1,43.7,6.2,12.32,104.0,31.5,Normal
VH-01054,84.0,43.6,4.9,13.02,61.0,36.3,Normal
VH-02218,89.8,43.7,8.9,11.98,196.0,32.2,Warning
VH-01806,98.8,36.9,3.0,12.28,69.0,31.4,Warning
VH-05777,96.4,45.1,11.5,12.45,118.0,29.4,Normal
VH-06623,98.1,45.7,3.6,12.83,8.0,35.6,Warning
VH-04139,97.4,23.9,5.9,12.31,182.0,34.2,Warning
VH-03260,95.9,36.0,11.1,13.2,6.0,31.0,Normal
VH-02157,88.5,,8.8,13.35,6.0,,Normal
VH-07227,99.3,42.1,4.1,12.57,177.0,32.4, normal 
VH-05627,70.0,38.1,2.3,12.45,148.0,26.2,Critical
VH-05895,93.3,29.9,2.4,13.61,111.0,37.4,Critical
VH-05136,98.3,28.4,7.9,12.68,20.0,34.9,Normal
VH-04594,101.1,38.7,4.3,12.65,97.0,35.1,Normal
VH-03598,80.8,47.8,2.5,12.33,178.0,29.9,Warning
VH-01533,85.7,23.9,5.9,12.84,32.0,37.5,Warning
VH-02273,102.3,49.0,4.9,12.56,129.0,28.2,Normal
VH-03343,-3.3156376322017636,40.8,8.4,12.51,102.0,33.1,Normal
VH-01942,85.2,29.4,6.8,11.85,88.0,31.5,Warning
VH-01732,93.3,30.2,7.1,12.36,65.0,28.8,Normal
VH-07029,99.1,41.6,8.8,12.48,102.0,34.3,Normal
VH-06049,93.7,42.9,8.5,12.94,53.0,33.4,Normal
VH-05603,98.0,47.8,5.4,12.26,143.0,36.8, normal 
VH-02165,105.0,32.3,5.2,13.53,25.0,27.2,Warning
VH-06894,94.3,28.2,3.6,13.09,126.0,31.5,Warning
VH-00819,85.9,28.1,7.1,12.27,81.0,37.0,Normal
VH-07369,100.2,38.1,7.8,12.42,136.0,30.4,Normal
VH-05414,105.9,39.2,7.0,,81.0,32.1,Normal
VH-05941,83.1,46.2,7.4,12.29,38.0,30.7,Normal
VH-00030,112.1,44.2,6.8,13.29,129.0,29.3,Warning
VH-04202,99.3,54.4,7.8,12.46,107.0,32.8,Normal
VH-04013,108.8,18.8,7.8,12.05,134.0,34.9,Warning
VH-07528,99.8,41.8,10.1,11.84,103.0,,Warning
VH-07638,91.7,56.1,5.6,12.35,34.0,32.9,Normal
VH-07549,98.8,,2.2,12.53,55.0,30.5,Critical
VH-04583,105.3,51.0,3.0,12.8,51.0,30.6,Warning
VH-01226,100.8,30.3,4.0,12.03,54.0,38.8,Normal
VH-03278,88.9,42.6,5.1,11.38,132.0,25.5,Warning
VH-03562,85.0,38.1,11.5,12.85,181.0,33.7,Normal
VH-03799,94.6,43.5,8.6,12.63,178.0,35.7,Normal
VH-06916,93.1,36.3,7.0,11.87,197.0,34.3,Warning
VH-05348,99.0,33.7,9.2,12.43,78.0,31.4,Normal
VH-00862,94.5,36.9,6.7,12.9,60.0,34.3,Normal
VH-06995,103.7,43.4,6.2,13.6,68.0,,Normal
VH-07836,84.5,40.7,9.1,13.09,61.0,35.5,Normal
VH-00450,94.0,48.5,8.6,12.25,198.0,33.5,Normal
VH-07448,104.1,32.1,6.8,12.22,161.0,26.0,Warning
VH-04549,88.4,35.5,11.5,12.51,116.0,37.5,Normal
VH-01119,87.1,33.4,7.9,12.65,140.0,30.4,Normal
VH-01913,71.7,43.5,8.1,11.94,184.0,33.5,Warning
VH-01786,103.9,41.9,10.5,12.15,174.0,35.9,Normal
VH-07744,75.3,52.4,10.0,12.18,131.0,30.9,Normal
VH-05373,90.0,44.3,5.6,13.23,145.0,37.5,Normal
VH-07194,89.4,41.8,8.0,13.43,82.0,25.7,Warning
VH-01353,97.8,41.2,11.2,12.69,115.0,,Warning
VH-06067,100.8,37.0,8.4,12.82,184.0,36.7,Normal
VH-07124,94.5,30.1,2.2,11.96,107.0,34.3,Critical
VH-00430,86.7,40.6,11.1,13.26,31.0,32.7,Warning
VH-03154,90.1,27.2,7.1,14.0,5.0,33.2,Normal
VH-07895,89.1,31.0,10.9,12.83,173.0,28.2, normal 
VH-06332,93.0,39.4,7.3,12.55,189.0,30.3,Normal
VH-07439,104.4,46.9,4.4,12.81,42.0,34.8,Normal
VH-07332,92.1,44.4,4.0,13.09,46.0,35.0,Normal
VH-02062,97.2,22.3,11.3,12.71,106.0,28.8,Warning
VH-00409,84.6,39.3,4.1,,84.0,30.8,Normal
VH-00136,97.5,31.6,2.4,12.68,129.0,31.8,Critical
VH-03677,99.9,41.2,4.3,12.44,15.0,30.2,Normal
VH-02925,102.2,45.1,8.0,11.86,75.0,28.5,Critical
VH-04507,86.9,28.2,7.3,12.23,5.0,29.5,Normal
VH-02079,87.7,41.1,10.5,13.38,60.0,36.1,Normal
VH-06919,84.6,50.6,4.1,13.22,33.0,31.7,Normal
VH-06484,100.3,46.6,3.6,12.06,102.0,35.7,Warning
VH-02900,90.5,38.4,2.5,12.32,137.0,32.6,Critical
VH-00532,91.4,42.3,11.9,12.69,33.0,34.6,Normal
VH-02280,104.9,37.3,8.4,13.23,24.0,25.7,Warning
VH-04762,97.4,37.2,3.7,13.11,130.0,32.8,Warning
VH-05146,107.7,31.2,2.4,13.22,70.0,26.2,Critical
VH-03891,83.7,36.4,8.3,,127.0,34.6,Normal
VH-00339,99.9,52.0,8.5,12.91,22.0,30.3,Normal
VH-03597,90.4,,7.4,12.79,144.0,31.5,Normal
VH-05931,89.5,46.1,8.2,12.76,152.0,32.5,Normal
VH-06452,92.4,41.1,8.8,12.6,144.0,,Normal
VH-05770,104.6,47.9,9.0,13.13,163.0,36.7,Normal
VH-00034,99.9,46.7,3.2,12.09,154.0,33.7,Warning
VH-06767,94.6,35.7,4.7,12.05,119.0,34.8,Normal
VH-04648,96.4,34.4,6.1,12.55,193.0,29.7, normal 
VH-01916,90.1,26.8,4.5,12.06,57.0,27.6,Warning
VH-04460,98.1,37.1,8.4,12.18,121.0,31.9,Normal
VH-04283,91.3,53.8,11.1,11.94,187.0,,Warning
VH-07700,90.9,40.0,7.2,12.89,19.0,31.1,Normal
VH-04370,82.6,,11.1,13.07,157.0,34.1,Normal
VH-02837,96.8,46.3,9.1,13.06,94.0,31.8,Normal
VH-03768,102.4,33.7,2.5,12.52,74.0,36.8,Warning
VH-07059,95.2,40.8,2.5,,73.0,37.8,Critical
VH-00497,92.3,56.1,3.6,12.74,8.0,,Warning
VH-01859,83.8,41.7,7.4,13.01,172.0,38.4,Normal
VH-02478,101.1,35.7,2.1,12.26,197.0,35.8,Critical
VH-05694,100.3,54.8,3.1,12.89,36.0,,Warning
VH-00033,88.5,41.6,5.3,13.29,191.0,,Normal
VH-03079,103.4,48.7,6.4,12.7,160.0,31.7,Normal
VH-00997,96.0,27.2,7.5,12.78,111.0,,Normal
VH-03683,91.4,40.5,4.3,13.48,177.0,30.6,Warning
VH-01662,94.2,37.8,3.9,12.4,8.0,32.9,Warning
VH-03716,101.2,34.8,2.1,11.78,26.0,33.5,Critical
VH-06551,86.3,42.7,8.8,,180.0,39.2,Warning
VH-00234,89.2,38.7,7.4,12.46,179.0,33.3,Normal
VH-03523,82.3,33.6,2.4,12.85,177.0,27.3,Critical
VH-02081,98.1,38.2,8.3,10.91,146.0,31.8,Critical
VH-06075,74.3,37.4,3.3,11.85,44.0,36.4,Warning
VH-01117,92.1,14.4,10.2,12.98,33.0,36.7,Critical
VH-04046,93.7,38.6,2.2,12.56,147.0,31.7,Critical
VH-00198,95.0,31.7,9.1,12.43,115.0,33.7,Normal
VH-06340,93.0,46.9,5.9,12.93,164.0,29.9, normal 
VH-05802,100.6,44.0,11.1,12.2,5.0,27.6,Warning
VH-04887,107.7,34.3,7.6,,33.0,34.2,WARNING
VH-03668,81.1,48.6,2.4,11.95,106.0,32.0,Critical
VH-00547,86.9,57.5,10.6,12.62,74.0,37.2,Normal
VH-05535,85.8,48.0,7.1,13.39,104.0,35.2,Normal
VH-04037,94.9,50.0,5.0,12.69,17.0,30.4,Normal
VH-04688,93.4,47.4,9.2,12.68,9.0,29.1,Normal
VH-05436,90.3,42.2,6.5,12.84,118.0,28.9,Normal
VH-07812,87.2,54.8,11.5,12.65,55.0,32.5,Normal
VH-00564,102.2,30.3,6.7,12.24,91.0,37.6,Normal
VH-06022,93.8,,9.5,12.62,147.0,36.8,Normal
VH-03161,99.4,65.0,4.1,13.7,173.0,34.0,Normal
VH-02796,99.5,36.9,7.6,12.13,134.0,37.4,Normal
VH-00237,93.7,41.9,2.2,12.39,74.0,36.1,Critical
VH-01050,85.1,29.6,9.0,13.07,97.0,,Normal
VH-07800,99.5,35.2,11.0,12.79,194.0,33.7,Normal
VH-03395,99.8,40.7,9.4,13.15,192.0,36.1,Normal
VH-06810,97.8,44.0,7.3,11.85,200.0,36.2,Warning
VH-03847,116.9,28.4,10.1,12.69,33.0,37.3,Warning
VH-00298,80.9,35.9,10.0,12.7,27.0,32.4,Normal
VH-03557,98.3,36.4,10.3,13.3,61.0,34.6,Normal
VH-01116,104.1,29.4,2.9,12.71,139.0,33.6,Warning
VH-01803,91.7,25.0,2.4,12.97,93.0,32.0,Critical
VH-06205,82.0,45.4,7.6,13.58,158.0,31.7,Normal
VH-01438,85.0,47.9,3.5,13.42,50.0,,Warning
VH-02978,90.1,23.4,11.5,13.05,24.0,32.4,Warning
VH-06564,105.1,,4.0,11.81,78.0,33.4,Warning
VH-06202,96.2,37.7,3.9,12.29,170.0,31.5,Warning
VH-00455,96.3,,3.6,11.22,197.0,32.7,Critical
VH-06513,93.9,35.1,7.8,13.05,103.0,,Normal
VH-07409,96.9,35.4,8.0,13.44,29.0,35.2,Normal
VH-07074,104.4,52.0,10.7,13.04,199.0,36.6,Normal
VH-00105,93.4,26.2,11.9,12.54,73.0,32.5,Normal
VH-01893,77.8,40.6,6.5,11.86,34.0,32.4,Warning
VH-03378,87.3,33.9,2.7,12.68,138.0,37.3,Warning
VH-07689,88.7,49.4,7.5,12.56,149.0,25.8,Warning
VH-05969,107.2,19.5,4.5,11.88,181.0,35.1,Warning
VH-06278,102.8,28.5,6.1,12.03,54.0,25.2,Warning
VH-00822,85.7,37.8,7.0,13.95,75.0,35.2,Normal
VH-01005,97.7,61.8,10.0,12.31,174.0,34.4,Normal
VH-04292,88.1,49.6,5.4,12.44,136.0,33.0,Normal
VH-07110,87.1,,5.8,12.1,53.0,35.1,Warning
VH-02653,88.4,37.9,7.8,11.93,173.0,32.8,Warning
VH-04442,94.7,53.9,9.2,12.29,162.0,33.1,Normal
VH-05614,101.2,31.2,11.4,12.17,174.0,32.2,Normal
VH-05401,100.9,26.8,6.3,11.78,162.0,39.2,Warning
VH-07728,100.2,37.9,2.8,12.93,136.0,32.1,Warning
VH-04853,80.9,44.1,11.8,12.23,68.0,30.9, normal 
VH-00626,91.7,35.4,5.6,12.96,98.0,35.5,Normal
VH-01364,92.0,23.5,10.9,12.17,178.0,31.2,Warning
VH-03829,86.0,46.7,5.9,,122.0,30.8,Normal
VH-00023,93.8,36.1,6.8,13.28,176.0,35.7,Normal
VH-07092,101.7,34.4,7.3,12.84,21.0,30.4,Normal
VH-07473,90.0,31.9,9.2,13.08,95.0,30.5,Normal
VH-05358,91.6,41.5,7.0,12.62,94.0,32.6,Normal
VH-00720,94.2,28.0,9.9,12.78,83.0,32.6,Normal
VH-02843,100.9,33.4,8.8,12.23,171.0,30.9,Normal
VH-07841,75.9,51.5,5.4,12.25,86.0,28.5,Normal
VH-02781,89.7,44.0,11.0,13.16,39.0,34.9,Normal
VH-02877,90.7,52.6,2.5,12.95,106.0,31.7,Critical
VH-04167,86.8,41.9,11.9,12.11,122.0,,Normal
VH-03909,83.0,37.9,7.0,12.25,16.0,31.7,Normal
VH-01210,102.1,39.6,3.1,12.38,183.0,34.7,Warning
VH-00178,94.1,38.4,9.2,12.65,51.0,34.2,Normal
VH-06714,87.1,50.8,2.9,,169.0,,Warning
VH-00619,106.6,40.1,11.7,13.61,107.0,32.7,Normal
VH-05296,89.1,35.1,6.7,13.24,55.0,34.2,Normal
VH-02623,96.7,47.5,8.2,12.98,187.0,33.2,Normal
VH-07516,101.3,38.9,10.7,11.94,82.0,38.4,Warning
VH-06178,74.1,47.5,5.8,12.96,36.0,35.3,Warning
VH-07154,109.4,33.3,8.8,12.33,153.0,35.4,Warning
VH-04189,112.0,29.8,3.4,12.91,178.0,23.5,Warning
VH-07103,103.3,52.7,4.4,13.15,161.0,29.3,Normal
VH-04238,94.4,40.7,7.3,11.88,158.0,36.4,Warning
VH-06407,93.0,45.5,4.3,12.46,101.0,32.6,Normal
VH-06775,103.7,48.8,2.0,13.37,112.0,32.6,Critical
VH-04378,91.2,46.8,4.6,12.72,97.0,35.0,Normal
VH-06180,95.3,31.0,5.5,,14.0,34.6,Warning
VH-01932,88.1,37.9,8.6,12.73,127.0,34.4,Normal
VH-07686,97.0,38.1,7.2,13.31,200.0,39.1,Critical
VH-06476,94.6,44.2,9.7,13.16,149.0,34.5,Normal
VH-04282,101.4,40.5,8.7,13.46,39.0,35.3,Normal
VH-07417,89.0,31.4,3.3,12.32,85.0,31.5,Warning
VH-07494,86.3,37.7,5.6,12.91,22.0,34.8,Normal
VH-00040,100.9,36.2,11.0,12.47,10.0,32.9,Normal
VH-07444,94.1,27.8,9.8,11.67,194.0,31.6,Warning
VH-03132,95.4,36.7,9.7,12.25,45.0,32.1,Normal
VH-05236,87.9,42.4,3.2,12.78,124.0,36.6,Warning
VH-06055,100.2,40.8,3.2,13.36,172.0,30.4,Warning
VH-06261,98.8,50.1,10.3,13.23,44.0,30.5,Normal
VH-05658,95.1,38.8,5.2,13.08,32.0,32.7,Normal
VH-07868,102.0,36.2,10.4,12.46,94.0,31.6,Normal
VH-07941,99.2,48.2,8.6,11.73,22.0,32.5,Warning
VH-00527,96.1,59.8,3.6,12.2,166.0,34.1,Warning
VH-03489,93.1,44.0,2.3,12.79,116.0,32.4,Critical
VH-03295,100.0,41.8,3.3,12.31,22.0,32.2,Warning
VH-02318,112.9,45.4,6.5,13.84,167.0,,WARNING
VH-02691,86.7,35.1,10.4,12.09,186.0,32.4,Normal
VH-06864,92.7,35.5,10.7,13.27,193.0,35.5,Normal
VH-03971,96.8,42.7,4.8,12.15,194.0,33.2,Normal
VH-00910,89.0,46.2,6.6,13.22,185.0,30.0,Normal
VH-02541,98.3,29.6,9.7,12.37,35.0,33.2,Normal
VH-02005,104.0,40.5,11.0,12.3,94.0,27.7,Warning
VH-00558,85.0,39.0,10.3,12.74,64.0,34.5,Normal
VH-00124,101.7,50.9,7.4,12.31,106.0,34.7,Normal
VH-01470,95.9,45.2,7.4,12.7,83.0,36.6,Normal
VH-04961,100.0,36.3,2.4,12.73,168.0,,Critical
VH-02287,113.2,44.0,11.4,12.77,126.0,30.5,Warning
VH-05894,95.2,50.2,2.5,13.21,24.0,32.9,Critical
VH-01774,104.0,38.3,9.2,13.31,127.0,31.1, normal 
VH-01212,93.5,46.9,7.1,13.58,166.0,32.7,Normal
VH-01183,100.1,52.6,10.5,12.47,73.0,32.8,Normal
VH-00224,95.7,47.2,10.8,13.24,99.0,33.4,Normal
VH-04949,101.8,43.8,10.8,12.18,58.0,33.1,Normal
VH-01951,97.0,48.3,9.3,13.31,130.0,33.3,Normal
VH-04795,88.0,42.7,6.6,13.89,77.0,34.6,Normal
VH-00428,83.9,53.8,12.0,12.28,16.0,29.9,Normal
VH-07981,96.7,41.8,10.5,12.9,122.0,32.1,Normal
VH-01371,101.6,38.5,3.4,13.31,17.0,32.6,Warning
VH-07763,98.8,46.0,9.4,13.44,159.0,29.5,Normal
VH-03251,94.6,49.2,2.4,12.66,44.0,32.6,Critical
VH-00827,94.1,45.6,9.7,12.45,101.0,31.4,Normal
VH-03309,91.4,47.6,8.4,12.63,14.0,34.2,Normal
VH-03744,117.4,25.4,2.5,12.58,88.0,34.4,Warning
VH-02525,100.5,45.4,2.2,13.11,145.0,34.4,Critical
VH-01671,82.2,26.4,9.3,13.21,194.0,33.8,Normal
VH-02858,92.3,30.9,4.6,12.87,186.0,30.8,Normal
VH-01277,108.0,32.3,7.9,12.88,139.0,35.2,Normal
VH-00745,102.4,22.9,7.9,12.12,139.0,33.3,Warning
VH-06001,94.6,48.6,9.4,12.93,94.0,32.1,Normal
VH-00141,87.1,48.5,4.9,12.06,8.0,38.2,Normal
VH-05856,-6.340242101648833,44.0,8.9,12.88,168.0,31.6,Normal
VH-07203,95.6,53.1,7.3,12.37,82.0,29.3,Normal
VH-02248,94.6,29.0,2.7,12.46,147.0,30.5,Warning
VH-00454,95.6,37.8,3.0,13.18,88.0,36.4,Warning
VH-00506,114.4,37.7,6.3,12.94,31.0,36.9,Warning
VH-02016,94.8,41.5,8.2,12.59,161.0,32.1,Normal
VH-00440,93.5,32.1,10.2,12.67,99.0,34.5,Normal
VH-03250,104.2,36.9,3.5,11.84,165.0,32.6,Warning
VH-01827,107.5,39.0,8.7,12.19,122.0,29.4,Normal
VH-00110,98.5,39.1,9.3,11.54,117.0,34.8,Warning
VH-04828,105.3,53.2,4.8,12.33,47.0,34.0,Normal
VH-02996,85.3,53.1,5.1,13.13,92.0,33.7,Normal
VH-04757,101.8,30.9,7.2,,134.0,,Normal
VH-07251,91.2,42.0,7.0,12.51,90.0,31.1,Normal
VH-06806,103.7,30.5,4.4,12.72,154.0,28.6,Normal
VH-00984,98.0,42.9,9.9,11.67,160.0,30.3,Warning
VH-06478,90.6,38.7,7.5,12.65,20.0,32.6,Normal
VH-01745,88.8,47.2,6.8,12.4,188.0,36.0,Normal
VH-01582,99.4,46.0,10.9,12.62,140.0,30.4,Normal
VH-02447,91.3,34.2,8.9,12.27,172.0,33.6,Normal
VH-07456,106.8,43.4,4.8,12.83,133.0,36.8,Normal
VH-03098,111.1,54.7,10.0,,89.0,34.5,Warning
VH-05973,94.6,37.0,6.2,12.31,107.0,31.1,Normal
VH-00376,93.4,25.7,3.5,12.33,141.0,32.1,Warning
VH-07604,90.7,33.3,9.8,11.61,131.0,29.0,Warning
VH-00205,94.6,37.2,10.5,12.85,52.0,33.4,Normal
VH-02194,96.4,33.9,2.4,12.37,114.0,35.0,Critical
VH-05434,87.5,43.3,2.1,12.86,42.0,34.5,Critical
VH-06408,86.0,40.3,8.8,11.65,172.0,33.9,Warning
VH-07921,103.9,29.0,8.5,12.89,83.0,32.3,Normal
VH-02178,99.8,43.4,8.1,13.03,51.0,37.5,Normal
VH-03701,87.9,,3.8,12.18,199.0,34.5,Warning
VH-03528,82.7,36.1,10.7,12.88,144.0,33.3,Normal
VH-00418,94.4,48.2,11.4,12.79,128.0,36.0,Normal
VH-00283,98.6,38.6,10.2,12.42,90.0,,Normal
VH-03550,89.1,51.7,5.4,12.32,173.0,32.9,Normal
VH-04074,85.3,46.3,4.2,12.54,193.0,28.8,Normal
VH-00871,86.9,51.7,9.4,12.79,177.0,26.4,Warning
VH-02145,89.4,,8.7,11.7,91.0,33.6,Warning
VH-06943,97.9,41.5,10.3,12.95,46.0,34.3,Normal
VH-00354,103.5,33.9,11.5,12.77,87.0,,Normal
VH-05305,109.4,41.9,7.9,13.23,61.0,31.1,Warning
VH-00463,78.4,38.0,4.5,13.81,62.0,33.6,Normal
VH-04476,97.1,32.4,12.0,12.28,157.0,34.0,Normal
VH-07358,84.3,23.0,3.9,13.3,82.0,34.6,Warning
VH-05817,92.8,42.4,4.3,12.37,172.0,34.2,Normal
VH-01140,108.8,44.2,4.4,12.71,161.0,33.4,Warning
VH-07783,93.1,48.9,3.7,13.53,175.0,28.9,Warning
VH-04186,98.2,42.4,5.8,13.03,113.0,36.2,Normal
VH-02023,94.4,35.6,4.7,13.08,9.0,31.8,Normal
VH-06687,86.3,38.4,7.7,12.38,108.0,37.4,Normal
VH-01638,95.1,31.1,11.7,13.55,45.0,31.3,Normal
VH-00778,95.5,42.4,9.2,12.72,197.0,31.1,Normal
VH-06151,88.6,14.2,4.9,13.51,102.0,34.3,Critical
VH-00375,113.6,47.4,6.3,12.53,182.0,31.5,Warning
VH-02422,107.4,31.1,11.1,12.37,184.0,25.2,Warning
VH-05481,90.7,44.7,3.9,11.99,198.0,34.8,Warning
VH-06329,96.9,39.1,3.7,13.03,91.0,36.2,Warning
VH-04595,101.9,22.9,7.0,12.36,140.0,31.4,Warning
VH-04413,89.0,39.5,8.3,13.25,139.0,34.4,Normal
VH-03346,97.1,32.8,4.8,12.8,43.0,36.3,Normal
VH-01168,91.7,,10.1,12.39,179.0,29.1,Normal
VH-05782,85.5,37.9,2.7,12.31,139.0,33.9,Warning
VH-01902,99.8,48.6,11.4,13.59,105.0,35.4,Normal
VH-00630,107.9,41.4,10.0,12.32,45.0,31.4,Normal
VH-04329,80.8,,4.2,11.82,81.0,28.3,Warning
VH-03208,103.2,46.1,11.8,11.26,44.0,31.9,Critical
VH-02594,82.1,34.6,5.4,13.24,87.0,32.5,Normal
VH-07849,99.7,45.3,4.7,12.5,196.0,30.3,Normal
VH-06012,101.1,32.2,9.6,12.66,161.0,39.4,Normal
VH-03897,109.3,40.6,10.2,12.23,31.0,30.5,Warning
VH-07811,87.5,43.4,2.3,12.9,86.0,30.2,Critical
VH-07665,103.6,46.3,6.6,12.38,139.0,37.6,Normal
VH-05824,79.9,,5.9,12.85,99.0,33.4,Warning
VH-03933,103.8,35.7,3.1,12.44,114.0,36.2,Warning
VH-01550,82.5,44.8,4.1,12.95,64.0,31.8,Normal
VH-06772,95.2,35.5,4.7,,93.0,37.9,Normal
VH-06675,89.9,26.6,2.4,13.31,64.0,37.0,Critical
VH-00125,97.9,27.8,6.8,12.52,35.0,30.5,Normal
VH-03781,80.2,26.8,7.4,13.08,151.0,34.5,Normal
VH-03366,95.2,30.8,7.5,13.04,73.0,30.1, normal 
VH-01599,86.5,26.3,8.7,12.71,31.0,34.6,Normal
VH-01502,105.6,30.2,11.4,12.72,159.0,30.7,Normal
VH-06141,97.8,43.1,10.1,12.51,56.0,29.7,Normal
VH-02014,107.7,33.5,6.5,12.51,15.0,34.3,Normal
VH-03205,92.3,42.5,7.7,12.18,170.0,33.4,Normal
VH-07287,107.3,30.3,11.3,12.67,34.0,30.9,Normal
VH-06774,85.7,36.8,8.9,12.86,193.0,33.6,Normal
VH-02439,94.0,,10.0,12.28,85.0,,Normal
VH-06635,93.6,42.4,8.4,12.92,57.0,34.8, normal 
VH-01416,112.8,38.4,9.8,12.01,171.0,36.6,Warning
VH-04797,101.8,,11.2,12.55,77.0,29.7,Normal
VH-01415,88.2,32.0,4.1,12.67,106.0,30.0,Normal
VH-04331,85.5,42.5,7.4,12.59,6.0,34.0,Normal
VH-04396,95.5,28.0,5.9,12.89,106.0,34.6,Normal
VH-02740,88.2,38.2,7.3,12.64,65.0,31.0,Normal
VH-05115,99.7,50.3,9.6,13.49,40.0,36.8,Normal
VH-06797,98.1,40.6,6.1,12.4,130.0,32.9, normal 
VH-07668,102.4,43.0,9.3,13.35,47.0,29.1,Normal
VH-05713,115.6,55.4,7.2,11.89,126.0,31.3,Warning
VH-07293,98.1,41.7,11.6,13.55,178.0,32.6,Normal
VH-05960,91.7,46.4,10.9,13.02,200.0,29.4,Normal
VH-06308,105.1,53.0,5.9,12.59,42.0,33.9,Normal
VH-00935,99.7,48.4,2.6,12.9,43.0,33.7,Warning
VH-04787,95.1,39.4,7.8,12.35,82.0,28.4,Normal
VH-05058,95.6,38.2,3.0,13.24,137.0,30.4,Warning
VH-02745,104.3,40.3,2.5,12.5,198.0,30.8,Warning
VH-06160,97.3,38.3,9.7,13.42,122.0,36.5,Normal
VH-01933,105.3,43.7,6.1,12.24,118.0,33.3,Normal
VH-04603,99.5,46.4,11.1,12.99,176.0,33.0, normal 
VH-05391,83.6,44.1,10.0,12.87,77.0,36.1,Normal
VH-00928,93.1,37.6,9.1,12.79,38.0,32.3,Normal
VH-05103,93.9,40.2,8.0,12.61,145.0,35.8,Normal
VH-03862,85.5,41.3,3.2,12.66,185.0,30.4,Warning
VH-04377,93.9,45.8,2.8,13.85,43.0,28.7,Warning
VH-06887,86.8,41.9,7.5,12.87,27.0,33.9,Normal
VH-03001,100.5,34.9,6.1,13.1,78.0,30.6,Normal
VH-07959,93.4,36.7,8.0,13.29,51.0,28.6,Normal
VH-01578,77.3,37.1,8.2,13.43,112.0,32.2,Normal
VH-04435,101.8,34.6,5.6,12.86,90.0,28.4,Normal
VH-02509,92.5,46.5,4.9,12.13,98.0,37.1,Normal
VH-00897,88.1,50.4,8.3,13.27,114.0,31.5,Normal
VH-05193,99.6,39.6,6.9,12.71,88.0,34.5,Normal
VH-03956,88.9,41.3,2.7,12.81,200.0,36.1,Warning
VH-04491,87.8,34.6,8.6,13.6,34.0,32.0,Normal
VH-04274,98.1,,11.6,12.4,55.0,30.8,Normal
VH-06191,101.8,50.0,2.2,13.12,7.0,28.9,Critical
VH-05714,82.9,33.9,2.6,13.07,34.0,33.4,Warning
VH-03018,98.0,49.1,3.2,12.4,143.0,,Warning
VH-00802,97.8,38.5,10.7,13.42,164.0,33.2,Normal
VH-01918,92.5,36.0,5.2,13.25,190.0,30.6,Normal
VH-04922,96.5,31.9,9.2,,56.0,34.9,Normal
VH-00206,88.3,31.0,9.1,11.71,166.0,34.8,Warning
VH-03099,99.7,52.1,5.0,13.01,189.0,32.8,Normal
VH-02987,107.7,40.0,2.4,11.96,164.0,34.7,Critical
VH-00069,93.5,51.0,3.5,12.07,148.0,33.5,Warning
VH-02385,90.1,34.6,2.1,12.68,64.0,28.6,Critical
VH-06796,92.2,21.1,11.6,13.05,10.0,32.5,Warning
VH-05054,95.2,35.3,8.0,12.98,17.0,36.6,Normal
VH-00992,109.4,36.4,2.5,12.21,51.0,32.9,Critical
VH-03319,101.2,59.0,8.1,11.94,91.0,34.0,Warning
VH-03373,90.3,48.7,5.7,12.35,117.0,36.8,Normal
VH-03664,93.6,29.2,11.8,12.75,103.0,31.0,Normal
VH-02166,117.5,36.2,9.5,12.42,106.0,34.9,Warning
VH-04030,85.2,47.2,4.4,,62.0,37.0,Normal
VH-00858,79.5,36.6,10.7,,14.0,33.3,Normal
VH-00465,91.3,44.8,2.2,12.58,23.0,34.3,Critical
VH-00296,97.4,39.4,9.2,13.35,175.0,34.2,Normal
VH-05634,94.9,36.3,5.1,13.23,34.0,29.2,Normal
VH-01358,91.7,43.1,5.4,,62.0,33.7,Normal
VH-05468,98.0,38.6,10.7,12.5,140.0,33.7,Normal
VH-04570,94.2,41.9,3.1,13.93,158.0,30.0,Warning
VH-07839,93.2,38.1,7.1,13.11,21.0,31.6,Normal
VH-05560,108.0,35.4,3.9,12.54,69.0,33.8,Warning
VH-05522,88.6,39.8,2.5,13.19,155.0,33.8,Warning
VH-02543,101.3,44.1,3.2,12.94,77.0,36.3,Warning
VH-04684,89.8,50.4,3.1,13.42,147.0,32.7,Warning
VH-02090,96.6,29.8,8.8,12.4,153.0,31.8,Normal
VH-04884,98.5,43.7,4.9,12.27,30.0,36.4,Normal
VH-01255,90.0,29.9,6.3,12.52,40.0,31.7,Normal
VH-02154,96.8,41.7,10.1,12.81,66.0,34.5,Normal
VH-01287,94.8,31.7,11.3,12.02,13.0,38.5,Normal
VH-02872,86.4,38.3,11.2,12.57,77.0,28.6,Normal
VH-06454,94.8,39.4,8.7,12.42,50.0,31.0,Normal
VH-06703,107.9,39.8,10.4,12.55,167.0,27.2,Warning
VH-02183,87.0,42.7,8.5,,90.0,,Normal
VH-03025,95.1,36.3,5.4,11.69,146.0,29.2,Warning
VH-06929,96.6,36.0,2.4,12.55,91.0,38.5,Critical
VH-07026,105.3,35.2,9.3,11.65,88.0,34.9,Warning
VH-05943,72.8,31.0,5.5,11.92,166.0,31.6,Warning
VH-04035,96.3,52.7,8.2,12.95,126.0,36.2,Normal
VH-05200,97.0,27.6,7.2,11.8,167.0,28.6,Warning
VH-05460,99.5,51.8,6.3,12.65,85.0,30.5,Normal
VH-03895,82.2,37.9,9.9,12.46,83.0,34.9, normal 
VH-00836,92.4,41.1,9.9,12.29,118.0,31.7,Normal
VH-00545,93.7,33.8,10.5,12.76,7.0,28.6,Normal
VH-02409,90.7,42.4,3.5,12.91,26.0,26.8,Warning
VH-03209,90.6,47.8,12.0,12.44,105.0,29.5,Normal
VH-07143,102.3,50.5,2.2,11.75,20.0,34.5,Critical
VH-00429,98.1,49.6,8.9,12.33,5.0,36.6,Critical
VH-04864,88.0,55.9,11.9,12.45,134.0,34.2,Normal
VH-07384,103.7,49.6,8.4,12.01,52.0,31.7,Normal
VH-01979,98.9,31.7,11.6,12.67,174.0,37.3,Normal
VH-07655,90.6,,5.2,13.73,163.0,28.4,Normal
VH-05649,95.4,42.8,5.0,12.14,155.0,38.5,Normal
VH-00268,95.4,37.3,11.8,12.33,20.0,31.4,Normal
VH-03931,101.0,34.5,11.1,13.18,167.0,36.7, normal 
VH-07548,101.1,27.1,10.4,12.1,102.0,27.6,Warning
VH-00017,87.3,49.2,3.5,12.54,132.0,30.6,WARNING
VH-01151,102.7,38.6,8.2,12.04,148.0,35.7,Normal
VH-00252,108.8,35.8,5.6,11.72,90.0,35.4,Warning
VH-01504,93.3,39.9,3.5,12.68,180.0,32.1,Warning
VH-03469,102.5,32.6,10.8,12.72,102.0,29.8,Normal
VH-04192,99.6,33.4,3.6,,7.0,28.7,Warning
VH-05666,97.5,36.9,9.7,12.56,36.0,28.5, normal 
VH-04897,105.0,36.8,10.8,12.77,100.0,30.5,Normal
VH-03535,84.3,55.1,8.3,12.36,129.0,29.6,Normal
VH-02160,90.8,32.8,8.9,11.92,177.0,29.6,Warning
VH-05876,91.0,50.7,6.0,12.11,11.0,35.3,Normal
VH-05675,90.9,52.3,3.6,12.47,97.0,,Warning
VH-00076,91.6,39.5,4.8,13.08,39.0,27.5,Warning
VH-04904,111.8,52.6,4.4,12.15,107.0,30.6,WARNING
VH-06888,94.7,32.5,6.2,11.88,104.0,35.7,Warning
VH-03092,102.5,39.5,10.7,12.34,195.0,31.5,Normal
VH-03957,102.9,36.3,10.4,11.64,14.0,,Warning
VH-07847,98.2,17.1,10.5,12.21,99.0,30.5,Critical
VH-03499,99.8,39.8,10.3,12.47,19.0,36.9,Normal
VH-01079,106.5,34.5,8.3,12.68,90.0,35.7,Normal
VH-03914,77.1,41.9,4.4,13.34,117.0,32.9,Normal
VH-05411,105.3,38.0,4.2,12.47,43.0,32.5,Normal
VH-07209,95.3,43.4,7.6,13.03,109.0,31.9, normal 
VH-07090,86.6,,4.8,13.08,128.0,29.6,Normal
VH-05569,96.6,54.7,4.3,12.83,86.0,28.9,Normal
VH-03513,103.6,41.5,8.2,13.01,198.0,31.0,Normal
VH-04117,102.8,37.2,3.9,11.97,76.0,31.2,Normal
VH-04538,86.1,44.0,10.9,12.84,53.0,27.4,Warning
VH-06869,103.7,45.3,6.3,12.07,162.0,27.7,Warning
VH-06095,103.1,26.2,9.3,,13.0,32.6,Normal
VH-05746,80.4,49.9,5.2,12.77,194.0,29.4,Normal
VH-07760,96.1,50.0,10.4,11.94,151.0,38.1,Warning
VH-00907,84.8,24.0,4.6,12.3,11.0,33.3,Warning
VH-07012,91.8,53.2,5.6,12.98,49.0,31.5,Normal
VH-07135,115.1,,8.2,12.25,197.0,30.4,Warning
VH-07571,100.1,38.7,7.9,,89.0,34.3, normal 
VH-06843,94.5,58.3,10.2,12.69,20.0,30.2,Normal
VH-03967,86.6,45.1,2.2,13.17,109.0,30.8,Critical
VH-02228,112.5,26.9,10.2,12.56,138.0,29.6,Warning
VH-06140,108.4,46.2,2.2,12.62,68.0,35.5,Critical
VH-04985,98.4,28.9,6.5,12.31,148.0,29.6,Normal
VH-03279,91.8,50.7,11.0,12.69,83.0,31.6,Normal
VH-07533,107.4,24.9,9.8,12.4,46.0,33.1,Warning
VH-03859,98.2,41.6,5.2,12.86,187.0,35.9,Normal
VH-06273,119.8,21.2,7.3,13.44,166.0,29.8,Normal
VH-06867,96.2,54.3,10.1,12.79,164.0,33.7,Normal
VH-05420,102.5,40.0,8.5,12.83,7.0,33.6,Normal
VH-06720,107.1,41.7,5.3,13.17,108.0,33.3,Normal
VH-01635,103.7,40.0,7.6,12.26,107.0,32.8,Normal
VH-02061,108.8,33.6,11.1,12.63,159.0,33.6,Warning
VH-04153,88.3,36.1,8.0,12.54,199.0,29.6,Normal
VH-07856,96.4,45.3,4.3,11.93,181.0,36.1,Warning
VH-05238,89.1,52.5,3.3,12.45,138.0,28.4,Warning
VH-02192,87.0,36.7,5.0,12.73,90.0,31.6,Normal
VH-01472,94.9,41.3,8.0,12.4,172.0,28.4,Normal
VH-06312,95.6,42.8,11.2,11.88,80.0,27.3,Warning
VH-01203,94.2,54.4,2.5,12.15,155.0,29.8,Warning
VH-05921,108.7,51.1,6.6,12.97,102.0,33.6,Warning
VH-06907,95.3,28.9,5.7,11.7,96.0,29.0,Warning
VH-05970,98.5,31.9,10.0,12.26,141.0,35.2,Normal
VH-03075,88.1,15.3,8.8,12.73,32.0,30.2,Critical
VH-07712,106.8,54.6,7.4,11.86,65.0,32.5,Warning
VH-03071,96.7,36.9,3.0,12.86,68.0,34.7,Warning
VH-03602,83.9,31.0,10.1,,169.0,32.5,Normal
VH-06295,80.0,33.6,3.6,13.32,191.0,34.3,Warning
VH-01579,97.8,50.7,4.6,12.74,79.0,33.6,Normal
VH-01304,93.0,35.0,9.9,12.93,47.0,34.9,Normal
VH-00346,90.3,,10.2,12.83,43.0,29.1,Normal
VH-04598,104.4,38.3,10.8,12.45,99.0,34.5,Normal
VH-01643,100.2,44.0,7.4,12.55,93.0,30.1,Normal
VH-02990,100.1,45.1,9.4,12.78,132.0,28.9,Normal
VH-00833,92.0,51.4,6.0,12.53,53.0,28.8,Normal
VH-01164,87.1,53.3,10.9,12.64,41.0,30.1,Normal
VH-06746,92.5,58.2,3.3,13.26,143.0,38.0,Warning
VH-05451,88.0,34.0,9.4,13.39,89.0,33.2,Normal
VH-07423,96.6,43.0,9.3,12.7,93.0,30.4,Normal
VH-01491,94.8,39.9,5.8,11.84,9.0,34.3,Warning
VH-05779,90.2,55.1,11.1,13.36,9.0,29.7,Normal
VH-03050,103.0,28.8,7.4,12.72,163.0,32.6,Normal
VH-06559,93.7,27.2,10.4,12.17,126.0,35.3,Normal
VH-04661,92.1,41.3,2.6,12.5,187.0,29.8,Warning
VH-00263,90.6,41.0,6.1,12.85,47.0,34.1,Normal
VH-00381,105.5,39.2,6.9,12.29,141.0,34.9,Normal
VH-04499,91.0,39.8,2.4,12.66,17.0,34.0,Critical
VH-00613,98.6,37.0,10.0,12.88,86.0,32.3,Normal
VH-04134,86.6,38.8,2.0,13.42,79.0,35.8,Critical
VH-00215,103.0,43.3,2.3,12.5,70.0,34.6,Critical
VH-07857,95.1,39.0,7.4,12.88,101.0,,Normal
VH-05473,91.9,42.9,10.4,12.64,112.0,31.6,Normal
VH-03426,98.0,33.0,11.4,,100.0,30.1,Normal
VH-02865,84.9,31.1,11.3,13.33,5.0,34.8,Normal
VH-03386,94.8,,3.7,12.96,147.0,32.9,Warning
VH-01112,85.8,43.8,8.5,13.37,54.0,34.3,Normal
VH-03403,103.4,37.4,9.0,11.12,189.0,32.5,Critical
VH-06522,103.6,38.7,2.7,12.81,84.0,34.8,Warning
VH-05180,89.6,33.7,4.6,12.85,126.0,30.4,Normal
VH-01693,90.7,59.3,4.3,12.59,96.0,32.6,Normal
VH-07559,98.1,29.7,5.9,12.77,132.0,37.3,Normal
VH-03055,85.9,54.2,11.5,12.2,95.0,35.4,Normal
VH-00032,90.9,44.3,3.3,12.5,104.0,30.8,Normal
VH-00114,95.6,45.8,4.1,12.41,92.0,33.3, normal 
VH-05673,92.6,42.5,10.9,12.49,104.0,40.3,Warning
VH-06880,81.4,39.6,9.6,12.25,21.0,30.8,Normal
VH-03271,92.4,47.2,4.1,12.74,108.0,35.2,Normal
VH-00586,85.6,44.8,11.5,12.61,42.0,30.0,Normal
VH-01347,89.1,40.1,3.8,12.95,11.0,38.1,Warning
VH-04957,78.0,38.6,2.9,11.92,66.0,29.1,Warning
VH-01098,102.8,36.4,9.2,,106.0,39.0,Warning
VH-00393,98.7,30.7,5.4,12.57,51.0,31.5, normal 
VH-05645,79.1,33.6,6.6,13.19,107.0,32.5,Normal
VH-07244,86.0,,9.0,13.21,96.0,35.2,Normal
VH-05252,108.7,,6.9,12.77,21.0,34.0,Warning
VH-02445,115.8,46.1,2.5,13.68,100.0,30.2,Warning
VH-03477,93.2,42.2,5.9,12.63,79.0,32.3,Normal
VH-02328,96.4,34.0,9.9,13.12,139.0,28.3,Normal
VH-04313,97.0,34.6,8.6,12.38,113.0,36.2,Normal
VH-06505,102.8,48.0,3.2,13.84,146.0,32.1,Warning
VH-01709,93.7,37.3,3.6,12.03,168.0,38.9,Warning
VH-00983,100.9,41.7,11.3,11.47,12.0,33.1,Warning
VH-04285,108.5,43.0,8.0,12.54,191.0,33.0,Warning
VH-06805,91.4,39.5,10.2,12.3,184.0,32.3,Normal
VH-00553,111.3,47.5,11.1,12.16,42.0,36.1,Warning
VH-06962,93.2,53.9,2.4,12.98,84.0,39.8,Critical
VH-05633,102.5,32.6,5.7,12.65,60.0,32.9,Normal
VH-03307,100.6,35.5,3.9,13.0,136.0,33.0,Warning
VH-06799,107.2,31.4,4.9,12.6,157.0,29.4,Normal
VH-01253,97.4,,7.1,12.64,103.0,32.9,Normal
VH-04891,83.3,37.9,9.8,11.34,117.0,31.3,Warning
VH-05565,99.1,48.5,3.6,13.62,37.0,35.9,Warning
VH-05755,96.9,10.0,7.4,12.82,166.0,,Critical
VH-02787,94.5,54.7,7.9,13.02,152.0,32.3,Normal
VH-05188,95.9,37.2,10.1,12.22,152.0,36.2,Normal
VH-05686,107.3,42.0,10.2,13.4,131.0,36.2,Normal
VH-07292,93.5,39.1,4.2,12.21,78.0,26.4,Warning
VH-00666,82.1,38.1,6.5,13.61,142.0,31.2,Normal
VH-05192,97.6,39.9,5.7,12.67,52.0,33.4,Normal
VH-02679,98.6,39.4,11.3,12.91,182.0,34.8,Normal
VH-01413,105.1,27.9,3.7,12.62,85.0,37.3,Warning
VH-05174,111.5,55.8,8.9,12.53,66.0,32.7,Warning
VH-00528,97.1,38.4,8.9,13.74,175.0,35.1,Normal
VH-06318,87.6,27.3,11.7,11.55,24.0,27.4,WARNING
VH-06000,96.8,38.5,3.5,13.02,48.0,31.4,Warning
VH-02060,83.4,,10.4,12.75,32.0,36.2, normal 
VH-00485,93.6,50.2,5.1,12.14,21.0,34.9,Normal
VH-03591,105.8,48.3,8.4,13.02,100.0,31.6,Normal
VH-06231,101.9,33.3,4.5,12.52,160.0,35.9,Normal
VH-06731,94.2,43.0,9.1,11.99,142.0,34.6,Warning
VH-06146,90.9,41.3,11.8,12.13,40.0,35.1,Normal
VH-06181,101.8,31.5,9.8,11.76,80.0,32.8,Warning
VH-02781,89.7,44.0,11.0,13.16,39.0,34.9,Normal
VH-07493,80.2,31.1,8.1,12.44,101.0,33.3,Normal
VH-03863,108.1,47.1,9.5,12.89,83.0,34.9,WARNING
VH-02917,109.6,49.8,2.9,13.54,151.0,30.0,Warning
VH-07823,107.7,50.2,5.8,12.76,183.0,33.7,Warning
VH-06018,103.5,36.2,10.2,12.6,74.0,30.8,Normal
VH-07165,101.2,35.7,2.6,13.3,127.0,30.7,Normal
VH-01597,96.9,36.5,2.0,12.79,150.0,33.5,Critical
VH-06862,107.4,40.2,9.2,12.25,50.0,32.8,Normal
VH-04254,88.7,33.0,9.6,12.64,103.0,29.7,Normal
VH-01467,84.1,28.8,10.8,13.49,195.0,32.5,Normal
VH-07671,104.9,33.8,9.0,12.27,111.0,31.0,Normal
VH-03288,91.8,51.4,10.9,12.96,69.0,31.4,Normal
VH-05110,93.5,33.0,9.9,12.89,107.0,27.8,Warning
VH-05629,110.3,42.3,11.2,11.85,157.0,,Warning
VH-05483,106.3,31.5,8.9,12.78,127.0,31.9,Normal
VH-01123,93.1,43.8,7.7,12.16,20.0,28.8,Normal
VH-07284,82.5,36.1,3.6,11.39,120.0,32.3,Warning
VH-00226,115.1,44.6,9.8,12.83,157.0,38.7,Warning
VH-01028,95.0,43.2,8.4,12.37,87.0,31.7,Normal
VH-03669,96.1,37.5,2.0,12.48,119.0,35.9,Critical
VH-03903,93.2,42.6,5.0,12.47,75.0,28.4,Normal
VH-06378,97.6,,2.9,12.64,47.0,31.4,Warning
VH-07121,96.3,27.1,3.2,12.73,93.0,30.8,Warning
VH-00555,92.5,31.7,4.3,12.09,37.0,34.2,Normal
VH-02137,101.8,39.5,11.7,13.05,102.0,37.4,Normal
VH-05849,94.7,45.7,3.6,12.25,172.0,31.1,Warning
VH-07859,103.2,45.1,7.0,12.33,119.0,33.4,Normal
VH-03686,85.3,35.5,2.7,12.73,37.0,32.7,Warning
VH-06878,95.0,45.8,10.5,12.88,100.0,35.8,Warning
VH-07616,105.6,32.7,10.0,12.5,109.0,34.4,Normal
VH-00707,99.5,44.6,4.8,13.02,153.0,36.0,Normal
VH-06848,70.5,37.1,5.9,13.0,180.0,35.9,Warning
VH-07591,104.2,,9.8,11.83,172.0,32.9,Warning
VH-06568,92.0,32.9,2.5,12.34,80.0,,Warning
VH-03728,97.3,29.1,5.3,12.72,65.0,36.1,Normal
VH-04415,88.1,26.2,2.4,12.67,108.0,33.8,Critical
VH-03658,87.7,41.4,8.4,11.99,44.0,,Warning
VH-00291,96.2,52.5,6.1,12.7,146.0,27.7,Warning
VH-05651,83.6,38.5,10.5,13.12,130.0,38.4,Normal
VH-01171,79.7,38.9,8.1,13.11,104.0,,Normal
VH-03276,102.7,53.6,2.4,12.27,41.0,35.7,Critical
VH-02776,99.4,36.1,7.1,,85.0,35.5,Normal
VH-07752,78.7,28.2,9.0,12.37,160.0,32.6,Normal
VH-05936,86.0,47.1,6.6,13.08,17.0,34.5,Normal
VH-02676,107.5,40.8,7.1,12.11,157.0,35.4,Normal
VH-05683,88.0,43.7,10.4,13.16,160.0,35.4,Normal
VH-07820,95.1,40.1,5.3,12.67,165.0,,Normal
VH-04422,83.6,40.7,12.0,12.19,142.0,38.7,Normal
VH-04869,95.8,28.0,3.0,,134.0,35.1,Warning
VH-00476,103.5,41.6,8.4,12.17,75.0,34.5,Normal
VH-05282,87.0,30.8,10.7,12.58,171.0,29.6,Normal
VH-06595,90.8,,6.0,12.75,75.0,41.0,Warning
VH-05279,110.8,46.3,4.2,13.15,116.0,33.1,Warning
VH-02512,96.7,44.0,10.2,12.27,67.0,26.4,Warning
VH-02065,93.6,,10.3,13.17,65.0,28.7,Normal
VH-00103,100.9,50.7,9.2,11.65,81.0,32.7,Warning
VH-04631,82.5,,7.3,12.73,83.0,35.7,Normal
VH-06169,111.7,31.6,6.3,,75.0,30.6,Warning
VH-04634,97.5,43.1,7.5,11.48,61.0,29.5,Warning
VH-00523,93.5,36.5,4.7,13.05,127.0,38.9,Normal
VH-00066,92.2,43.4,5.4,13.24,53.0,32.6,Normal
VH-06349,95.1,37.5,11.2,13.41,25.0,33.5,Normal
VH-06188,108.7,34.2,10.7,12.72,133.0,36.2,Warning
VH-07871,93.4,30.1,11.8,,62.0,32.7,Normal
VH-04335,88.2,29.2,11.9,12.99,179.0,33.4,Normal
VH-03899,97.6,33.6,5.8,,87.0,35.4,Warning
VH-01939,88.6,28.4,5.5,13.13,81.0,30.6,Normal
VH-02666,91.8,33.7,5.2,12.7,10.0,35.0,Normal
VH-01396,99.8,60.5,3.2,12.42,195.0,29.1,Warning
VH-02868,95.5,,7.7,12.31,62.0,33.0,Normal
VH-00751,92.6,40.0,9.0,11.77,193.0,,Warning
VH-06040,112.1,36.0,8.9,12.84,159.0,,Warning
VH-04584,92.6,43.7,8.1,11.49,130.0,32.5,Warning
VH-04065,98.3,49.0,9.8,12.81,197.0,37.2, normal 
VH-06208,103.2,38.1,8.3,11.4,194.0,33.8,Warning
VH-02106,106.2,41.3,7.6,12.36,31.0,29.2,Normal
VH-05875,103.9,35.1,7.0,12.8,66.0,31.3,Normal
VH-05587,101.3,49.1,6.8,12.78,174.0,30.2,Normal
VH-07664,90.7,42.2,2.2,12.13,196.0,,Critical
VH-02003,97.0,37.7,6.8,12.41,122.0,32.3,Normal
VH-05702,99.8,50.6,7.8,13.5,78.0,36.5,Normal
VH-03555,93.0,29.5,5.4,12.88,54.0,34.0,Normal
VH-00702,86.8,40.1,9.4,12.65,81.0,30.0,Normal
VH-06487,94.8,44.4,6.6,12.97,124.0,31.1,Normal
VH-00010,102.0,43.2,7.6,11.74,125.0,37.3,Warning
VH-05062,87.2,38.4,10.3,11.98,27.0,30.1,Warning
VH-02200,90.7,30.8,4.3,,69.0,35.1,Normal
VH-02097,88.6,37.1,4.9,12.54,89.0,35.5,Critical
VH-02272,100.1,35.7,7.0,12.62,154.0,30.8,Normal
VH-00774,95.1,26.6,4.3,13.32,100.0,29.0,Normal
VH-00759,98.5,34.5,8.3,12.86,198.0,28.3,Normal
VH-05497,99.7,37.0,3.4,13.12,99.0,33.4,Warning
VH-06292,95.8,43.2,10.8,13.09,132.0,32.2,Normal
VH-04206,95.1,38.1,7.5,12.38,35.0,30.8,Normal
VH-06667,101.5,42.6,5.9,12.34,175.0,34.5,Normal
VH-00490,103.7,42.2,4.9,12.34,82.0,34.6,Normal
VH-01190,107.3,35.6,5.4,12.04,82.0,31.3,Normal
VH-04002,97.2,30.1,12.0,11.95,191.0,32.9,Warning
VH-01089,92.8,27.4,3.6,12.75,40.0,31.0,WARNING
VH-04242,86.6,40.0,8.9,12.59,132.0,28.7, normal 
VH-01479,108.6,46.2,5.4,12.87,185.0,25.0,Warning
VH-03201,104.3,36.6,7.5,12.99,119.0,31.1,Normal
VH-07139,98.4,32.1,6.4,12.56,123.0,31.3,Normal
VH-02072,79.2,42.9,6.8,12.57,112.0,34.7,Normal
VH-00071,85.9,45.7,5.1,,89.0,31.6,Warning
VH-07619,106.0,43.8,11.7,13.48,193.0,34.3,Normal
VH-01852,92.6,35.5,9.8,13.34,58.0,33.3,Warning
VH-02727,93.6,39.0,5.1,13.06,21.0,, normal 
VH-05081,89.9,37.8,8.0,13.18,196.0,34.2,Normal
VH-07781,93.5,44.1,4.2,12.86,128.0,34.6,Normal
VH-03848,101.9,42.2,3.6,11.95,16.0,33.5,Warning
VH-00824,80.1,46.1,10.2,13.38,89.0,29.7,Normal
VH-00386,98.5,41.5,2.4,13.33,198.0,30.6,Critical
VH-00347,99.7,42.3,9.3,,50.0,33.8,Normal
VH-03672,99.5,54.5,8.2,12.88,63.0,31.2,Normal
VH-02807,79.7,37.1,9.5,13.58,34.0,,Normal
VH-06111,93.3,44.7,5.8,12.65,39.0,30.3,Normal
VH-00468,103.8,40.1,10.9,12.58,137.0,35.1, normal 
VH-01418,102.8,45.7,10.8,12.41,68.0,36.9,Normal
VH-05676,81.8,35.9,4.2,12.19,115.0,29.7,Normal
VH-04632,87.8,32.9,6.1,13.0,95.0,30.5,Normal
VH-04845,101.9,38.6,6.2,12.17,62.0,36.3,Normal
VH-00341,97.4,39.7,5.9,11.9,12.0,30.3,WARNING
VH-01299,87.3,44.6,11.8,13.06,33.0,34.9,Normal
VH-02227,99.6,29.9,3.9,12.41,122.0,33.7,Warning
VH-01619,88.9,42.5,6.6,13.23,10.0,,Normal
VH-06800,91.2,43.4,6.8,12.9,103.0,34.0,Normal
VH-02490,101.5,43.4,7.9,13.06,104.0,30.0,Normal
VH-05635,76.2,55.4,9.9,11.95,47.0,39.2,Warning
VH-03175,80.9,34.0,11.6,12.97,48.0,25.3,Warning
VH-06129,93.3,35.9,8.4,12.2,21.0,27.1,Warning
VH-07414,81.0,40.2,5.8,11.69,105.0,36.8,Warning
VH-01927,86.9,50.2,10.8,13.01,160.0,,Normal
VH-05202,87.5,36.9,5.5,11.98,137.0,30.8,Warning
VH-00719,86.8,40.4,2.7,11.62,165.0,26.8,Warning
VH-07344,99.4,32.8,5.0,12.47,194.0,34.0,Normal
VH-06558,91.4,37.5,10.2,12.77,83.0,30.8,Normal
VH-04012,100.5,,11.2,12.6,72.0,38.0,Normal
VH-03180,87.1,37.5,7.9,12.87,147.0,33.0,Normal
VH-06812,95.4,27.8,7.8,12.79,38.0,34.7,Normal
VH-01653,91.9,45.7,3.0,13.33,65.0,30.4,Warning
VH-00749,87.9,22.5,7.3,12.46,131.0,31.8,Warning
VH-00688,91.3,,5.6,12.77,121.0,34.2,Normal
VH-06238,86.7,40.9,10.1,13.03,83.0,32.8,Normal
VH-06841,88.7,40.2,9.7,12.75,109.0,32.9,Normal
VH-05399,104.5,32.1,9.6,,41.0,31.8,Normal
VH-03372,83.2,29.5,11.0,13.22,28.0,31.8,Normal
VH-03096,105.6,41.8,11.1,12.05,102.0,32.3,Normal
VH-01558,101.5,36.7,9.5,13.55,26.0,29.5,Normal
VH-01081,93.8,37.8,6.7,12.35,169.0,28.9,Normal
VH-03471,92.6,53.5,10.6,12.35,68.0,32.7,Normal
VH-01853,100.4,44.5,9.0,13.55,38.0,,Normal
VH-00890,88.3,38.6,2.1,12.84,183.0,33.2,Critical
VH-04913,86.3,35.3,10.3,12.03,88.0,35.1,Normal
VH-07136,88.8,52.4,6.8,12.48,119.0,36.8,Critical
VH-06073,97.3,42.8,10.1,12.48,24.0,36.2,Normal
VH-07283,95.3,37.6,8.9,12.56,142.0,33.1,Normal
VH-07860,86.2,30.5,6.4,12.28,82.0,33.9,Normal
VH-02659,98.6,42.4,8.1,12.44,144.0,33.7,Normal
VH-07894,108.2,32.4,8.5,13.21,19.0,29.6,Warning
VH-02189,99.4,39.9,4.3,12.61,106.0,30.7,Normal
VH-03989,87.7,37.6,3.3,,87.0,34.3,Warning
VH-01531,97.5,27.7,11.6,13.03,26.0,33.2,Normal
VH-07748,84.6,44.3,11.8,13.42,25.0,,Normal
VH-07869,94.5,48.8,8.4,13.28,175.0,36.0,Normal
VH-00338,104.2,27.6,7.3,12.17,97.0,37.6,Normal
VH-02347,89.5,36.1,9.6,13.45,116.0,34.2,Normal
VH-05467,106.8,41.0,8.6,12.73,55.0,31.4,Normal
VH-01251,107.1,35.5,3.6,12.1,100.0,28.5,Warning
VH-01892,85.9,35.0,6.6,12.85,185.0,34.9,Normal
VH-04052,98.2,60.9,6.1,12.22,96.0,29.2,Normal
VH-03670,98.9,38.1,2.2,11.76,134.0,36.0,Critical
VH-00568,99.4,32.3,8.8,13.06,129.0,32.4,Normal
VH-03453,100.8,32.0,10.5,12.87,95.0,30.5,Normal
VH-06335,80.3,35.1,4.4,13.16,187.0,28.1,Normal
VH-00436,90.7,46.0,8.5,,73.0,33.4,Normal
VH-01559,93.8,19.0,2.9,12.52,72.0,,Warning
VH-05727,90.7,41.2,7.8,13.31,67.0,34.9,Normal
VH-00655,97.6,41.1,5.9,12.64,26.0,34.2,Normal
VH-00554,94.3,50.9,5.8,12.81,61.0,28.2,Normal
VH-04876,102.5,33.2,4.8,12.42,12.0,35.2,Normal
VH-06440,99.9,32.8,7.0,12.68,38.0,36.1,Normal
VH-02042,110.3,44.0,8.1,12.94,182.0,33.5,Warning
VH-05331,98.2,48.5,4.4,12.73,66.0,33.2,Normal
VH-05890,101.6,37.6,8.3,12.0,42.0,30.9,Normal
VH-05116,101.4,48.2,10.8,13.08,5.0,35.7,Normal
VH-00602,105.2,35.6,2.2,12.34,154.0,32.9,Critical
VH-00611,96.9,36.0,7.1,12.53,115.0,31.2,Normal
VH-02357,97.6,39.3,5.4,13.02,107.0,37.2, normal 
VH-04204,106.1,37.8,6.8,,121.0,31.9,Normal
VH-07805,101.9,48.2,2.1,12.28,126.0,34.2,Critical
VH-04039,93.6,42.1,8.3,,114.0,34.2,Normal
VH-02471,91.5,44.2,9.8,12.57,140.0,33.2,Normal
VH-01733,83.5,,5.0,12.4,30.0,35.0,Normal
VH-06895,88.2,51.6,4.4,12.33,68.0,,Normal
VH-05340,96.5,36.1,3.0,13.08,140.0,35.2,Warning
VH-04924,83.7,35.3,6.9,12.84,64.0,36.3,Warning
VH-00151,86.7,38.6,11.3,13.15,79.0,34.6,Normal
VH-06363,95.3,,5.6,12.59,169.0,31.1,Normal
VH-04933,99.3,30.4,8.1,12.68,89.0,30.5,Normal
VH-05416,99.9,31.6,5.4,12.78,22.0,34.4,Normal
VH-04265,91.2,42.7,2.9,11.64,61.0,31.1,Warning
VH-02073,92.9,26.0,4.7,12.94,67.0,31.2,Normal
VH-00782,109.4,41.3,5.6,12.86,134.0,30.3,Warning
VH-04493,87.2,42.1,6.8,12.7,123.0,34.1,Normal
VH-03053,94.4,49.0,4.6,12.51,146.0,32.2,Normal
VH-00166,102.5,39.7,2.1,12.57,100.0,27.8,critical
VH-03789,91.1,33.1,10.8,12.37,50.0,34.3,Normal
VH-06086,101.2,41.1,6.9,12.41,41.0,35.2,Normal
VH-07411,87.7,46.4,5.4,13.16,149.0,32.0,Normal
VH-07848,83.0,47.3,2.6,12.87,103.0,31.3,Warning
VH-05687,106.0,49.6,9.2,11.67,200.0,35.4,Warning
VH-00142,77.9,43.8,3.6,12.97,168.0,31.6,Warning
VH-01986,96.6,46.4,11.0,12.33,16.0,30.9,Normal
VH-05459,102.2,31.8,3.4,13.0,14.0,36.2,Warning
VH-06403,83.9,43.1,11.8,13.02,100.0,35.0,Normal
VH-06853,84.7,45.6,9.8,13.03,93.0,30.7,Normal
VH-04059,94.2,37.9,2.7,12.66,192.0,30.7,Warning
VH-03443,92.0,51.1,11.3,12.4,101.0,30.8,Normal
VH-03981,93.0,52.2,8.8,12.14,111.0,33.0,Normal
VH-02693,92.1,52.1,8.0,13.28,64.0,29.3,Normal
VH-04333,103.2,44.4,6.2,12.18,16.0,26.0,Warning
VH-00989,91.1,31.2,11.3,12.21,189.0,28.1,Normal
VH-03422,103.5,52.2,3.9,13.11,172.0,30.2,Warning
VH-07005,100.7,42.2,5.8,12.16,139.0,28.2,Normal
VH-01758,86.8,56.2,3.4,12.84,51.0,29.8,Warning
VH-02369,101.3,39.9,9.4,12.21,119.0,36.4,Normal
VH-01021,97.5,41.5,8.6,12.75,175.0,,Normal
VH-07333,110.8,28.9,8.0,12.44,131.0,29.0,Warning
VH-00866,84.3,51.2,8.8,11.62,111.0,35.8,Warning
VH-03020,85.2,48.9,7.2,13.34,180.0,27.9,Critical
VH-07334,93.7,55.4,2.6,11.76,139.0,33.0,Warning
VH-07205,88.5,35.3,10.5,12.31,137.0,32.8,Normal
VH-07217,92.0,986.7109986107173,11.3,11.93,155.0,30.7,Warning
VH-05525,83.7,21.1,4.7,13.14,145.0,35.2,Warning
VH-01697,114.0,47.7,9.5,13.52,65.0,33.2,Warning
VH-07960,77.5,39.5,7.6,13.29,159.0,28.2,Normal
VH-00327,94.5,41.9,4.2,13.23,162.0,27.8,Warning
VH-05859,105.5,48.2,8.6,13.61,178.0,32.7,Normal
VH-00803,98.0,37.2,7.7,12.71,19.0,35.7,Normal
VH-05992,96.9,36.9,2.4,,162.0,36.9,Critical
VH-05643,109.0,36.1,7.9,13.6,10.0,,Warning
VH-07778,94.5,34.9,5.8,12.46,151.0,33.5,Normal
VH-02903,90.7,40.0,4.6,12.82,80.0,35.6,Normal
VH-07324,105.6,39.6,11.0,12.31,68.0,35.9,Normal
VH-05376,94.9,46.4,7.7,13.06,61.0,38.5,Critical
VH-04161,84.4,41.1,3.7,13.28,8.0,32.8,Warning
VH-06470,100.7,44.5,2.3,12.72,141.0,33.5,Warning
VH-00401,96.6,49.3,9.0,14.09,40.0,38.7,Normal
VH-03413,92.1,33.0,3.5,12.86,8.0,35.0,Warning
VH-01346,97.6,33.9,7.4,12.24,143.0,31.6,Normal
VH-02391,100.6,38.4,5.0,12.86,112.0,35.3, normal 
VH-01267,100.3,39.5,5.5,13.19,181.0,31.0,Normal
VH-07667,89.4,55.2,2.2,13.1,200.0,32.1,Critical
VH-01443,106.5,29.8,2.2,12.14,123.0,34.8,Critical
VH-07020,96.0,,5.9,12.76,42.0,34.1,Normal
VH-00185,107.3,,6.6,12.23,95.0,26.9,Warning
VH-05478,102.1,33.4,11.3,12.88,173.0,33.0,Normal
VH-02085,101.2,25.9,9.2,12.95,54.0,37.5,Normal
VH-00096,84.4,38.3,5.8,13.07,190.0,37.3,Normal
VH-05433,103.2,47.2,2.6,12.86,147.0,30.9,Warning
VH-04691,97.3,39.2,8.5,13.13,31.0,34.3, normal 
VH-02119,101.2,43.3,11.9,12.47,27.0,31.9,Normal
VH-05261,102.2,35.8,3.5,13.25,69.0,38.5,Warning
VH-06362,92.9,43.8,7.6,11.96,27.0,31.4,Warning
VH-04765,97.9,42.7,12.0,12.19,9.0,29.0,Normal
VH-01752,89.7,45.8,4.8,12.39,197.0,29.6,Normal
VH-00469,87.3,44.5,2.9,12.36,92.0,30.8,Warning
VH-05191,99.1,,2.9,11.69,155.0,29.5,Normal
VH-06317,90.7,50.6,8.2,12.61,102.0,35.9,Normal
VH-01659,96.0,49.9,11.9,13.45,85.0,36.1,Normal
VH-03762,97.4,35.6,10.3,12.44,168.0,31.4,Normal
VH-03238,102.3,25.4,11.8,12.39,189.0,33.1,Normal
VH-03825,93.0,30.3,10.3,12.93,121.0,34.5,Normal
VH-01476,111.8,29.6,9.7,,55.0,29.3,Warning
VH-07777,86.4,38.6,5.9,12.54,92.0,30.1,Normal
VH-03158,83.3,57.7,2.6,,32.0,34.4,Warning
VH-04025,87.3,46.9,4.9,12.3,99.0,37.6,Normal
VH-05390,107.8,38.8,9.8,12.93,100.0,33.7,Normal
VH-07939,101.1,36.5,11.1,12.0,90.0,34.8,Normal
VH-01377,96.4,38.6,11.1,12.61,100.0,33.1,Normal
VH-03041,94.0,42.5,10.6,12.6,166.0,28.3,Normal
VH-01221,105.3,39.7,5.5,12.19,105.0,38.5,Normal
VH-05255,85.0,31.6,6.8,12.55,73.0,30.3,Normal
VH-07455,97.7,47.0,6.4,13.63,196.0,30.5,Normal
VH-02625,93.8,53.1,3.8,12.95,161.0,34.4,Warning
VH-02212,105.3,38.7,2.5,11.96,134.0,25.4,Critical
VH-04057,100.7,38.5,10.1,,37.0,33.9,Normal
VH-00943,104.6,52.7,11.2,12.91,57.0,30.8,Normal
VH-04502,84.5,48.7,8.2,12.05,54.0,34.3,Normal
VH-00241,94.2,32.0,7.6,12.59,27.0,33.5,Normal
VH-01926,90.3,37.2,2.1,12.78,98.0,36.8,Critical
VH-02603,96.6,37.1,6.7,13.17,175.0,33.3, normal 
VH-00526,106.6,39.6,3.1,13.15,150.0,32.7,Warning
VH-03785,85.3,42.6,5.0,12.53,171.0,32.3, normal 
VH-01159,83.7,50.3,5.6,11.87,28.0,38.9,Warning
VH-06272,99.3,28.6,10.7,11.71,58.0,,Warning
VH-05223,98.1,37.2,2.2,12.26,143.0,36.7,Critical
VH-02960,84.8,19.0,4.0,12.23,98.0,34.4,Warning
VH-02252,100.4,54.8,5.9,12.46,10.0,35.3,Normal
VH-06649,81.7,42.0,4.5,12.18,197.0,31.9,Normal
VH-04525,85.5,39.1,3.9,12.14,129.0,31.2,Warning
VH-04293,105.3,39.9,11.6,12.03,20.0,31.1,Normal
VH-02325,99.1,30.5,3.8,12.14,110.0,32.6,Warning
VH-06752,88.6,36.4,3.2,12.97,177.0,31.8,Warning
VH-01478,91.9,60.6,11.1,12.03,90.0,27.7,Warning
VH-04434,110.3,44.6,10.2,,11.0,34.3,Warning
VH-03988,104.6,31.1,9.3,12.36,59.0,33.5,Normal
VH-06970,96.7,38.2,11.2,13.37,153.0,33.7,Normal
VH-04349,99.2,28.9,3.8,12.44,174.0,33.7,Warning
VH-00320,101.3,45.6,7.5,12.06,146.0,33.1,Normal
VH-05345,89.7,40.0,2.5,13.34,142.0,35.0,Critical
VH-05042,98.0,33.6,10.4,12.58,33.0,33.4,Normal
VH-04215,106.0,36.2,2.7,13.35,105.0,30.1,Warning
VH-01084,95.9,36.8,8.2,11.6,86.0,31.2,Warning
VH-03652,101.8,36.7,8.1,12.93,22.0,35.8,Normal
VH-01191,103.1,24.3,3.7,12.2,6.0,35.6,WARNING
VH-03827,96.8,36.0,2.4,12.04,128.0,28.0,Critical
VH-00620,91.5,48.3,8.2,12.03,182.0,32.9,Normal
VH-02098,80.5,64.4,11.0,12.44,73.0,32.4,Normal
VH-04846,102.2,41.3,11.6,12.97,96.0,36.7, normal 
VH-05599,92.3,53.3,8.7,12.6,64.0,32.0,Normal
VH-02803,87.1,35.5,3.4,13.52,104.0,26.1,Warning
VH-01864,97.3,45.1,7.3,12.61,168.0,37.3,Normal
VH-02295,102.4,44.7,7.0,12.17,151.0,31.6,Normal
VH-01959,90.3,25.9,7.7,12.17,25.0,34.6,Normal
VH-05356,79.5,38.1,7.2,12.36,67.0,31.7,Normal
VH-00577,105.0,40.3,9.6,12.56,200.0,38.1,Normal
VH-01395,109.9,41.0,10.3,12.67,133.0,38.1,Warning
VH-05477,100.1,33.9,10.0,12.63,187.0,34.9,Normal
VH-02754,103.6,53.3,10.5,13.17,95.0,34.2,Normal
VH-01805,79.6,28.2,10.4,12.89,193.0,29.1,Normal
VH-02854,88.4,29.6,7.3,12.68,74.0,30.3,Normal
VH-07066,102.5,48.4,11.0,12.74,48.0,28.8,Normal
VH-04366,98.6,29.7,2.9,13.69,87.0,32.0,Warning
VH-00170,89.8,34.5,7.1,11.62,192.0,34.3,Warning
VH-02041,100.3,52.3,10.6,12.36,105.0,35.5,Normal
VH-05739,104.1,53.9,6.2,13.25,104.0,35.3,Normal
VH-01233,95.7,,6.1,12.49,14.0,33.4,Warning
VH-06207,88.8,29.3,9.8,12.99,102.0,,Normal
VH-07008,92.3,28.8,10.9,13.53,91.0,31.4,Normal
VH-06017,82.9,39.1,6.3,12.96,39.0,32.2,Normal
VH-06176,88.9,36.1,5.6,12.48,151.0,33.6,Normal
VH-06059,103.8,45.9,2.0,12.37,78.0,,Critical
VH-01275,95.2,48.8,7.1,13.21,117.0,35.9,Normal
VH-03118,88.4,36.0,5.4,13.1,124.0,34.2,Normal
VH-04395,97.0,32.8,11.8,12.95,113.0,32.2,Normal
VH-02949,104.4,40.6,6.0,12.54,118.0,36.0, normal 
VH-07896,84.4,38.5,3.4,12.66,5.0,34.1,Warning
VH-01890,103.2,40.1,5.8,13.25,56.0,24.1,Warning
VH-00677,98.4,37.4,11.9,11.61,185.0,30.7,Warning
VH-06106,92.9,51.4,5.4,12.85,59.0,29.7,Normal
VH-05143,103.6,37.7,5.3,12.22,64.0,29.7,Normal
VH-05620,115.3,35.1,4.2,13.01,21.0,35.4,Normal
VH-05259,96.9,44.2,3.7,13.11,157.0,29.0,Warning
VH-01296,82.4,40.0,4.8,13.01,112.0,37.1,Normal
VH-04391,105.2,45.7,8.2,12.39,85.0,31.8,Normal
VH-04149,81.1,36.8,10.8,13.2,184.0,30.1,Normal
VH-03400,98.2,31.8,2.8,12.92,113.0,32.3,Warning
VH-07341,100.3,37.0,6.1,12.62,120.0,34.6, normal 
VH-07288,90.2,,2.2,12.24,49.0,29.2,Critical
VH-03900,100.1,48.7,2.8,12.43,168.0,35.5,Warning
VH-06154,109.1,38.1,2.5,13.34,183.0,32.8,Critical
VH-03342,108.5,29.0,8.0,12.47,148.0,26.9,Warning
VH-00301,82.7,35.2,10.7,12.03,88.0,35.4,Critical
VH-00365,106.9,39.9,6.6,13.12,157.0,26.6,Warning
VH-05242,101.3,34.2,3.6,12.45,21.0,32.4,Warning
VH-04198,78.7,40.7,5.7,12.22,21.0,33.5,Normal
VH-07211,86.0,38.3,8.0,12.79,168.0,34.6,Normal
VH-02795,100.4,30.1,8.4,13.21,85.0,32.2,Normal
VH-03694,105.3,34.1,3.6,12.26,174.0,30.1,Warning
VH-00857,98.4,47.5,8.3,12.9,178.0,36.7,Normal
VH-04931,87.7,35.0,6.2,12.49,66.0,30.9,Normal
VH-03005,91.3,33.0,10.5,13.11,189.0,30.2, normal 
VH-05617,94.2,36.0,6.4,13.32,107.0,32.8,Normal
VH-05656,79.4,31.7,11.3,12.4,44.0,,Normal
VH-06672,85.5,32.7,8.2,12.27,185.0,31.3,Normal
VH-04470,97.4,36.3,3.1,,72.0,33.4,Warning
VH-00544,93.0,,7.7,12.18,178.0,33.6,Normal
VH-04387,99.9,43.2,8.8,12.08,46.0,33.1,Normal
VH-05965,104.8,37.6,8.8,12.76,87.0,35.3,Normal
VH-03688,116.0,55.0,8.4,12.53,124.0,38.1,Warning
VH-04485,89.9,38.2,9.1,12.61,118.0,32.7,Normal
VH-02869,99.6,25.0,8.5,12.1,197.0,36.3,Normal
VH-04946,106.1,49.3,4.8,12.98,179.0,32.0,Normal
VH-05219,99.8,37.6,7.4,13.0,11.0,42.2,Warning
VH-01870,102.0,33.7,6.6,13.23,132.0,30.2,Normal
VH-07762,90.4,57.9,3.3,11.96,27.0,29.1,Warning
VH-03231,107.1,40.8,2.0,12.44,166.0,30.6,Critical
VH-05015,91.6,36.6,6.1,13.35,102.0,,Normal
VH-04506,101.0,36.1,2.2,12.65,41.0,31.0,Critical
VH-01894,92.9,44.9,10.2,13.14,150.0,35.0,Normal
VH-01184,94.9,33.8,2.1,12.58,84.0,36.3,Critical
VH-06645,95.2,42.7,2.7,12.81,71.0,30.2,Warning
VH-03004,92.9,41.7,2.9,13.78,57.0,33.4,Warning
VH-01898,91.4,52.2,5.5,13.13,78.0,35.1,Normal
VH-00832,86.0,30.7,4.9,12.1,152.0,26.9,Warning
VH-00690,97.5,32.4,11.4,11.79,63.0,31.1,Warning
VH-06849,105.2,40.0,9.3,12.15,186.0,38.4,Normal
VH-03776,87.7,44.2,5.9,12.22,62.0,28.6,Normal
VH-01512,102.2,53.0,2.1,12.24,33.0,34.8,Critical
VH-06840,109.2,40.0,5.9,12.7,92.0,27.0,Warning
VH-03882,97.6,49.2,3.3,12.53,182.0,34.7,Warning
VH-01075,96.8,36.6,9.8,12.4,14.0,33.2,Normal
VH-07880,90.4,62.4,6.2,12.28,157.0,36.4,Normal
VH-05486,110.3,32.8,9.2,12.18,142.0,28.0,Warning
VH-02111,99.0,31.4,8.7,12.33,84.0,31.1,Normal
VH-04865,95.7,967.3624719087242,3.8,12.32,196.0,31.5,WARNING
VH-05487,89.4,49.8,9.4,,97.0,29.5,Warning
VH-07630,103.2,51.8,5.5,12.55,160.0,36.3,Normal
VH-02602,94.3,41.8,10.9,13.45,9.0,25.6,Warning
VH-01946,89.0,22.9,6.9,13.21,130.0,34.4,Warning
VH-07442,99.2,28.7,6.6,13.21,69.0,35.1,Normal
VH-07468,96.2,30.0,6.0,12.96,33.0,34.3,Normal
VH-00752,86.9,55.8,11.4,12.93,37.0,30.2,Normal
VH-01361,102.3,35.5,6.1,11.76,36.0,34.9,WARNING
VH-05230,101.9,41.6,11.3,12.89,116.0,35.4,Normal
VH-02682,103.0,40.1,2.0,12.55,190.0,31.7,Critical
VH-05137,98.7,43.8,12.0,13.02,73.0,32.8,Normal
VH-03284,89.1,38.6,7.9,13.55,168.0,39.0,Normal
VH-06527,98.0,,11.3,11.77,120.0,34.5,Warning
VH-07052,99.2,42.2,5.6,12.88,106.0,36.3,Normal
VH-00363,86.5,35.9,4.5,12.38,168.0,36.5,Normal
VH-02764,90.7,44.4,9.9,,70.0,34.0,Warning
VH-01135,105.3,,6.2,12.83,9.0,33.8,Normal
VH-03212,100.6,57.5,7.7,13.09,170.0,, normal 
VH-03807,96.3,27.8,5.0,12.55,49.0,28.8,Normal
VH-01679,92.8,51.0,5.6,13.46,114.0,30.6,Normal
VH-04646,94.5,42.8,6.3,13.61,157.0,32.2,Normal
VH-03589,90.6,65.0,8.9,13.04,170.0,31.9,Normal
VH-02356,96.2,21.8,5.6,12.82,156.0,30.4,Warning
VH-07850,100.0,40.8,3.1,12.93,144.0,34.6,Warning
VH-01622,101.1,40.4,8.0,12.63,158.0,33.3,Normal
VH-06538,93.1,55.4,9.8,12.72,144.0,34.9,Normal
VH-06319,102.8,,2.8,12.0,112.0,37.2,Warning
VH-04097,101.5,,3.8,12.14,14.0,32.0,Warning
VH-03014,102.9,52.4,3.8,12.97,26.0,35.9,Warning
VH-04810,95.5,37.5,7.4,11.73,121.0,31.7,Warning
VH-04938,100.6,47.0,2.9,12.81,180.0,36.7,Warning
VH-02068,99.2,41.2,5.9,12.52,91.0,36.4,Normal
VH-04389,107.8,34.4,11.9,12.05,119.0,30.0,Normal
VH-00879,94.8,33.6,6.4,12.82,125.0,34.7,Normal
VH-07316,85.3,42.2,9.0,12.11,182.0,36.1,Normal
VH-03797,86.6,39.8,5.4,,9.0,28.1,Normal
VH-04959,87.8,45.5,8.1,11.74,44.0,31.4,Warning
VH-00758,100.1,37.2,2.8,13.29,126.0,34.4,Warning
VH-03121,96.5,43.5,4.4,13.02,72.0,32.4,Normal
VH-02402,97.2,37.8,12.0,12.0,169.0,31.2,Normal
VH-02059,86.3,43.1,8.3,12.32,22.0,30.8,Normal
VH-06453,97.7,34.6,9.5,12.37,71.0,28.7,Normal
VH-05559,84.3,,11.4,12.64,132.0,37.3,Normal
VH-02577,87.3,44.2,6.5,13.09,100.0,27.6,Warning
VH-01911,99.1,34.4,9.5,12.42,132.0,,Normal
VH-06460,105.3,33.9,5.3,12.42,64.0,45.0,Warning
VH-07515,93.9,26.9,5.8,13.1,156.0,27.8,Warning
VH-01073,82.3,48.5,3.4,12.5,141.0,34.1,Warning
VH-00058,88.1,52.2,9.3,11.87,189.0,25.1,Warning
VH-06912,100.5,47.7,9.7,12.31,22.0,31.3,Normal
VH-02294,104.3,41.4,9.2,13.08,84.0,27.6,WARNING
VH-05623,81.5,47.2,2.7,12.0,102.0,30.2,Warning
VH-06473,87.0,42.8,9.2,12.13,176.0,34.1,Normal
VH-02398,89.8,40.6,11.2,12.14,50.0,34.1,Normal
VH-03133,90.0,29.5,3.9,,37.0,32.3,Warning
VH-01068,106.6,26.7,4.5,,38.0,39.5,Normal
VH-02529,90.7,32.0,11.1,12.93,31.0,,Normal
VH-07114,83.0,45.8,5.0,12.08,30.0,32.0,Normal
VH-01477,83.3,36.9,11.1,12.72,59.0,35.0,Normal
VH-01513,79.0,37.7,8.3,12.25,189.0,32.5,Normal
VH-03285,103.1,31.1,8.2,12.31,182.0,31.4, normal 
VH-06149,105.3,,8.0,12.23,20.0,26.0,Warning
VH-03068,111.6,56.8,10.2,13.38,35.0,33.4,Warning
VH-05164,87.8,40.7,3.3,,113.0,33.9,Warning
VH-06445,108.8,,2.1,13.24,155.0,31.3,Critical
VH-07325,106.1,50.9,4.8,13.73,47.0,31.8,Normal
VH-04612,91.6,33.6,4.3,11.73,35.0,37.9,WARNING
VH-07632,91.9,52.0,6.1,12.62,66.0,30.7,Normal
VH-03289,86.8,27.0,7.7,13.18,189.0,29.7,Normal
VH-01799,91.5,30.0,4.2,12.38,24.0,28.4,Normal
VH-06512,98.3,35.4,7.5,12.6,112.0,37.5,Normal
VH-07735,87.2,39.2,4.2,,32.0,28.6,Normal
VH-06724,98.7,38.0,3.2,12.78,21.0,31.7,Warning
VH-02500,99.4,44.0,3.1,13.01,52.0,34.6,Warning
VH-07861,86.7,51.1,7.3,12.21,50.0,,Normal
VH-07899,111.3,41.2,4.2,12.26,41.0,36.6,Warning
VH-04288,94.0,37.1,9.5,,40.0,39.1,Normal
VH-03795,93.6,46.2,8.8,12.36,113.0,33.5,Normal
VH-06678,99.4,,11.4,12.01,73.0,32.6,Normal
VH-07608,109.8,36.2,7.4,13.11,15.0,32.4,Warning
VH-04085,94.8,38.1,6.9,12.0,23.0,35.0,Warning
VH-05134,90.7,48.8,10.4,13.28,118.0,33.9,Normal
VH-07962,111.4,43.0,3.4,11.48,58.0,34.4,Warning
VH-02681,-37.90346078180381,55.9,3.6,12.05,83.0,31.6,Warning
VH-02505,102.4,45.8,11.9,11.28,30.0,32.7,Critical
VH-01303,101.0,39.5,5.5,12.18,34.0,33.8, normal 
VH-04722,94.6,53.8,4.2,12.18,109.0,35.1,Normal
VH-03805,74.0,40.1,7.4,11.9,10.0,35.3,Warning
VH-01173,87.0,35.9,4.5,12.22,185.0,26.2,Warning
VH-01432,88.1,36.7,11.0,12.95,75.0,30.3,Normal
VH-01099,104.9,39.6,9.8,13.02,157.0,34.1,Normal
VH-07337,86.8,37.2,5.3,11.82,37.0,27.2,Normal
VH-01908,91.2,30.1,3.3,12.24,25.0,36.8,Warning
VH-07142,87.7,46.8,9.9,12.06,54.0,, normal 
VH-07130,95.2,45.2,7.2,11.59,174.0,31.9,Warning
VH-06980,107.9,47.1,6.4,12.52,40.0,34.2,Normal
VH-05081,89.9,37.8,8.0,13.18,196.0,34.2,Normal
VH-01405,100.6,25.5,2.4,12.35,28.0,30.4,Critical
VH-07197,93.5,43.2,8.2,13.32,150.0,33.5,Normal
VH-05576,98.2,35.6,3.8,13.03,189.0,35.7,Warning
VH-07987,94.5,28.6,7.2,12.64,138.0,26.5,Warning
VH-02813,90.7,57.3,2.0,13.24,80.0,29.7,Critical
VH-00309,108.9,40.1,3.0,12.71,9.0,32.6,Warning
VH-04090,113.2,41.7,5.8,12.32,188.0,33.1,Warning
VH-00775,96.6,26.2,9.3,12.26,79.0,32.5,Normal
VH-04580,92.2,38.4,5.8,12.94,63.0,29.2,Normal
VH-00367,88.4,35.8,10.9,11.48,173.0,29.8,Normal
VH-00570,83.4,31.5,10.9,13.05,145.0,33.6, normal 
VH-04099,93.2,33.8,5.6,12.58,178.0,30.1,Normal
VH-04745,97.0,32.8,3.1,13.16,165.0,31.9,Warning
VH-07178,100.0,20.9,10.4,12.5,121.0,34.2,Warning
VH-04537,97.4,41.4,9.9,12.68,146.0,30.5,Normal
VH-01593,89.2,39.8,2.3,12.65,122.0,33.2,Critical
VH-02263,93.4,28.6,10.2,12.7,59.0,32.8,Normal
VH-07715,85.7,43.7,8.7,12.45,172.0,36.1,Normal
VH-06432,93.4,51.3,9.2,13.25,31.0,34.4,Normal
VH-01541,101.7,35.0,4.3,12.7,147.0,34.2,Normal
VH-06110,92.8,51.7,9.3,12.52,141.0,31.4,Normal
VH-07166,100.3,32.0,5.2,13.08,190.0,34.4,Normal
VH-04644,94.7,34.9,9.5,13.19,68.0,32.3,Normal
VH-07286,91.8,49.5,4.1,13.0,198.0,30.4,Normal
VH-05009,97.4,32.8,7.3,11.65,46.0,30.3,Warning
VH-05589,87.1,33.5,11.7,12.83,84.0,29.7, normal 
VH-05041,88.4,50.3,5.9,12.71,125.0,36.0,Normal
VH-06860,94.9,38.5,8.2,12.35,132.0,31.2,Normal
VH-00072,87.6,28.9,9.6,12.85,44.0,39.4,Normal
VH-04829,79.9,44.4,3.7,12.57,174.0,40.4,Warning
VH-05814,101.2,48.9,9.0,12.52,128.0,34.0,Normal
VH-07850,100.0,40.8,3.1,12.93,144.0,34.6,Warning
VH-04858,90.8,34.9,7.1,12.95,153.0,33.8,Normal
VH-02835,94.1,38.1,9.5,12.81,188.0,34.7,Normal
VH-04269,93.5,40.8,6.5,12.15,123.0,27.3,Warning
VH-07298,95.4,22.3,9.3,12.3,34.0,35.7,Warning
VH-03736,91.1,46.0,3.0,12.8,83.0,35.2,Warning
VH-06519,96.8,38.7,3.4,12.65,140.0,28.4,Warning
VH-02511,108.7,44.0,6.0,13.11,141.0,32.4,Warning
VH-01780,101.5,39.0,11.1,12.9,160.0,32.9,Critical
VH-01775,97.4,,10.1,12.42,111.0,35.0, normal 
VH-01534,111.1,38.6,11.2,12.67,39.0,25.4,Warning
VH-04934,91.9,24.0,9.8,12.64,115.0,35.2,Warning
VH-03105,95.4,46.6,4.3,12.68,133.0,34.6,Normal
VH-03765,104.4,28.8,5.3,13.66,34.0,32.0,Normal
VH-03334,95.4,38.3,5.2,13.33,199.0,29.4,Normal
VH-06269,93.4,43.1,10.1,12.85,197.0,31.2,Normal
VH-04960,89.7,34.7,8.2,12.39,95.0,,Normal
VH-07467,101.7,38.6,2.3,12.2,100.0,29.3,Critical
VH-07858,93.1,49.5,9.4,12.44,171.0,34.2,Normal
VH-06003,99.9,41.4,9.2,13.07,96.0,39.2,Normal
VH-06100,92.4,31.2,8.0,13.14,190.0,31.7,Normal
VH-04394,85.7,25.8,5.3,12.98,62.0,29.0,Normal
VH-07328,86.7,30.4,11.6,12.2,69.0,37.7,Normal
VH-04362,92.0,20.6,5.2,12.11,143.0,35.9,Warning
VH-03962,99.1,50.4,2.9,12.42,62.0,30.0,Warning
VH-05863,98.9,47.1,8.2,13.14,72.0,35.9,Normal
VH-01784,100.5,55.1,6.5,12.53,93.0,32.0,Normal
VH-06611,86.3,48.1,3.0,11.27,159.0,30.7,critical
VH-01029,103.4,45.5,5.2,12.15,59.0,37.4,Normal
VH-00519,108.0,43.2,6.4,12.23,145.0,31.0,Warning
VH-02446,92.0,38.4,7.3,12.02,130.0,29.4,Normal
VH-01914,104.5,43.5,4.7,13.79,175.0,30.6,Normal
VH-07751,96.5,34.8,6.1,12.87,52.0,34.2, normal 
VH-01609,91.9,38.6,11.9,13.03,119.0,32.3,Normal
VH-06702,84.4,48.0,10.5,13.2,169.0,35.2,Normal
VH-00395,96.1,36.9,9.4,12.98,145.0,38.1,Normal
VH-04190,103.0,50.4,3.1,12.89,198.0,34.9,Warning
VH-01983,93.0,40.0,8.8,12.49,30.0,33.9,Normal
VH-01936,94.7,39.6,5.3,12.38,19.0,29.6,Normal
VH-03364,98.9,28.2,4.5,13.17,28.0,31.5,Normal
VH-06614,108.5,44.8,5.6,12.26,188.0,33.6,Warning
VH-05646,82.9,38.6,11.3,12.45,124.0,34.0,Normal
VH-01033,98.9,49.4,6.8,11.37,95.0,31.8,Warning
VH-06002,101.9,57.8,3.6,12.62,86.0,27.6,Warning
VH-03934,98.2,32.1,8.1,13.34,11.0,35.4,Normal
VH-04388,82.0,54.4,7.7,13.38,189.0,33.5,Normal
VH-07587,87.2,48.9,4.6,,79.0,33.5,Normal
VH-00604,89.9,49.3,9.6,12.09,142.0,36.0,Normal
VH-05870,96.4,36.4,9.8,12.64,17.0,31.7,Normal
VH-04977,99.5,37.2,7.5,12.79,131.0,27.3,Warning
VH-06900,86.5,47.5,5.5,12.65,159.0,34.5,Normal
VH-02804,88.2,36.2,8.1,12.48,191.0,34.3, normal 
VH-01431,87.6,32.2,7.5,13.13,6.0,31.7,Normal
VH-06847,73.7,37.9,11.4,12.76,141.0,39.0,Warning
VH-03650,106.4,30.0,3.1,13.2,154.0,31.9,Warning
VH-04902,95.2,46.1,8.8,13.0,171.0,29.7,Normal
VH-07095,104.9,35.6,7.8,11.97,27.0,32.6,Warning
VH-02365,106.8,53.5,4.6,12.8,28.0,39.3,Normal
VH-01321,90.5,25.0,8.2,12.57,34.0,30.7,Normal
VH-02576,88.5,50.2,3.7,,120.0,38.6,Warning
VH-05043,-26.844821199108083,34.6,6.9,13.19,91.0,30.4,Normal
VH-06960,76.2,30.2,2.1,11.6,106.0,34.4,Critical
VH-05273,99.7,60.3,7.8,13.13,93.0,34.6,Normal
VH-02641,94.3,50.0,11.9,12.83,130.0,28.1,Normal
VH-04726,92.4,55.7,9.7,13.15,31.0,28.0,Warning
VH-05750,98.1,42.3,4.4,12.58,48.0,32.4,Normal
VH-06170,105.6,51.5,3.3,12.79,178.0,30.5,Warning
VH-05889,93.1,47.5,7.3,13.61,113.0,26.3,WARNING
VH-03432,92.3,36.7,7.8,12.48,84.0,38.0,Normal
VH-02683,89.5,45.8,6.4,12.24,57.0,35.4,Normal
VH-03380,96.8,33.1,8.3,11.58,190.0,34.5,Normal
VH-04318,87.4,32.3,6.2,12.29,15.0,33.6,Normal
VH-04073,106.3,43.6,9.2,13.05,36.0,34.8,Normal
VH-06872,93.4,28.3,2.6,12.28,52.0,32.0,Warning
VH-07187,100.7,53.0,2.1,11.86,173.0,30.5,Normal
VH-03932,97.8,35.5,10.2,12.46,88.0,36.7,Normal
VH-01742,99.1,30.4,3.8,12.91,8.0,30.8,Warning
VH-06093,90.8,40.0,3.2,12.5,85.0,36.3,Warning
VH-01877,109.5,23.5,2.8,12.84,58.0,30.7,Warning
VH-06143,94.7,38.7,8.9,12.61,64.0,30.4,Normal
VH-07225,95.9,,8.0,11.98,199.0,33.7,Warning
VH-07593,91.6,30.6,10.1,12.12,138.0,39.5,Normal
VH-01923,104.0,44.6,2.2,12.75,34.0,35.7,critical
VH-06965,97.4,29.5,7.1,13.53,26.0,32.2,Normal
VH-02841,103.8,38.1,11.5,11.78,41.0,31.2,Warning
VH-04383,89.5,35.8,7.6,11.66,174.0,30.0,Warning
VH-07037,88.4,62.8,9.8,11.81,148.0,34.6,Warning
VH-06529,76.2,44.7,9.9,12.57,169.0,32.0,Normal
VH-04209,92.3,32.5,2.0,12.96,88.0,37.6,Critical
VH-00027,97.9,47.3,11.9,12.72,35.0,32.4,Normal
VH-06689,109.6,51.3,5.5,11.9,29.0,28.4,Warning
VH-05205,93.1,48.3,7.7,12.87,60.0,38.4,Normal
VH-03568,98.9,41.7,3.8,12.94,7.0,29.7,Warning
VH-05320,100.6,37.5,5.5,12.38,24.0,34.8,Normal
VH-07535,98.6,42.7,10.4,13.18,60.0,38.7,Normal
VH-06495,79.2,47.8,10.1,12.6,139.0,31.0,Normal
VH-02176,98.8,38.4,6.9,12.4,9.0,31.9,Normal
VH-04621,94.7,33.7,10.8,12.41,149.0,34.3,Normal
VH-06013,95.4,42.8,9.7,12.19,33.0,34.9,Normal
VH-07529,108.7,38.5,7.1,11.44,29.0,31.4,Warning
VH-03879,97.4,40.3,2.0,13.18,166.0,,Critical
VH-04602,94.6,44.4,8.6,12.12,102.0,32.2, normal 
VH-07758,90.7,50.1,2.6,12.13,27.0,31.6,Warning
VH-07957,97.7,42.3,10.0,12.11,43.0,40.0,Normal
VH-01223,101.3,,11.2,12.71,196.0,32.6,Normal
VH-02444,101.6,33.7,7.2,13.04,68.0,30.9,Normal
VH-06043,84.2,33.5,5.3,12.61,59.0,34.7,Normal
VH-03312,93.6,34.9,8.1,12.72,89.0,31.6,Normal
VH-05480,100.4,38.4,9.9,12.34,179.0,29.7,Normal
VH-03067,98.5,32.3,2.9,12.86,160.0,33.7,Warning
VH-01626,76.2,18.2,7.4,13.03,99.0,32.7,Warning
VH-01264,94.6,58.8,5.9,,7.0,29.9,Normal
VH-03969,86.7,41.3,11.1,12.6,13.0,36.8,Normal
VH-07149,98.5,42.9,9.9,12.11,197.0,28.7,Normal
VH-00877,93.2,29.2,2.1,13.47,40.0,31.2,Critical
VH-06606,93.8,42.0,9.2,11.58,108.0,32.8,Warning
VH-07855,89.1,42.2,7.7,11.83,71.0,35.2,Warning
VH-03478,104.1,41.0,7.8,,109.0,35.0,Normal
VH-04109,95.2,56.6,3.2,12.69,89.0,34.4,Warning
VH-00481,106.5,40.8,8.9,11.71,13.0,39.8,WARNING
VH-06865,98.8,46.1,10.7,12.63,162.0,37.1,Normal
VH-06811,91.3,34.9,10.5,12.68,50.0,32.7,Normal
VH-02552,91.5,42.2,10.3,13.18,18.0,31.3,Normal
VH-05881,92.1,44.6,4.2,13.18,21.0,28.9,Normal
VH-07445,103.7,,8.0,12.26,33.0,33.1,Normal
VH-04953,80.4,44.3,8.1,12.32,72.0,31.3,Normal
VH-03129,98.0,33.9,2.3,,145.0,,Critical
VH-04142,97.3,32.1,6.4,12.58,191.0,37.8,Normal
VH-02918,86.8,32.9,10.2,12.41,68.0,30.4,Normal
VH-07088,101.7,33.9,10.8,13.17,18.0,35.8,Normal
VH-01143,90.7,43.0,9.1,12.36,155.0,36.1,Normal
VH-02314,99.0,32.0,4.3,13.18,53.0,35.2,Normal
VH-07736,103.6,36.5,4.1,13.74,147.0,30.7, normal 
VH-04995,103.6,48.7,10.4,11.47,99.0,28.4,Warning
VH-05118,89.3,33.2,7.3,,91.0,37.3,Normal
VH-04328,99.5,42.0,6.6,12.39,41.0,36.9,Normal
VH-00941,102.1,39.4,2.3,11.71,44.0,33.8,Critical
VH-07553,100.4,45.1,4.1,12.36,14.0,30.0,Normal
VH-07679,89.0,33.7,4.1,13.28,107.0,29.1,Normal
VH-07917,95.9,42.0,9.4,13.01,38.0,34.0,Normal
VH-03237,100.9,32.0,9.3,12.2,149.0,33.3,Normal
VH-07971,98.7,35.5,6.5,13.46,166.0,33.7,Normal
VH-06230,95.1,37.1,2.1,12.97,189.0,29.4,Critical
VH-01809,102.7,26.8,5.1,13.05,163.0,32.1,Normal
VH-05934,82.3,39.0,10.8,13.28,29.0,31.2,Normal
VH-01165,88.1,43.8,2.0,12.28,122.0,32.5,critical
VH-00204,78.6,50.2,3.8,12.43,86.0,31.0,Warning
VH-07396,99.6,38.8,2.7,12.24,34.0,29.2,Warning
VH-06313,99.4,38.4,7.6,,147.0,30.6,Normal
VH-03689,105.8,44.6,8.8,11.96,49.0,35.0,Warning
VH-07198,86.9,45.0,8.6,12.14,171.0,34.6,Normal
VH-03509,86.7,45.8,11.5,,128.0,36.2,Normal
VH-01162,93.0,49.9,2.6,12.68,168.0,31.8,Warning
VH-02729,84.9,31.0,11.8,12.21,69.0,29.1,Normal
VH-01600,94.6,39.7,4.8,12.85,146.0,32.5,Normal
VH-00086,91.2,48.3,5.6,12.94,79.0,34.2,Normal
VH-05704,87.0,36.0,11.8,12.83,21.0,33.4,Normal
VH-02207,98.5,53.1,11.2,12.06,67.0,32.9,Normal
VH-03046,98.9,40.0,4.1,12.73,7.0,36.1,Normal
VH-04717,92.1,49.1,2.9,12.7,28.0,28.0,Warning
VH-05506,90.9,,10.0,12.17,84.0,32.9,Normal
VH-00364,94.0,41.9,7.3,12.77,199.0,31.8,Normal
VH-03980,97.6,47.3,6.6,12.76,14.0,33.4, normal 
VH-05562,98.6,43.0,7.5,12.75,122.0,31.9,Normal
VH-07973,100.3,38.3,3.5,11.72,143.0,29.4,Warning
VH-01292,91.8,26.5,6.5,11.71,111.0,29.4,Warning
VH-03975,97.4,33.5,11.7,13.93,142.0,40.1,Warning
VH-07056,115.9,48.2,8.0,13.38,180.0,36.9,Warning
VH-05616,94.1,29.5,10.8,12.04,115.0,30.9,Normal
VH-06626,99.1,35.1,4.8,12.62,163.0,35.9,Normal
VH-00999,101.6,,7.6,12.39,45.0,34.2,Normal
VH-03172,102.8,42.6,7.9,12.93,75.0,33.4,Normal
VH-01036,102.9,28.5,5.2,13.05,44.0,33.0,Normal
VH-07311,108.0,668.7509922555183,3.2,12.89,80.0,29.8,Warning
VH-02802,102.0,,6.8,13.08,57.0,29.6,Normal
VH-05184,86.4,39.9,9.4,12.62,71.0,30.0,Normal
VH-02694,106.2,39.8,7.4,12.24,35.0,30.9,Normal
VH-01336,98.7,40.6,6.6,13.2,192.0,33.8,Normal
VH-00995,97.8,47.2,8.0,13.9,107.0,32.1,Normal
VH-00220,93.2,30.0,8.6,13.44,49.0,34.4,Normal
VH-02401,102.8,31.5,4.8,12.79,127.0,33.4,Normal
VH-06609,90.0,35.8,4.6,12.72,133.0,34.0,Normal
VH-05685,81.1,40.3,11.9,12.87,54.0,38.3,Normal
VH-03821,104.9,38.5,9.5,12.51,89.0,34.4,Normal
VH-00249,85.6,41.5,7.0,13.23,141.0,36.9,Normal
VH-02007,86.1,27.4,9.4,11.69,180.0,29.2,WARNING
VH-07501,77.6,48.0,8.0,12.1,65.0,29.3,Normal
VH-05288,102.4,43.0,10.2,12.98,108.0,31.5,Normal
VH-01886,86.5,35.4,4.6,12.4,107.0,33.1,Normal
VH-06084,86.4,40.1,6.7,11.93,13.0,37.1,Warning
VH-04659,87.4,38.0,10.1,12.47,122.0,38.5,Critical
VH-06135,94.8,40.1,2.6,13.62,148.0,34.4,Warning
VH-03466,105.9,30.1,4.7,13.32,106.0,36.5,Normal
VH-02538,99.9,36.8,7.8,13.59,166.0,30.5,Normal
VH-06701,108.9,44.4,3.3,12.57,127.0,32.4,Warning
VH-04481,94.7,31.3,7.6,12.69,9.0,32.0,Normal
VH-06199,96.1,43.9,2.3,12.41,167.0,27.4,Normal
VH-04618,116.9,41.5,11.2,12.79,165.0,36.8,Warning
VH-00591,97.0,33.4,7.8,13.01,119.0,31.6,Normal
VH-07510,102.8,37.3,10.9,12.14,6.0,36.9,Normal
VH-02202,95.7,35.6,2.7,11.5,170.0,35.6,Warning
VH-02225,96.9,43.5,7.3,11.65,182.0,31.5,WARNING
VH-02259,99.4,,10.3,12.72,98.0,28.7, normal 
VH-04478,101.1,46.7,4.1,12.82,167.0,37.8,Normal
VH-00518,102.2,40.8,5.7,12.14,34.0,32.5,Normal
VH-04669,88.7,38.0,6.9,12.57,18.0,32.3,Normal
VH-07160,94.3,48.7,6.2,12.9,192.0,30.5,Normal
VH-03104,94.4,44.7,10.4,12.93,122.0,32.4,Normal
VH-04062,89.8,49.5,8.9,12.65,109.0,26.7,Warning
VH-03045,92.0,38.8,4.2,12.24,78.0,34.5,Normal
VH-04672,99.5,42.5,9.3,13.14,77.0,31.0,Normal
VH-01650,90.9,52.9,4.7,11.93,23.0,30.3,Warning
VH-07226,84.9,33.1,9.4,12.26,7.0,,Normal
VH-07870,103.5,41.0,6.7,12.41,32.0,33.0,Normal
VH-07144,93.3,36.1,2.0,12.34,195.0,29.1,Critical
VH-01274,90.0,37.5,6.6,12.38,108.0,34.3,Normal
VH-01816,100.3,44.8,2.3,11.87,186.0,33.9,Critical
VH-04851,93.4,48.3,7.5,12.25,10.0,34.0,Normal
VH-02634,104.1,40.1,4.0,12.68,20.0,32.3,Warning
VH-01327,82.3,42.9,9.0,13.57,74.0,31.4,Normal
VH-04735,95.0,27.5,6.3,12.75,137.0,35.7,Normal
VH-06947,101.1,31.1,9.1,12.28,54.0,,Normal
VH-00043,96.9,23.5,6.6,12.16,132.0,28.9,Warning
VH-00007,92.5,33.6,11.0,12.16,79.0,34.6,Normal
VH-00480,96.8,38.2,11.6,13.37,198.0,27.1,Warning
VH-00471,91.7,35.9,10.7,12.46,113.0,30.5,Normal
VH-04517,93.7,44.3,2.0,12.54,129.0,36.6,Warning
VH-06379,94.5,25.2,4.5,12.85,26.0,30.2,Normal
VH-02237,94.3,49.7,4.3,12.63,129.0,35.7,Normal
VH-06174,108.7,34.8,4.4,11.93,167.0,29.3,Warning
VH-05772,94.6,55.3,5.1,11.71,124.0,38.9,Warning
VH-00654,99.7,30.4,10.6,12.59,152.0,34.0,Normal
VH-05669,99.2,31.6,5.8,13.0,79.0,33.0,Normal
VH-07315,94.9,39.5,10.5,13.33,59.0,27.5,Warning
VH-04404,94.3,40.9,3.6,,74.0,31.0,Warning
VH-00464,86.1,45.7,9.6,12.8,83.0,27.5,Warning
VH-03902,82.8,58.6,4.5,12.62,141.0,36.0,Normal
VH-04563,93.2,40.5,2.9,13.44,80.0,31.0,Warning
VH-01691,82.4,48.3,11.6,13.57,186.0,,Normal
VH-05129,95.7,39.9,6.6,12.9,84.0,28.0,Normal
VH-00697,87.3,37.4,2.9,12.56,110.0,32.7,Warning
VH-02230,98.9,51.1,7.9,12.72,7.0,31.0,Normal
VH-04588,81.3,46.1,9.4,11.81,191.0,29.2,Warning
VH-02695,102.6,48.0,5.0,12.66,103.0,30.1,Normal
VH-00065,101.3,34.9,10.9,11.94,65.0,28.7,Warning
VH-01348,102.3,37.8,9.2,12.09,186.0,30.1,Normal
VH-02415,105.9,26.8,10.4,12.79,152.0,38.9,Normal
VH-02480,109.5,42.2,7.4,13.19,24.0,35.9,Warning
VH-05528,93.2,44.3,4.7,12.65,58.0,35.6,Normal
VH-02149,96.0,43.6,9.4,12.07,173.0,32.3,Normal
VH-07967,100.0,54.1,8.4,12.39,142.0,34.3,Normal
VH-05091,98.8,56.1,8.0,13.22,178.0,29.4,Normal
VH-07687,99.0,50.0,7.9,12.1,153.0,30.1,Normal
VH-05791,95.2,42.5,11.1,12.7,90.0,33.9,Normal
VH-06665,92.9,40.4,3.3,12.39,171.0,32.4,Warning
VH-06502,117.4,42.1,5.4,12.93,64.0,31.0,Critical
VH-02047,99.0,25.3,12.0,12.15,149.0,33.5,Normal
VH-03852,84.2,32.8,2.5,12.86,154.0,33.7,Warning
VH-04225,98.4,23.6,10.8,11.98,20.0,39.4,Warning
VH-06051,91.8,35.9,6.4,,50.0,31.4,Normal
VH-00849,102.8,51.8,3.1,12.79,25.0,35.8,Critical
VH-06011,100.6,40.2,6.0,12.48,182.0,34.0, normal 
VH-03965,88.6,42.7,4.8,12.01,112.0,32.7,Normal
VH-00417,105.6,38.6,11.3,12.73,87.0,27.5,Warning
VH-03718,98.6,24.7,5.7,13.04,76.0,31.4,Warning
VH-06269,93.4,43.1,10.1,12.85,197.0,31.2,Normal
VH-02285,97.9,41.3,10.2,12.96,176.0,30.8,Normal
VH-05294,95.8,55.0,9.3,12.37,17.0,31.8,Normal
VH-02549,99.0,29.6,5.2,12.36,56.0,32.0,Normal
VH-07228,87.5,53.8,3.6,12.47,190.0,36.2,Warning
VH-04356,101.8,41.2,9.6,12.26,90.0,33.3,Normal
VH-01922,79.6,32.5,8.9,12.08,6.0,35.3,Normal
VH-06523,99.9,40.7,11.1,12.24,123.0,31.5,Normal
VH-05489,89.2,38.7,9.4,12.39,50.0,34.8,Normal
VH-02570,113.2,,3.9,12.15,25.0,26.8,Warning
VH-06981,90.5,42.9,7.4,11.68,148.0,31.6,WARNING
VH-07825,94.9,41.4,2.0,12.7,131.0,30.9,Critical
VH-02102,89.3,38.3,9.0,12.19,67.0,30.1,Normal
VH-06284,97.3,35.9,6.3,12.15,93.0,36.0, normal 
VH-07552,96.1,,3.1,12.45,107.0,35.9,Warning
VH-06316,94.5,39.0,4.7,13.18,102.0,28.1,Normal
VH-07770,104.8,28.9,5.2,13.42,21.0,33.4,Normal
VH-07245,98.7,23.6,7.8,12.26,182.0,,Warning
VH-01481,99.5,35.1,3.0,12.0,69.0,37.1,Warning
VH-00382,82.2,51.7,11.0,,169.0,32.0,Normal
VH-05829,90.7,39.5,2.4,12.89,29.0,35.2,Critical
VH-07524,90.8,40.0,6.4,13.21,39.0,33.8,Normal
VH-04272,98.2,25.3,10.5,12.53,116.0,,Normal
VH-04781,104.8,40.6,2.5,12.07,189.0,31.3,Critical
VH-04654,96.2,44.6,7.4,12.52,75.0,37.5, normal 
VH-04931,87.7,35.0,6.2,12.49,66.0,30.9,Normal
VH-06590,98.1,55.6,8.2,12.3,142.0,35.2,Normal
VH-00029,98.4,41.1,8.1,12.45,34.0,,Normal
VH-04559,84.9,34.7,11.6,12.27,150.0,32.2,Normal
VH-03811,92.6,36.9,8.2,12.43,149.0,,Warning
VH-06172,92.5,32.3,2.5,12.09,38.0,34.2,Warning
VH-07720,84.5,43.7,3.2,12.92,186.0,32.3,Warning
VH-07698,91.1,41.4,10.8,12.34,166.0,30.4,Normal
VH-07019,95.8,41.7,9.2,12.82,134.0,33.4,Normal
VH-00321,93.5,38.9,3.1,12.82,142.0,30.0,Warning
VH-06946,110.6,32.6,10.3,12.76,15.0,29.1,Warning
VH-03697,93.7,40.0,9.6,12.47,188.0,30.0,Normal
VH-04614,90.6,47.1,11.4,12.61,147.0,30.4,Normal
VH-05706,103.1,34.1,3.1,11.93,103.0,30.1,Warning
VH-03684,86.6,24.9,8.5,12.53,114.0,32.5,Warning
VH-03344,83.3,43.0,11.5,12.04,85.0,34.8, normal 
VH-05636,98.6,45.3,7.4,12.96,75.0,35.6,Normal
VH-07660,88.7,47.2,3.2,12.76,64.0,39.5,Warning
VH-05795,98.1,52.6,4.3,12.28,198.0,31.2,Normal
VH-04691,97.3,39.2,8.5,13.13,31.0,34.3, normal 
VH-06105,96.4,26.0,8.2,12.68,158.0,31.5,Normal
VH-07944,93.9,37.8,7.8,,132.0,29.3,Normal
VH-03944,104.9,40.5,3.5,12.38,130.0,32.7,Warning
VH-05820,91.9,50.7,9.9,11.99,73.0,26.9,Warning
VH-05784,94.6,37.6,3.4,12.63,124.0,30.2,Warning
VH-07642,84.3,29.4,4.1,,132.0,31.4,Normal
VH-03280,108.9,38.0,4.2,12.41,75.0,31.3,Warning
VH-02947,98.4,39.5,8.5,12.8,55.0,34.2,Normal
VH-03185,84.1,39.2,2.6,12.88,141.0,28.8,Warning
VH-03167,90.0,42.1,2.6,12.7,182.0,38.4,Warning
VH-00097,87.0,35.7,6.6,12.23,18.0,29.5, normal 
VH-06482,92.3,34.0,10.1,12.46,43.0,34.3,Normal
VH-02429,109.6,49.5,10.4,13.14,68.0,31.1,Warning
VH-02245,90.0,21.2,7.8,12.02,56.0,37.6,Warning
VH-06414,82.2,32.0,10.8,12.99,28.0,31.3,Normal
VH-02076,94.7,53.8,6.2,12.8,96.0,38.5,Normal
VH-00447,92.3,45.8,5.0,13.28,93.0,31.1,Normal
VH-07036,99.5,45.6,3.0,12.34,152.0,34.0,WARNING
VH-00014,98.7,33.2,5.9,13.12,52.0,31.4,Normal
VH-04393,87.6,37.8,4.6,13.05,45.0,35.4,Normal
VH-05857,94.8,29.3,7.8,,65.0,30.6,Normal
VH-01215,84.0,56.7,9.0,12.25,162.0,33.6,Normal
VH-06232,94.2,,2.0,13.03,150.0,33.0,Critical
VH-03794,83.2,29.4,6.8,11.52,104.0,30.7,Warning
VH-05660,98.0,39.9,4.5,13.98,166.0,35.9,Normal
VH-07577,94.8,50.3,11.3,,118.0,29.5,Normal
VH-02342,78.6,52.7,2.0,12.63,132.0,35.4,Critical
VH-00286,97.1,32.0,5.8,12.36,187.0,34.7,Normal
VH-03843,109.8,51.6,6.5,11.9,142.0,36.3,Warning
VH-04218,108.8,35.8,10.7,12.78,164.0,33.8,Warning
VH-02312,106.0,37.9,6.3,12.64,181.0,31.5,Normal
VH-02859,87.9,42.8,7.7,12.59,113.0,31.3,Critical
VH-00779,84.6,41.1,5.5,12.99,163.0,30.8,Normal
VH-07606,93.7,35.6,6.4,11.92,152.0,39.4,Warning
VH-04019,95.0,31.0,6.6,12.83,94.0,29.3,Normal
VH-02052,104.3,30.6,2.6,12.56,193.0,34.6,Warning
VH-04524,103.3,37.8,2.4,12.8,54.0,35.8,Critical
VH-07767,83.4,38.0,4.7,12.85,19.0,29.1,Normal
VH-06716,91.5,31.2,2.6,12.09,150.0,37.4,Warning
VH-05563,84.4,,7.9,12.32,86.0,35.5,Normal
VH-07681,99.3,37.7,2.7,13.21,97.0,33.7,Warning
VH-04996,92.3,35.1,3.7,12.83,174.0,23.5,Warning
VH-05004,96.9,47.1,5.1,13.24,193.0,32.2,Normal
VH-04446,98.4,34.0,11.5,11.72,45.0,32.9,Warning
VH-07216,82.5,38.1,9.6,12.2,80.0,31.2,Normal
VH-00165,87.8,48.6,4.6,12.17,144.0,35.7,Normal
VH-00660,81.5,37.1,4.9,12.8,102.0,30.9,Normal
VH-03108,84.7,46.3,2.7,12.39,23.0,24.2,Warning
VH-01339,93.3,42.4,9.8,11.84,132.0,,Warning
VH-01138,94.3,31.9,9.6,12.04,149.0,33.3,Critical
VH-02618,88.8,52.4,8.7,12.58,129.0,33.9,Normal
VH-04479,98.1,35.9,7.0,12.48,148.0,29.9, normal 
VH-05801,83.8,39.9,2.0,12.14,129.0,28.9,Critical
VH-02216,95.1,40.2,11.4,12.7,130.0,31.5,Normal
VH-02188,111.1,39.4,9.7,12.23,131.0,34.2,Critical
VH-03832,93.6,45.6,10.3,12.87,16.0,28.6,Normal
VH-06934,106.5,34.0,3.1,,161.0,29.7,Warning
VH-04561,89.1,46.8,4.7,11.61,192.0,35.5,Warning
VH-05228,97.9,29.8,3.5,13.62,38.0,34.0,Warning
VH-00299,97.6,36.5,7.8,12.48,30.0,34.1,Normal
VH-01615,99.3,55.6,3.0,12.47,199.0,38.6,Warning
VH-05327,88.5,34.7,11.0,12.68,40.0,35.8,Normal
VH-07023,101.1,38.3,2.5,13.37,50.0,36.4,Critical
VH-01133,106.1,45.1,11.4,12.52,113.0,36.8,Normal
VH-03081,86.1,46.0,4.3,12.32,183.0,30.3,Normal
VH-03142,93.2,43.4,10.6,13.29,120.0,31.4, normal 
VH-01937,85.7,46.3,2.8,13.16,81.0,34.8,Warning
VH-07257,89.2,49.8,2.1,13.14,81.0,30.6,Critical
VH-06727,93.3,51.2,11.6,12.94,103.0,31.4,Normal
VH-01048,87.4,43.4,4.4,13.12,45.0,30.9,Normal
VH-07802,93.8,42.3,8.7,12.45,61.0,32.0,Normal
VH-05243,101.6,,3.2,,84.0,26.4,Warning
VH-05624,91.1,46.8,4.4,13.05,179.0,30.5,Normal
VH-07405,92.8,33.7,3.6,12.77,196.0,,Warning
VH-00846,120.4,38.8,2.1,11.76,48.0,36.3,Critical
VH-00251,97.7,,8.4,12.29,159.0,34.6,Critical
VH-03034,103.7,34.1,8.3,12.24,141.0,27.0,Warning
VH-01027,95.3,34.2,7.6,13.01,21.0,29.6,Critical
VH-00806,93.9,34.0,11.1,12.85,192.0,,Normal
VH-01552,90.3,61.6,10.3,12.52,30.0,,Normal
VH-00031,91.7,,9.1,12.87,147.0,37.3,Normal
VH-00715,85.3,49.9,6.4,11.95,31.0,34.2,Warning
VH-02384,100.5,36.4,4.7,12.94,136.0,32.7,Normal
VH-05693,106.5,39.1,5.3,13.48,148.0,35.2,Normal
VH-07834,104.5,45.7,6.2,11.91,182.0,32.1,Warning
VH-07381,88.7,40.9,2.7,,81.0,30.2,Warning
VH-06925,87.2,52.5,3.3,13.55,108.0,34.0,Warning
VH-03459,101.2,32.6,5.9,13.06,61.0,30.3,Normal
VH-07791,82.6,31.3,2.7,12.92,166.0,31.8,Warning
VH-01044,88.9,40.8,6.3,13.32,82.0,27.6,Warning
VH-02144,89.2,40.9,10.1,12.47,19.0,35.5,Normal
VH-02489,95.0,36.7,5.9,13.03,56.0,37.4,Normal
VH-03244,98.9,36.3,10.6,13.41,56.0,37.3,Normal
VH-05462,86.5,52.7,10.3,11.65,38.0,34.9,Warning
VH-05165,89.4,33.7,8.7,13.24,38.0,31.4,Normal
VH-03191,88.4,35.2,5.0,12.93,109.0,,Normal
VH-06010,81.9,47.2,8.3,12.5,60.0,32.2,Normal
VH-07993,83.7,49.5,5.6,12.07,135.0,32.1,Normal
VH-03987,98.5,29.7,8.2,11.82,152.0,32.4,Warning
VH-00330,107.1,30.5,3.6,13.35,177.0,32.7,Warning
VH-07285,99.4,37.2,3.9,11.7,186.0,27.8,Warning
VH-03510,99.1,42.5,4.1,11.81,25.0,33.7,Warning
VH-05611,89.5,20.3,8.7,12.62,159.0,36.0,Warning
VH-00861,83.5,43.7,8.9,13.07,109.0,,Normal
VH-01198,106.9,57.3,6.8,12.38,72.0,27.6,Critical
VH-05207,87.0,56.0,5.6,12.88,27.0,30.6,Normal
VH-04423,89.4,34.7,10.0,12.03,107.0,33.8,Normal
VH-03951,114.1,44.3,10.6,12.75,101.0,31.7,Warning
VH-01088,100.2,26.4,2.7,11.51,78.0,30.6,Warning
VH-04219,91.9,31.5,4.9,12.04,78.0,,Normal
VH-02515,90.3,23.8,3.7,11.75,155.0,35.6,Warning
VH-00003,102.5,36.4,6.2,12.62,73.0,33.4,Normal
VH-03757,84.8,30.4,6.8,13.13,169.0,29.7,Normal
VH-03724,94.2,40.3,2.6,12.68,46.0,31.6,Warning
VH-07907,83.7,39.0,8.7,13.43,110.0,35.2,Normal
VH-04040,95.7,35.5,10.9,13.66,123.0,30.6,Normal
VH-05586,90.5,35.3,4.3,13.06,59.0,33.2,Normal
VH-02459,79.7,50.7,8.4,12.71,144.0,32.8,Normal
VH-04710,98.4,30.0,3.7,12.34,57.0,32.0,Warning
VH-00549,100.3,54.6,4.2,11.63,142.0,31.5,Warning
VH-04652,98.4,37.7,9.8,12.6,103.0,30.2,Normal
VH-05581,98.9,51.0,10.2,11.08,107.0,31.5,Critical
VH-06386,106.9,49.2,8.7,13.54,197.0,32.4,Normal
VH-04360,97.8,41.5,8.2,12.42,21.0,32.8,Normal
VH-05964,110.3,43.4,5.4,11.57,31.0,33.4,Warning
VH-07367,98.7,44.6,7.5,13.24,192.0,33.3,Warning
VH-01471,104.0,31.7,11.1,13.3,61.0,33.5,Normal
VH-01234,97.6,43.8,10.9,13.48,158.0,34.4,Normal
VH-01154,100.6,,9.8,12.89,175.0,34.1,Normal
VH-01401,92.4,47.1,8.9,12.31,14.0,35.0,Normal
VH-05847,106.6,37.6,6.5,12.83,127.0,31.3,Normal
VH-00918,105.9,38.3,4.0,12.37,111.0,28.5,Warning
VH-04520,86.6,27.2,9.9,13.52,125.0,30.3,Normal
VH-05160,94.6,34.4,3.3,12.03,174.0,35.5,Warning
VH-02348,107.0,54.2,2.3,12.47,93.0,,Critical
VH-06939,94.3,19.1,8.7,11.74,166.0,31.9,Warning
VH-03660,95.1,31.7,2.8,13.12,164.0,35.2,Normal
VH-06428,104.9,32.9,8.7,12.71,76.0,31.8,Normal
VH-02601,106.3,30.9,6.1,12.39,90.0,36.7,Normal
VH-05608,96.8,52.5,5.4,12.27,57.0,32.1,Normal
VH-06908,95.4,34.1,11.6,12.89,19.0,30.9,Normal
VH-01821,101.2,29.4,10.9,12.52,111.0,35.5,Normal
VH-00467,110.5,30.7,10.0,13.19,183.0,36.9,Warning
VH-04440,97.7,28.7,6.9,12.55,178.0,33.8, normal 
VH-05097,113.5,30.8,3.7,12.35,127.0,32.6,Warning
VH-01492,90.0,25.4,6.8,13.55,180.0,39.0,Normal
VH-04630,80.9,44.8,9.0,11.96,57.0,34.1,Warning
VH-07352,78.0,37.7,8.7,12.16,176.0,36.4,Normal
VH-05513,90.0,40.5,3.5,12.26,38.0,27.4,Warning
VH-06859,98.8,38.7,2.2,12.62,100.0,33.0,Critical
VH-04170,103.5,47.1,11.9,12.21,29.0,27.7,Warning
VH-05544,94.5,42.3,3.5,13.62,50.0,,Warning
VH-05947,87.9,28.5,3.2,13.03,112.0,,Warning
VH-06468,115.7,41.4,11.5,12.48,21.0,30.8,Warning
VH-03754,93.2,,6.8,,132.0,36.8,Normal
VH-04939,87.4,27.6,11.8,12.1,179.0,32.6,Normal
VH-01888,82.5,31.6,5.3,12.47,91.0,34.3,Normal
VH-06376,80.8,45.0,8.7,12.8,136.0,33.3,Normal
VH-04861,99.8,31.6,7.6,11.97,154.0,37.2,Warning
VH-03128,89.2,43.7,11.7,12.65,134.0,37.2,Normal
VH-02487,101.8,49.0,5.4,12.08,76.0,33.7,Normal
VH-06142,-21.97438181450871,20.0,6.4,13.24,9.0,34.3,Critical
VH-00021,89.6,28.3,7.3,12.41,81.0,33.7,Normal
VH-07329,104.2,40.1,5.0,12.67,188.0,32.8,Normal
VH-05175,93.5,31.9,8.5,13.92,124.0,35.2,Warning
VH-06038,88.5,38.2,10.5,12.45,171.0,29.5,Normal
VH-07925,82.2,33.8,9.1,12.32,17.0,34.4,Normal
VH-05625,104.8,39.7,9.9,12.88,136.0,,Normal
VH-07582,100.3,37.4,3.1,,178.0,36.0,Warning
VH-03275,85.9,51.5,9.3,12.56,86.0,30.9,Normal
VH-02403,89.4,28.5,3.8,12.75,92.0,31.4,Warning
VH-03592,109.4,44.2,6.4,12.45,173.0,36.0,Warning
VH-01314,99.5,,4.2,12.57,194.0,31.1,Normal
VH-06543,103.4,38.3,5.4,12.25,22.0,36.0, normal 
VH-01047,99.3,65.0,2.5,12.95,180.0,35.6,Warning
VH-03247,84.2,30.1,4.6,12.88,152.0,36.1,Normal
VH-07454,-40.26500281556275,50.3,2.4,12.73,7.0,34.9,Critical
VH-06263,89.8,42.2,2.6,12.79,17.0,35.7,Warning
VH-04066,88.4,,10.6,13.19,159.0,,Normal
VH-07977,90.1,47.1,3.0,13.03,140.0,34.3,Warning
VH-00810,93.4,35.8,3.5,12.37,13.0,25.1,Warning
VH-03741,88.9,46.3,9.5,11.92,15.0,34.9,Warning
VH-02479,92.8,47.7,9.2,12.84,53.0,32.6,Normal
VH-04822,106.8,46.5,9.3,13.03,114.0,33.9, normal 
VH-04203,112.0,25.6,11.2,12.63,123.0,33.7,Warning
VH-01171,79.7,38.9,8.1,13.11,104.0,,Normal
VH-01368,105.0,34.5,7.1,12.86,143.0,41.5,Warning
VH-02668,94.8,54.7,10.1,11.82,65.0,34.8,Warning
VH-06260,90.5,39.1,7.4,11.97,171.0,28.9,Warning
VH-01520,84.9,35.4,11.9,12.57,167.0,37.2, normal 
VH-04031,91.3,46.0,10.1,13.05,58.0,33.0,Normal
VH-07601,83.1,35.5,11.3,13.18,17.0,34.8,Normal
VH-05032,105.0,45.2,7.8,12.33,89.0,32.7,Normal
VH-01205,89.6,37.7,3.4,13.19,155.0,31.7,Warning
VH-05298,100.0,46.9,7.0,11.95,109.0,38.4,Warning
VH-02332,97.1,38.0,9.0,12.79,152.0,35.5,Critical
VH-06357,100.9,48.1,10.4,11.87,92.0,30.1,Warning
VH-06133,83.2,52.2,9.2,,127.0,33.7,Normal
VH-03849,88.5,34.1,3.0,13.19,72.0,30.0,Warning
VH-04226,98.2,38.9,7.0,12.05,25.0,37.5,Normal
VH-04617,87.0,34.4,8.0,12.63,119.0,34.9,Normal
VH-00955,106.0,26.6,3.5,11.7,155.0,35.7,Warning
VH-05009,97.4,32.8,7.3,11.65,46.0,30.3,Warning
VH-00859,100.3,30.5,11.9,12.06,174.0,35.9,Normal
VH-02033,91.8,56.7,11.4,11.96,60.0,36.6,Warning
VH-05747,83.0,43.1,7.4,12.74,123.0,33.4,Warning
VH-01315,109.7,41.5,10.4,12.82,123.0,25.6,Warning
VH-02399,99.7,,8.3,14.21,24.0,34.6,Normal
VH-06825,104.4,35.2,11.9,13.0,8.0,,Warning
VH-04719,96.2,36.1,5.4,12.01,172.0,32.0,Normal
VH-04784,95.5,27.1,10.1,,16.0,34.0,Normal
VH-03904,82.1,39.2,11.3,13.16,77.0,31.6,Normal
VH-06463,101.0,45.5,3.1,12.54,61.0,36.3,Warning
VH-01366,86.0,46.1,2.3,11.86,141.0,32.5,Critical
VH-03043,91.1,41.9,8.4,11.98,93.0,33.8,Warning
VH-03924,95.1,38.7,7.9,12.06,186.0,36.9,Normal
VH-06481,89.7,35.3,5.4,11.85,68.0,36.9,Warning
VH-04706,98.4,56.5,8.6,12.02,40.0,34.0,Normal
VH-02506,107.2,41.5,7.8,13.16,84.0,32.3,Normal
VH-00462,82.3,29.3,5.9,13.18,86.0,30.6,Normal
VH-01573,94.9,36.2,11.2,13.07,68.0,32.0,Normal
VH-04888,93.6,51.3,6.9,13.11,27.0,29.1,Normal
VH-00308,99.7,35.9,2.8,13.11,175.0,32.3,Warning
VH-02121,95.4,37.1,6.0,,88.0,36.8,Warning
VH-00579,97.9,53.4,10.9,12.2,21.0,33.2,Normal
VH-04201,79.1,40.3,6.3,12.68,106.0,27.9,Warning
VH-01705,110.2,42.1,9.8,12.79,19.0,34.5,Warning
VH-07087,89.9,36.4,3.0,12.82,36.0,29.4,Warning
VH-03786,92.4,26.2,9.4,11.72,59.0,32.2,Warning
VH-05107,92.0,32.7,4.7,12.94,89.0,30.8,Normal
VH-06163,91.2,42.3,8.3,12.15,104.0,31.7,Normal
VH-02994,91.1,44.3,6.6,12.01,107.0,32.9,Normal
VH-05130,87.5,40.4,11.9,,8.0,34.7,Normal
VH-05432,86.3,35.3,3.9,13.11,88.0,31.6,Warning
VH-02037,103.0,34.4,8.3,12.43,141.0,30.7,Normal
VH-07307,80.5,30.6,5.2,12.45,164.0,32.8,Normal
VH-06311,104.8,,9.4,12.98,179.0,33.1,Normal
VH-02095,101.3,40.6,7.6,11.6,191.0,31.9,Warning
VH-00870,97.2,51.6,7.8,12.75,103.0,36.6,Normal
VH-06441,96.3,48.8,11.6,13.4,87.0,35.2,Normal
VH-05984,75.2,,10.4,12.34,26.0,32.9,Normal
VH-03049,106.4,42.2,5.4,12.38,142.0,29.9,Normal
VH-07934,103.7,38.6,10.5,12.36,180.0,32.5,Normal
VH-02656,97.1,44.3,7.7,12.81,31.0,32.9,Normal
VH-05916,95.5,32.5,8.5,12.5,29.0,35.4,Normal
VH-03502,100.1,,10.3,12.11,76.0,32.3,Normal
VH-04357,92.1,43.1,7.3,12.29,139.0,31.5,Normal
VH-00976,103.8,40.5,4.8,12.73,67.0,31.4,Normal
VH-05803,103.9,39.4,8.2,11.9,174.0,32.3,Warning
VH-03352,101.6,32.4,8.4,,146.0,28.0,Warning
VH-00957,112.9,48.3,4.7,13.22,137.0,33.4,Warning
VH-05269,89.0,40.8,8.0,12.25,104.0,32.2,Normal
VH-03699,85.2,38.0,6.9,12.72,177.0,33.9,Normal
VH-01340,88.6,31.1,3.6,12.85,9.0,30.1,Warning
VH-01822,104.8,33.2,10.7,12.34,59.0,38.4,Normal
VH-02329,103.0,38.6,10.2,12.63,85.0,30.5,Normal
VH-05605,84.9,38.5,7.2,13.19,167.0,36.7,Normal
VH-01929,100.9,41.0,10.2,12.23,173.0,34.7,Normal
VH-03880,91.1,38.4,4.0,12.85,29.0,33.0,Normal
VH-06726,103.9,43.4,3.7,12.14,86.0,36.0,Warning
VH-06734,99.8,53.4,6.2,12.78,132.0,29.7,Normal
VH-00353,101.5,,3.0,12.59,125.0,34.6,Warning
VH-04827,93.0,37.8,2.7,12.51,72.0,36.1,Warning
VH-01445,97.3,44.2,6.9,12.73,40.0,31.7,Normal
VH-04798,91.4,27.6,8.9,12.18,157.0,31.5,Normal
VH-02726,87.8,41.5,4.9,11.67,78.0,36.6,Warning
VH-07482,95.9,55.7,10.7,12.39,90.0,29.9,Normal
VH-04256,81.1,35.6,2.2,13.56,30.0,34.0,Critical
VH-03200,90.4,36.6,4.9,12.54,123.0,35.1,Normal
VH-06102,90.5,33.4,9.6,12.76,159.0,39.5,Normal
VH-06987,100.9,54.7,8.5,12.97,152.0,,Normal
VH-01385,95.8,45.7,2.7,12.19,103.0,34.4,Warning
VH-06978,110.8,42.7,6.9,12.48,162.0,31.6,Warning
VH-03721,100.6,36.8,8.9,13.53,167.0,35.0,Normal
VH-00501,102.2,41.7,2.8,12.07,40.0,34.7,Warning
VH-03524,87.6,48.7,11.3,12.71,161.0,33.3,Normal
VH-07044,91.6,43.2,5.5,13.12,169.0,32.1,Normal
VH-07935,89.1,,6.6,13.14,97.0,36.3,Normal
VH-02104,92.8,42.4,8.4,13.25,51.0,,Normal
VH-02233,107.7,48.1,6.3,13.15,173.0,36.8,Normal
VH-07565,83.3,40.6,8.2,12.58,65.0,31.7,Normal
VH-01007,92.0,34.9,10.5,11.99,161.0,29.6,Warning
VH-07650,71.0,33.0,3.9,12.5,112.0,29.8,Warning
VH-06098,103.0,35.5,2.0,12.21,84.0,31.0,critical
VH-02171,86.4,39.5,8.0,12.64,41.0,29.8,Normal
VH-05383,98.0,34.2,2.0,12.95,25.0,32.7,Critical
VH-04464,102.9,44.4,4.0,13.64,143.0,30.9,Normal
VH-03216,84.5,54.0,3.9,12.97,33.0,30.0,Warning
VH-07496,92.8,41.7,3.5,13.04,26.0,32.5,Warning
VH-05903,96.1,26.4,10.3,12.71,35.0,25.5,Warning
VH-01318,83.1,45.1,6.8,12.4,149.0,34.3,Normal
VH-04589,91.3,50.7,10.6,12.4,12.0,31.3,Normal
VH-03982,92.1,29.9,4.9,11.92,126.0,30.8,Warning
VH-04429,83.0,38.2,9.1,12.68,45.0,34.5,Normal
VH-01475,93.7,37.9,8.8,11.42,23.0,34.3,Warning
VH-00679,93.7,41.8,2.2,11.35,156.0,31.3,Critical
VH-05234,90.0,44.4,10.5,12.91,17.0,37.6, normal 
VH-05317,105.6,39.2,9.9,,100.0,33.8,Normal
VH-06406,91.5,43.8,6.0,12.77,103.0,29.6,Normal
VH-03926,101.3,38.9,3.6,11.64,11.0,36.2,Warning
VH-00380,95.9,24.3,3.4,12.35,51.0,28.3,Warning
VH-06705,95.0,27.4,8.1,,26.0,35.0,Normal
VH-06904,88.3,32.6,4.5,12.1,134.0,34.6,Normal
VH-04163,84.2,35.8,2.4,12.32,59.0,31.8,critical
VH-05944,104.8,29.6,5.3,12.58,115.0,33.2,Normal
VH-06323,91.0,36.0,8.5,12.62,91.0,30.1,Normal
VH-01882,91.3,34.9,4.9,,137.0,31.6,Normal
VH-00477,85.9,56.4,11.5,13.03,165.0,28.4,Normal
VH-07340,85.2,60.5,6.6,12.77,32.0,27.0,Warning
VH-02382,82.7,55.6,6.2,12.59,158.0,35.4,Normal
VH-05268,100.9,42.3,11.7,12.16,32.0,30.1,Normal
VH-07746,101.8,55.7,10.8,12.21,182.0,32.6,Normal
VH-02359,107.6,53.0,11.2,13.09,89.0,36.7,Normal
VH-00425,92.1,44.2,11.0,12.54,47.0,37.2,Normal
VH-06259,87.1,33.4,8.8,12.27,89.0,34.1,Normal
VH-02255,85.5,43.0,3.4,12.27,160.0,35.9,Warning
VH-01333,97.2,36.2,4.1,13.08,116.0,37.6,Normal
VH-00199,93.7,,4.9,12.03,170.0,,Normal
VH-05930,99.2,44.0,2.7,12.98,198.0,31.0,Warning
VH-01938,89.6,38.4,9.8,12.03,106.0,28.7,Normal
VH-00143,97.1,47.8,6.1,12.6,34.0,29.6,Normal
VH-03820,102.7,36.2,11.2,12.86,117.0,32.3,Normal
VH-04345,97.9,47.3,9.7,12.0,133.0,32.9,Normal
VH-07097,94.6,38.1,11.0,12.38,128.0,32.3, normal 
VH-00304,94.5,28.8,4.0,13.98,26.0,35.5,WARNING
VH-01454,106.7,50.5,2.8,11.91,130.0,35.5,Warning
VH-04788,110.8,41.3,2.2,13.49,21.0,32.1,Critical
VH-04513,89.0,28.5,10.0,12.31,173.0,32.1,Normal
VH-00911,98.2,27.6,10.8,12.46,177.0,35.5,Normal
VH-07433,101.0,42.6,8.3,12.74,113.0,32.0,Normal
VH-02596,104.9,42.4,3.4,12.83,161.0,30.5,Warning
VH-04681,95.8,37.0,2.8,12.63,173.0,31.8,Warning
VH-05369,109.3,22.6,4.5,12.29,193.0,31.2,Warning
VH-02309,97.1,43.9,11.5,12.87,97.0,32.7,Normal
VH-02112,102.3,,8.6,12.86,131.0,37.0,Normal
VH-07794,104.4,41.8,8.5,12.49,120.0,34.4,Normal
VH-00593,81.8,38.4,3.1,12.87,104.0,29.8,Warning
VH-03570,100.8,,11.6,12.52,188.0,35.9,Normal
VH-03533,97.8,44.6,8.2,,110.0,35.9,Normal
VH-01288,111.0,46.1,6.2,13.33,36.0,31.8,Warning
VH-01655,82.5,21.3,8.2,12.91,35.0,31.2,Warning
VH-05008,88.5,45.7,7.6,12.83,132.0,33.3,Normal
VH-06324,97.2,46.6,6.6,13.01,118.0,34.5,Critical
VH-02131,113.7,39.3,7.5,11.72,33.0,31.6,Warning
VH-00765,80.7,42.2,11.7,12.7,165.0,35.2,Warning
VH-07888,83.9,49.5,5.1,13.02,189.0,,Warning
VH-06901,105.9,30.8,2.8,12.42,181.0,32.7,Warning
VH-00146,90.1,39.7,3.1,12.33,128.0,38.6,Warning
VH-05229,92.5,38.4,2.9,12.71,191.0,36.7,Warning
VH-00394,100.6,43.9,2.3,12.69,87.0,26.8,critical
VH-06245,105.0,43.6,5.9,13.23,114.0,35.1,Normal
VH-03808,94.2,45.3,3.4,13.07,76.0,35.0,Warning
VH-00045,96.7,42.9,6.8,13.36,194.0,36.0,Normal
VH-03494,106.5,46.5,8.5,13.07,38.0,30.8,Normal
VH-05957,101.2,33.1,3.5,12.68,173.0,31.6,Warning
VH-03336,93.0,32.2,9.4,12.98,59.0,34.9,Normal
VH-04417,97.5,51.6,8.8,11.97,141.0,,Warning
VH-02159,89.0,47.2,3.6,12.86,118.0,33.6,Warning
VH-01957,85.4,59.7,6.1,12.5,88.0,32.1,Normal
VH-04952,94.4,33.9,6.9,12.53,124.0,33.6,Normal
VH-05712,98.1,42.4,10.2,12.13,104.0,,Normal
VH-02184,81.1,30.5,2.9,12.62,97.0,34.6,Warning
VH-06547,108.5,41.6,2.0,12.15,81.0,33.8,Critical
VH-07881,101.8,41.6,7.0,12.47,116.0,35.5,Normal
VH-06545,94.7,28.7,8.9,11.87,73.0,30.9,Warning
VH-03497,103.6,39.1,7.4,11.45,101.0,32.0,Warning
VH-02071,83.7,41.1,9.8,12.31,113.0,33.0,Normal
VH-01367,105.6,50.7,8.3,12.19,103.0,32.5,Normal
VH-03095,85.9,41.8,3.4,12.69,126.0,33.3,Warning
VH-02364,115.3,30.2,5.0,13.94,159.0,31.0,Warning
VH-07874,-4.403402316005362,38.3,7.9,,21.0,32.9,Warning
VH-00930,95.0,,3.0,12.01,147.0,34.4,Critical
VH-03512,90.0,35.8,11.9,12.16,196.0,28.3,Normal
VH-02975,97.5,48.3,10.8,12.88,156.0,33.7,Normal
VH-06042,84.2,43.9,4.8,12.91,56.0,35.7,Normal
VH-04574,103.4,38.0,6.4,12.2,146.0,36.1,Critical
VH-03141,119.3,38.7,11.4,11.83,115.0,32.2,Critical
VH-07915,91.2,22.7,10.9,12.81,87.0,28.7,Warning
VH-02581,102.7,46.2,8.1,12.95,72.0,35.9,Normal
VH-07137,90.5,38.7,8.9,11.96,160.0,34.5,Warning
VH-00606,101.1,54.4,7.7,12.87,36.0,33.1,Normal
VH-00074,96.1,57.1,11.9,12.8,40.0,31.4,Normal
VH-05860,104.6,42.6,10.1,12.42,157.0,29.5,Normal
VH-06175,97.0,40.3,11.6,12.24,114.0,29.8,Normal
VH-01322,94.8,28.7,8.7,12.45,110.0,29.4,Normal
VH-05672,95.2,32.2,6.8,13.18,125.0,32.6,Normal
VH-06370,100.0,27.8,6.9,13.03,95.0,33.4,Normal
VH-00113,83.4,33.3,4.8,12.47,187.0,32.7,Normal
VH-03913,84.4,37.2,4.1,12.68,25.0,32.8,Normal
VH-00986,83.8,34.8,6.9,12.9,47.0,30.4,Normal
VH-07412,91.2,33.5,5.3,12.44,114.0,27.9,WARNING
VH-04843,85.9,27.1,5.7,13.32,75.0,29.8,Normal
VH-05959,104.9,38.6,5.4,12.56,25.0,33.7,Normal
VH-00222,96.4,32.8,10.2,12.53,31.0,38.8,Normal
VH-05444,104.3,,10.6,12.12,143.0,26.1,Warning
VH-05598,97.3,,3.2,12.88,158.0,31.1,WARNING
VH-05761,99.5,45.4,5.2,12.66,62.0,36.5,Normal
VH-01992,96.9,35.8,4.7,11.47,103.0,34.0,Warning
VH-07947,95.3,38.4,11.2,12.66,130.0,30.4,Normal
VH-04131,88.9,36.5,6.8,12.82,176.0,31.9,Normal
VH-04926,104.6,21.3,11.4,12.68,57.0,36.7,WARNING
VH-05662,92.9,54.8,3.2,12.75,122.0,35.5,Warning
VH-06804,100.4,,4.2,12.51,108.0,,Normal
VH-01761,88.8,15.3,7.0,13.06,107.0,32.3,Critical
VH-04443,86.8,,10.0,12.03,81.0,33.6, normal 
VH-04263,101.9,38.7,9.8,12.82,172.0,30.7,Normal
VH-04180,104.6,24.5,9.9,13.35,132.0,36.9,Critical
VH-04212,99.4,32.1,8.1,12.03,27.0,30.2,Normal
VH-04043,83.5,42.9,10.6,12.01,115.0,35.4, normal 
VH-03456,96.9,35.0,9.2,13.05,166.0,33.1,Normal
VH-00530,92.1,45.2,9.4,12.67,50.0,34.9,Normal
VH-05490,93.0,42.9,10.3,12.54,159.0,34.2,Normal
VH-02590,88.3,25.9,2.0,13.15,150.0,31.7,Critical
VH-05124,90.9,46.4,9.7,11.83,160.0,30.2,Warning
VH-03954,95.2,44.5,11.8,12.42,90.0,31.7,Normal
VH-07961,82.7,22.6,11.7,12.36,147.0,33.0,Warning
VH-03630,100.8,34.6,2.2,12.03,56.0,31.0,Critical
VH-02521,109.3,50.8,9.6,13.3,166.0,30.8,Warning
VH-05063,93.3,36.1,9.2,12.79,49.0,,Normal
VH-03051,87.5,35.5,3.3,,105.0,32.3,Warning
VH-06401,87.3,39.5,4.4,12.29,112.0,31.2,Normal
VH-06037,99.4,44.3,6.2,13.06,99.0,35.7,Normal
VH-06691,98.5,38.3,2.7,13.17,153.0,30.5,Warning
VH-05720,96.2,35.7,5.2,11.79,115.0,39.6,WARNING
VH-07398,88.9,37.1,2.0,12.02,143.0,29.0,Critical
VH-06839,94.2,32.7,11.5,12.15,47.0,29.3,Normal
VH-07695,102.6,34.3,3.9,12.09,56.0,31.0,Critical
VH-03204,98.4,40.5,4.5,13.03,184.0,36.3,Normal
VH-05628,100.4,39.8,2.6,12.5,47.0,33.5,Warning
VH-06654,98.4,38.4,5.9,13.19,40.0,34.6,Normal
VH-01779,106.7,25.4,11.3,13.1,151.0,35.2,Normal
VH-01025,92.1,31.4,2.5,13.45,104.0,36.1,Critical
VH-03778,94.4,40.4,11.6,12.8,6.0,38.4,Normal
VH-00081,89.7,32.1,7.1,12.76,162.0,34.9,Normal
VH-06161,89.9,47.4,2.3,13.09,100.0,32.9,Critical
VH-02030,105.5,42.6,5.8,12.43,127.0,32.7,Normal
VH-04054,99.6,16.2,4.1,13.41,17.0,29.0,Critical
VH-01792,97.2,25.4,3.4,11.51,80.0,33.0,Warning
VH-06375,96.1,57.5,6.6,12.22,173.0,33.1,Normal
VH-05572,82.5,24.7,4.0,12.59,55.0,40.9,Warning
VH-02716,95.9,44.2,4.1,13.71,162.0,30.8,Normal
VH-03819,92.6,43.4,2.3,12.57,197.0,31.9,Critical
VH-02673,98.9,45.6,7.5,12.98,199.0,28.0,Warning
VH-05573,100.0,,8.3,13.36,133.0,30.1,Normal
VH-07792,93.7,34.7,3.0,11.98,59.0,27.8,WARNING
VH-04653,91.4,44.6,6.5,12.71,91.0,39.4,Normal
VH-03501,105.6,43.9,9.1,11.75,74.0,33.3,WARNING
VH-02563,108.5,46.5,6.3,12.49,20.0,37.0,Warning
VH-03402,89.3,39.1,3.8,12.64,139.0,35.9,Warning
VH-07942,101.0,49.6,9.9,12.99,69.0,34.6,Normal
VH-05982,93.3,42.1,8.4,12.19,10.0,36.6,Normal
VH-01956,102.3,45.1,5.2,12.55,104.0,33.8,Normal
VH-05725,96.6,31.8,10.3,12.19,191.0,32.7,Normal
VH-03869,99.5,37.5,4.7,12.9,185.0,30.1,Normal
VH-06586,101.8,36.0,2.2,11.51,143.0,36.6,Critical
VH-04136,106.1,,11.9,,189.0,30.6,Warning
VH-05800,91.2,22.4,2.7,13.1,162.0,32.2,Warning
VH-07629,92.6,47.0,7.1,12.6,153.0,30.5,Normal
VH-07787,99.8,36.5,11.8,13.1,182.0,31.2,Normal
VH-03136,105.1,29.0,8.8,12.46,109.0,35.0,Normal
VH-00311,98.5,41.0,5.7,12.74,173.0,32.6,Normal
VH-01631,88.4,53.5,10.5,13.3,106.0,35.7,Normal
VH-04260,97.3,44.3,8.4,13.66,198.0,35.8,Normal
VH-02067,94.7,32.1,4.7,11.28,22.0,34.6,Critical
VH-01426,101.6,33.9,5.7,12.69,163.0,33.1,Critical
VH-02002,98.5,28.2,10.4,,125.0,32.6,Normal
VH-04453,98.2,55.9,8.7,12.59,180.0,35.4,Normal
VH-07816,100.2,29.9,4.4,11.65,32.0,32.2,Warning
VH-03810,97.1,60.4,10.6,12.17,76.0,31.2,Normal
VH-05466,101.5,35.4,11.5,12.95,184.0,26.7,Warning
VH-07709,87.8,26.1,7.5,13.56,156.0,35.7,Normal
VH-02337,101.7,43.3,11.0,12.96,23.0,30.1,Normal
VH-05923,85.4,51.3,10.3,12.48,101.0,36.9,Normal
VH-02440,95.6,45.0,7.3,12.94,199.0,32.6,Normal
VH-00128,89.9,46.9,3.6,12.96,28.0,34.3,Warning
VH-01009,98.0,26.5,6.9,12.93,93.0,35.6,Normal
VH-01813,94.9,40.9,10.4,13.22,166.0,36.7,Normal
VH-01290,96.4,34.5,10.9,11.73,39.0,29.6,Warning
VH-04753,83.6,37.4,2.8,12.4,168.0,34.7,Warning
VH-05342,96.0,43.1,8.2,12.67,76.0,30.7,Normal
VH-03873,85.3,56.1,2.8,12.6,26.0,33.7,Warning
VH-05197,85.6,33.9,6.2,11.94,195.0,37.3,Warning
VH-02771,99.6,45.5,9.0,11.91,82.0,36.5,Warning
VH-00201,106.3,26.4,7.1,,86.0,35.9,Normal
VH-07808,95.9,32.8,7.6,12.66,40.0,31.5,Normal
VH-07898,93.3,40.1,2.9,,37.0,32.3,Warning
VH-05517,106.4,23.1,8.4,12.21,73.0,35.1,Warning
VH-07490,84.3,35.7,6.4,13.22,189.0,29.7,Normal
VH-00954,89.3,44.1,6.6,12.12,147.0,30.7, normal 
VH-02418,99.9,21.3,9.6,13.3,124.0,29.8,Warning
VH-04020,96.6,41.9,11.4,12.86,135.0,35.3,Normal
VH-00829,73.6,45.5,4.4,13.52,35.0,28.7,Warning
VH-02361,87.0,33.6,3.0,12.64,63.0,34.2,Warning
VH-07215,83.2,59.5,8.7,12.86,53.0,33.4,Normal
VH-04689,90.3,33.4,4.9,12.82,135.0,31.7, normal 
VH-03907,86.6,25.6,11.4,14.16,104.0,34.1,Normal
VH-00970,92.7,42.6,3.2,12.25,128.0,35.9,Warning
VH-00202,95.7,44.0,5.7,11.78,171.0,30.3,Warning
VH-05821,84.4,55.4,3.3,12.68,28.0,,Warning
VH-06070,86.3,56.6,10.7,12.19,125.0,31.7,Normal
VH-00982,96.8,22.8,9.3,12.28,110.0,31.8,Warning
VH-03696,89.4,45.4,5.4,12.87,118.0,,Normal
VH-03318,104.1,37.4,2.1,13.19,198.0,34.7,Critical
VH-06479,93.0,49.1,11.0,13.37,192.0,,Normal
VH-04912,97.9,45.6,4.1,12.52,58.0,28.8,Normal
VH-06076,111.4,,7.5,12.31,105.0,30.1,Warning
VH-02380,92.8,27.5,7.4,12.35,96.0,33.1,Normal
VH-02486,95.9,40.9,7.0,13.37,49.0,29.7,Normal
VH-06684,92.9,42.0,11.6,12.95,59.0,30.9,Normal
VH-05958,83.4,36.3,7.5,,66.0,33.6,Warning
VH-03097,89.7,49.3,6.5,13.9,102.0,,Normal
VH-07371,99.8,46.0,4.4,12.89,169.0,33.9,Normal
VH-03089,102.8,36.3,11.9,13.73,23.0,28.5,Normal
VH-01187,97.9,35.0,3.9,12.43,72.0,31.5,Warning
VH-04447,95.2,41.3,6.5,12.27,189.0,31.5,Normal
VH-03919,98.2,40.1,6.8,12.28,43.0,31.5,Normal
VH-05851,103.6,43.7,10.1,13.1,97.0,35.2,Normal
VH-01595,98.6,39.3,8.9,13.0,167.0,29.9,Normal
VH-04092,88.9,35.6,11.5,13.26,154.0,33.2,Normal
VH-00042,89.7,46.1,9.1,12.72,107.0,,Normal
VH-05879,104.3,51.3,4.9,13.03,160.0,28.9,Normal
VH-03347,96.4,37.3,5.8,12.52,20.0,38.8,Normal
VH-07364,94.7,33.8,2.6,13.08,184.0,31.2,Warning
VH-05168,103.1,39.2,10.2,12.47,143.0,31.2,Normal
VH-01273,98.0,,5.4,12.43,179.0,34.2,Normal
VH-02182,80.1,48.6,7.1,12.39,103.0,34.3,Normal
VH-00574,96.5,25.1,5.9,11.77,55.0,34.8,Warning
VH-01920,86.3,55.1,4.1,12.06,103.0,28.5,Normal
VH-07530,92.5,43.8,6.2,12.92,36.0,30.8,Normal
VH-00856,97.7,30.8,10.1,12.27,145.0,27.9,Warning
VH-05942,100.3,30.8,6.1,12.36,164.0,32.7,Normal
VH-01808,-30.40414924361898,41.8,5.1,12.26,191.0,37.7,Normal
VH-02620,89.5,35.4,8.4,13.15,30.0,35.1,Normal
VH-04914,104.6,44.9,4.9,13.36,178.0,34.2,Normal
VH-05994,87.3,43.8,8.4,13.28,147.0,30.4,Normal
VH-01846,95.3,50.5,2.3,12.68,193.0,30.7,Critical
VH-04971,83.7,30.6,8.4,11.44,82.0,31.3,Warning
VH-04034,89.2,23.3,10.6,13.19,48.0,27.3,Warning
VH-04199,97.5,27.9,7.4,12.82,130.0,33.5,Normal
VH-07172,92.3,46.0,2.2,11.93,162.0,30.5,Critical
VH-02458,80.3,48.3,6.6,11.99,20.0,30.6,Warning
VH-04889,104.4,55.3,11.6,12.24,81.0,35.0, normal 
VH-04700,101.3,,9.3,12.27,61.0,35.8,Normal
VH-00988,92.6,32.0,6.9,11.58,90.0,28.9,Warning
VH-05329,99.5,31.6,4.8,12.85,149.0,34.8,Normal
VH-07905,100.9,36.0,3.9,,61.0,35.5,Warning
VH-01433,81.9,32.2,4.3,13.35,174.0,29.8,Normal
VH-04480,96.7,43.5,4.3,12.43,195.0,31.7,Normal
VH-04989,101.6,36.1,4.6,12.05,11.0,33.9,Normal
VH-04152,98.0,39.0,6.9,11.43,69.0,34.5,Warning
VH-00711,100.6,35.4,2.7,11.86,171.0,37.0,Warning
VH-02372,94.1,29.0,7.3,12.96,147.0,39.0,Normal
VH-03850,99.7,49.6,8.3,12.19,31.0,37.6,Normal
VH-04451,93.0,33.5,6.1,12.27,95.0,27.8,WARNING
VH-03565,108.4,745.7941251679795,2.3,13.37,124.0,31.4,Warning
VH-05938,97.0,51.6,5.2,12.73,16.0,35.3,Normal
VH-01018,92.3,35.0,11.6,,9.0,32.5, normal 
VH-03887,91.7,33.3,2.6,12.71,67.0,31.6,WARNING
VH-07605,101.0,34.4,5.1,12.84,48.0,33.2,Normal
VH-03296,98.5,38.0,6.4,12.8,170.0,37.8,Normal
VH-02963,89.1,53.0,4.3,13.14,17.0,34.7,Normal
VH-04403,107.4,44.9,9.1,12.36,89.0,40.4,Warning
VH-03461,83.7,49.3,3.8,12.3,130.0,32.3,Warning
VH-04909,94.2,32.7,7.4,12.59,87.0,36.5,Normal
VH-04137,96.6,44.7,7.9,12.37,55.0,30.2, normal 
VH-06219,89.5,52.8,6.3,,179.0,32.3,Normal
VH-05501,77.2,48.2,11.7,12.98,118.0,28.3,Normal
VH-07271,100.4,39.3,2.3,12.83,13.0,34.9,Critical
VH-01681,86.8,39.3,6.5,12.58,97.0,33.8, normal 
VH-04978,104.0,32.7,7.5,13.23,20.0,25.8,Warning
VH-01969,101.4,48.3,2.4,13.04,152.0,,Critical
VH-04794,104.1,43.5,10.5,11.97,86.0,,Warning
VH-06457,97.1,31.6,5.5,12.56,159.0,31.2,Normal
VH-06063,99.0,32.8,3.0,12.69,158.0,35.8,Warning
VH-02051,85.2,38.5,10.3,12.62,51.0,31.0,Normal
VH-07262,104.1,,2.7,12.09,137.0,36.8,Warning
VH-04311,95.3,43.0,8.6,,27.0,32.0,Normal
VH-02146,87.5,38.4,4.4,12.83,119.0,33.6,Normal
VH-02322,104.1,46.7,10.9,12.6,137.0,35.2, normal 
VH-02696,99.0,44.2,6.4,12.08,69.0,29.6,Normal
VH-02482,96.7,39.1,7.4,12.39,162.0,33.4,Normal
VH-01370,82.9,45.9,6.2,12.68,108.0,37.2,Normal
VH-01566,85.7,23.3,8.1,12.64,50.0,32.9,Warning
VH-03596,91.6,30.3,6.4,12.56,92.0,28.8,Normal
VH-03771,84.2,48.4,7.0,12.94,64.0,34.5,Normal
VH-03304,119.7,30.0,2.1,11.74,170.0,36.4,Critical
VH-04354,86.8,36.3,3.9,11.96,45.0,35.1,Warning
VH-01516,89.3,45.1,11.3,12.64,16.0,30.2,Normal
VH-03993,89.5,36.7,11.6,12.36,200.0,35.4,Normal
VH-05862,86.7,39.1,10.6,12.48,84.0,33.6,Normal
VH-06041,94.5,28.2,6.3,12.21,190.0,32.6,Normal
VH-02186,94.0,47.1,5.4,12.48,101.0,32.2,Normal
VH-03308,86.9,31.2,8.9,12.05,132.0,31.3, normal 
VH-03731,100.6,38.1,9.6,12.74,35.0,29.0,Normal
VH-05251,106.4,30.9,2.9,11.86,192.0,33.6,Warning
VH-01037,90.5,51.0,3.8,11.73,180.0,34.6,WARNING
VH-02437,97.2,34.9,10.8,12.98,119.0,31.8,Normal
VH-02999,92.3,45.4,6.6,12.77,106.0,34.0,Normal
VH-01510,95.5,42.5,3.8,12.26,24.0,32.2,Warning
VH-00411,76.3,45.5,3.3,11.35,36.0,30.8,Warning
VH-06497,101.9,32.3,7.8,12.91,161.0,38.4,Normal
VH-06290,90.6,42.1,3.4,12.24,178.0,30.4,WARNING
VH-04075,88.4,58.2,11.5,,111.0,34.8,Normal
VH-01301,78.3,32.5,6.9,12.48,199.0,34.2,Normal
VH-03259,92.3,49.8,7.7,11.94,95.0,,Warning
VH-05392,82.0,37.1,10.4,12.1,103.0,34.7, normal 
VH-01317,98.0,35.4,11.5,12.39,42.0,32.1,Normal
VH-03316,93.7,19.8,10.4,,77.0,30.7,Warning
VH-00777,98.2,,8.9,13.39,54.0,33.1,Normal
VH-06658,103.6,23.0,11.9,12.62,99.0,32.1,Warning
VH-07069,98.3,53.9,4.9,11.7,14.0,35.1,Warning
VH-04671,91.4,60.8,5.6,,81.0,37.7,Normal
VH-04854,93.1,43.2,6.9,13.17,68.0,29.9,Normal
VH-02367,91.9,39.0,7.3,12.0,23.0,36.5,Normal
VH-02476,78.7,29.4,3.1,12.69,163.0,32.8,Warning
VH-04890,99.5,40.9,3.2,13.03,50.0,32.6,Warning
VH-05413,102.4,33.9,3.2,12.76,48.0,38.7,Warning
VH-04169,99.0,39.3,7.4,12.32,59.0,30.2,Normal
VH-00025,92.2,44.9,6.4,13.73,38.0,28.4,Normal
VH-03392,88.6,35.1,5.5,12.98,155.0,35.2,Normal
VH-01408,94.9,52.1,10.3,11.64,181.0,33.8,Warning
VH-05222,105.8,46.0,4.8,12.09,77.0,28.2, normal 
VH-01139,-2.801757225978207,25.2,3.9,12.88,147.0,31.7,Warning
VH-00505,90.7,40.4,11.3,11.81,146.0,28.7,Warning
VH-01560,91.9,41.0,6.4,12.62,34.0,27.3,Warning
VH-06264,95.4,48.7,5.4,12.11,148.0,30.2,Normal
VH-01120,98.6,43.2,5.5,12.39,135.0,31.7,Normal
VH-07745,93.2,49.7,4.6,,82.0,29.0,Normal
VH-04682,90.0,43.3,3.4,11.95,106.0,34.6,Warning
VH-00601,90.4,46.6,4.7,12.25,84.0,31.9,Normal
VH-04707,92.2,41.3,3.1,,133.0,35.7,Warning
VH-03941,92.6,44.2,3.1,12.83,99.0,36.0,Warning
VH-05185,96.8,35.8,8.3,12.76,105.0,34.1,Normal
VH-02737,93.1,28.3,6.1,11.79,25.0,36.8,Warning
VH-05631,107.2,49.1,8.4,13.07,33.0,33.5,Normal
VH-03851,89.1,34.6,9.3,13.4,91.0,34.1,Normal
VH-05504,95.6,38.9,11.2,13.08,195.0,33.2,Normal
VH-02613,91.9,723.095484584834,11.2,12.0,126.0,,Warning
VH-00348,82.3,33.3,8.5,12.39,74.0,32.8,Normal
VH-04981,96.6,37.3,6.1,11.8,23.0,33.5,Warning
VH-05607,95.8,47.6,6.9,14.25,133.0,32.1,Normal
VH-07363,104.9,49.4,7.6,12.43,69.0,34.1,Normal
VH-04878,99.2,53.1,11.5,12.56,186.0,34.1,Normal
VH-07557,107.2,42.2,2.3,12.49,104.0,37.5,Critical
VH-06579,98.9,36.6,8.5,12.67,41.0,37.4,Normal
VH-00629,75.7,51.2,2.5,12.88,6.0,33.8,Critical
VH-06710,104.5,41.2,9.7,12.85,193.0,28.3,Normal
VH-02548,81.1,31.7,3.2,11.86,150.0,32.7,Warning
VH-06346,97.8,31.1,4.7,12.86,181.0,32.1,Normal
VH-00408,79.1,48.1,6.4,12.58,62.0,30.8,Normal
VH-03391,81.2,28.9,2.8,12.08,129.0,25.7,Warning
VH-00164,101.7,57.5,7.3,12.39,94.0,28.4,Normal
VH-07545,107.7,32.7,9.5,12.58,177.0,34.9,Normal
VH-02336,117.1,34.3,8.6,13.2,165.0,34.6,Warning
VH-04049,95.5,41.2,6.5,12.66,74.0,36.5,Normal
VH-07208,89.5,29.5,8.5,12.07,108.0,40.8,Warning
VH-06065,97.8,,2.1,13.09,187.0,33.2,Critical
VH-05745,101.9,36.4,9.6,12.83,15.0,33.2,Normal
VH-06068,85.8,26.4,8.4,12.74,56.0,32.4,Normal
VH-02426,111.9,,10.0,12.12,154.0,31.4,Warning
VH-01087,82.7,,6.0,13.14,5.0,35.6,Normal
VH-05818,98.5,43.2,10.4,12.08,171.0,26.4,Warning
VH-05281,98.1,28.5,5.2,12.0,110.0,28.4,Warning
VH-03770,91.5,38.2,9.6,,37.0,33.5,Normal
VH-06489,88.8,52.5,5.6,12.87,79.0,30.9,Normal
VH-05963,94.5,45.4,8.7,11.61,80.0,33.7,Warning
VH-05850,103.1,31.0,4.2,12.81,54.0,34.6,Normal
VH-04390,96.5,25.3,6.7,12.73,96.0,33.5,Normal
VH-05061,101.4,45.5,11.3,12.6,11.0,25.9,Warning
VH-05918,98.6,46.4,11.3,12.53,174.0,30.8,Normal
VH-07541,91.8,26.0,6.0,12.73,39.0,28.5,Normal
VH-02914,97.9,49.0,3.7,,139.0,33.6,Warning
VH-02860,83.3,41.6,5.9,12.89,176.0,35.4,Normal
VH-02363,98.8,41.2,6.8,13.25,91.0,32.1,Normal
VH-04624,109.7,53.7,10.5,12.72,159.0,35.8,Warning
VH-03881,106.3,26.9,9.8,12.31,91.0,31.9,Normal
VH-06064,108.1,40.2,4.5,12.69,71.0,27.0,Warning
VH-04123,97.9,44.2,3.5,12.88,58.0,28.3,Warning
VH-06603,96.8,39.5,2.1,12.45,84.0,34.1,Critical
VH-05769,96.2,39.1,3.3,11.88,34.0,32.7,Warning
VH-00274,107.6,49.0,8.5,12.46,97.0,32.6,Normal
VH-01072,93.2,43.9,7.5,13.23,147.0,36.8,Normal
VH-05170,100.8,48.1,5.3,13.38,158.0,31.4,Normal
VH-06446,108.0,33.3,7.3,12.39,129.0,28.4,Normal
VH-06276,100.9,41.1,7.9,12.69,6.0,32.4,Normal
VH-00675,-9.27970290352657,38.4,2.2,12.5,137.0,28.1,Critical
VH-07206,105.3,47.8,6.4,12.62,195.0,34.3,Normal
VH-03382,110.0,48.3,3.6,13.05,122.0,35.4,Warning
VH-06979,82.3,27.8,6.5,13.07,64.0,30.4,Normal
VH-03704,99.2,44.2,4.9,12.87,8.0,34.2,Normal
VH-00585,111.0,49.8,11.1,12.54,134.0,33.6,Warning
VH-00837,106.4,36.7,3.9,12.0,67.0,34.9,Warning
VH-04806,110.8,35.3,8.3,12.85,99.0,37.4,Warning
VH-04399,84.9,40.7,10.9,12.07,7.0,31.6,Normal
VH-02615,89.6,45.4,2.2,11.99,147.0,31.4,Critical
VH-05346,-34.5460233784123,49.6,11.5,12.26,16.0,33.9,Normal
VH-02965,82.2,46.8,9.8,12.38,168.0,,Normal
VH-01437,71.4,36.9,8.8,12.95,161.0,35.7,Warning
VH-01553,92.1,36.3,5.4,12.01,185.0,36.7,Normal
VH-00816,91.8,39.3,9.3,12.14,81.0,34.6,Normal
VH-01243,90.8,46.2,4.0,12.34,196.0,34.4,Warning
VH-04312,95.3,49.8,10.4,12.75,107.0,32.8,Normal
VH-05053,89.2,37.6,3.6,12.91,9.0,29.0,Warning
VH-00302,101.9,44.5,6.3,12.78,134.0,33.4,Normal
VH-02619,108.3,42.3,7.9,12.99,6.0,40.5,Warning
VH-07607,85.7,28.3,9.7,12.93,72.0,35.7,Normal
VH-02678,80.8,47.7,11.4,12.63,69.0,25.1,Warning
VH-02485,94.1,53.8,6.9,13.53,182.0,34.6,Normal
VH-03936,104.6,36.3,10.1,12.13,196.0,28.3,Normal
VH-03190,83.6,15.8,4.7,13.67,136.0,31.2,Critical
VH-03162,99.4,32.7,4.3,12.33,12.0,29.8,Normal
VH-01063,104.1,48.4,9.4,12.75,135.0,29.0,Normal
VH-00872,100.8,,7.6,12.7,80.0,32.7,Warning
VH-02819,101.7,36.8,11.8,12.72,79.0,32.1,Normal
VH-06604,100.8,46.1,10.5,13.09,189.0,33.3,Normal
VH-00952,98.8,29.2,4.8,12.18,52.0,29.4,Normal
VH-00159,85.5,38.4,9.6,12.13,183.0,38.6,Normal
VH-07179,95.6,30.9,9.6,13.09,190.0,40.0,Warning
VH-00923,90.4,42.5,9.2,12.84,91.0,31.9,Normal
VH-02770,102.7,45.1,3.1,11.84,53.0,32.0,Warning
VH-04155,90.5,50.2,9.0,11.69,31.0,31.8,Warning
VH-07275,90.3,49.3,8.1,12.07,181.0,36.4,Normal
VH-07933,89.2,34.6,3.5,12.3,70.0,33.5,Warning
VH-04334,99.6,46.1,5.7,12.44,13.0,26.9,Warning
VH-01975,101.2,33.9,2.3,12.05,155.0,35.5,Critical
VH-04119,89.1,,8.2,12.64,149.0,31.1,Normal
VH-06597,93.9,27.2,7.3,13.52,13.0,,Normal
VH-04779,95.3,48.9,3.7,12.24,96.0,32.2,Warning
VH-03735,91.4,59.8,2.4,13.4,79.0,33.0,critical
VH-02394,87.9,44.3,2.1,12.71,146.0,35.4,Critical
VH-07015,89.7,40.7,8.2,13.57,51.0,29.0,Normal
VH-03603,-47.563933339743684,34.6,7.3,12.41,113.0,34.8,Normal
VH-07826,100.4,35.8,8.4,14.09,73.0,35.4,Normal
VH-02056,91.1,33.4,5.4,13.09,45.0,31.2,Normal
VH-04324,87.5,44.5,9.7,12.02,87.0,35.0,Normal
VH-00489,100.3,25.5,8.2,12.46,73.0,36.5,Normal
VH-07502,90.6,43.4,7.1,12.27,74.0,35.6, normal 
VH-03713,95.6,40.6,6.8,12.75,109.0,33.2,Normal
VH-04925,104.0,36.3,8.4,12.42,100.0,34.6,Normal
VH-05846,102.7,46.4,3.2,12.14,141.0,31.9,Warning
VH-00385,88.6,42.7,7.2,12.08,151.0,32.7,Normal
VH-03488,95.7,48.0,5.0,12.65,185.0,33.5,Normal
VH-02283,97.2,36.7,8.3,12.7,30.0,31.0,Normal
VH-04111,99.5,30.6,9.8,12.91,8.0,29.6,Normal
VH-01824,88.0,39.1,3.6,12.4,195.0,27.5,WARNING
VH-04365,102.7,44.5,4.5,,170.0,33.2,Normal
VH-05484,101.5,50.4,3.5,13.04,93.0,32.7,Warning
VH-04419,105.9,41.4,3.8,12.69,120.0,32.8,Warning
VH-01588,87.1,40.4,7.5,12.84,27.0,36.4,Normal
VH-04378,91.2,46.8,4.6,12.72,97.0,35.0,Normal
VH-03348,99.3,44.3,10.0,11.91,171.0,38.0,Warning
VH-07779,97.8,43.1,7.6,12.43,44.0,28.3,Normal
VH-01751,90.0,52.2,9.9,12.24,25.0,33.6,Normal
VH-05246,120.9,41.8,7.3,11.61,185.0,34.6,Critical
VH-05400,92.5,25.8,11.9,12.69,185.0,38.2,Warning
VH-01231,86.0,41.0,11.7,12.95,25.0,39.6,Normal
VH-04089,101.0,27.2,2.8,,169.0,31.8,Warning
VH-05888,102.2,47.0,11.1,12.69,192.0,34.7,Normal
VH-05365,111.0,40.8,6.7,12.54,75.0,33.4,Warning
VH-03160,94.6,39.0,3.7,12.35,74.0,35.7,Warning
VH-00963,94.1,27.6,7.8,12.65,68.0,32.9,Normal
VH-04593,92.7,31.3,9.5,12.49,186.0,33.4,Normal
VH-00352,90.4,46.7,7.8,11.85,140.0,31.2,Warning
VH-01838,106.8,40.6,5.4,12.57,47.0,32.1,Normal
VH-03945,94.6,39.9,7.9,11.91,97.0,33.0,Warning
VH-06532,104.2,50.6,5.7,12.83,28.0,31.8, normal 
VH-00001,86.7,,2.7,13.42,108.0,40.1,Warning
VH-06941,78.8,31.8,4.8,13.22,109.0,30.5, normal 
VH-04381,97.5,34.8,9.7,12.61,178.0,39.2,Normal
VH-07814,90.0,36.1,9.9,12.69,182.0,28.3,Normal
VH-05742,99.7,41.5,3.0,12.5,112.0,30.5,Warning
VH-00783,102.2,18.3,8.1,11.94,103.0,37.6,Warning
VH-06584,93.9,43.0,5.9,11.94,152.0,26.6,Warning
VH-05033,94.6,47.5,2.9,13.38,183.0,34.4,Warning
VH-02396,91.5,43.7,10.6,12.82,146.0,32.4,Normal
VH-06594,90.1,41.8,3.9,12.89,196.0,35.0,Warning
VH-00068,101.9,45.1,11.0,12.25,70.0,36.0,Normal
VH-00403,91.9,45.1,7.6,12.0,132.0,37.8,Normal
VH-03434,84.8,39.6,3.9,12.87,119.0,28.4,WARNING
VH-04893,88.3,40.0,9.3,13.18,37.0,38.9,Normal
VH-02767,109.0,47.4,7.3,12.04,140.0,29.3,Warning
VH-07282,105.0,37.4,8.7,12.2,73.0,35.3,Normal
VH-06119,91.5,43.2,6.1,11.73,109.0,34.5,Warning
VH-04273,109.8,50.2,11.9,12.24,110.0,29.7,Warning
VH-05049,103.2,46.2,2.3,13.09,74.0,33.7,Critical
VH-03428,110.0,35.9,3.7,13.28,49.0,37.3,Warning
VH-02139,105.1,42.0,2.8,12.0,56.0,33.5,Warning
VH-01200,84.4,42.1,7.6,12.7,171.0,36.9,Normal
VH-06072,101.4,35.3,9.9,,157.0,35.3,Normal
VH-02915,110.6,30.3,8.3,12.21,52.0,,Warning
VH-02300,91.1,45.3,6.7,12.77,117.0,30.7,Normal
VH-01756,108.7,33.6,10.7,13.65,149.0,,Warning
VH-03486,100.9,31.1,8.4,12.14,129.0,39.9,Normal
VH-01577,103.2,52.3,10.1,12.56,148.0,38.5, normal 
VH-02719,86.3,43.0,8.4,12.57,127.0,34.3,Normal
VH-02241,88.6,38.4,10.8,12.83,63.0,33.6,Normal
VH-07077,92.3,52.2,4.5,13.35,79.0,32.2,Normal
VH-02774,91.6,41.3,6.8,12.86,99.0,33.8,Normal
VH-01507,94.7,38.6,6.9,12.42,86.0,38.1,Normal
VH-05593,98.1,55.9,2.3,12.54,64.0,30.2,Critical
VH-03749,105.4,31.1,7.7,12.55,49.0,35.9, normal 
VH-06875,101.1,35.0,6.4,12.82,59.0,32.3,Normal
VH-02493,88.9,38.5,7.8,12.89,198.0,33.6,Normal
VH-06883,92.0,46.8,10.6,12.6,5.0,36.8,Normal
VH-00538,75.8,49.7,3.0,12.98,195.0,25.6,Warning
VH-01330,80.0,35.6,5.0,12.35,121.0,32.1,Normal
VH-02303,91.5,,4.8,12.77,124.0,,Normal
VH-02499,104.9,25.3,9.9,13.06,186.0,28.4,Normal
VH-01612,94.7,46.2,9.6,12.9,171.0,34.1,Normal
VH-01488,97.6,43.0,5.2,11.9,46.0,35.2,Warning
VH-02018,99.7,30.7,8.2,12.44,73.0,33.0,Normal
VH-01744,100.4,24.9,11.9,12.91,10.0,32.1,Normal
VH-07162,91.7,50.6,11.7,11.77,138.0,33.8,Warning
VH-06518,98.3,30.4,5.6,12.87,165.0,31.7,Normal
VH-01614,89.6,50.3,6.2,13.0,100.0,35.0,Normal
VH-07388,83.8,40.1,2.3,13.32,193.0,34.0,Critical
VH-07958,100.4,44.9,6.1,12.58,45.0,28.4,Critical
VH-05044,78.0,33.4,3.4,12.37,180.0,32.4,Warning
VH-04606,86.5,42.2,4.6,12.53,125.0,30.9,Normal
VH-01393,98.7,47.7,5.9,12.51,149.0,29.8,Normal
VH-01508,111.0,39.7,7.0,13.0,106.0,39.8,Warning
VH-01194,110.5,25.1,2.7,12.65,191.0,30.1,Warning
VH-07022,90.2,44.1,3.7,13.0,144.0,34.3,Warning
VH-05427,95.8,37.6,2.3,12.47,112.0,33.9,Critical
VH-05405,104.2,29.5,3.5,11.8,174.0,29.0,Warning
VH-07935,89.1,,6.6,13.14,97.0,36.3,Normal
VH-07902,103.7,34.4,7.5,12.01,55.0,31.3,Normal
VH-03800,92.4,39.8,7.8,13.36,157.0,31.6,Normal
VH-06922,93.4,42.8,6.8,12.23,45.0,34.5,Normal
VH-04677,101.4,26.6,10.9,12.73,83.0,,Warning
VH-06531,92.6,52.7,7.2,12.98,22.0,36.0,Normal
VH-01931,91.8,45.2,5.5,12.57,89.0,33.6,Normal
VH-02812,91.6,38.8,9.9,12.12,95.0,33.2,Normal
VH-03974,89.7,40.5,2.5,12.3,112.0,32.5,Warning
VH-02539,100.0,,8.0,13.07,137.0,36.1,Normal
VH-02669,89.8,48.8,6.7,12.32,24.0,34.7,Normal
VH-06444,95.3,44.0,3.5,12.03,121.0,32.5,WARNING
VH-03719,97.2,42.2,5.5,12.75,67.0,34.0, normal 
VH-06992,92.8,,2.4,13.29,7.0,32.4,Critical
VH-03248,102.0,40.5,6.5,,182.0,35.6,Warning
VH-04759,90.6,40.4,10.6,12.12,127.0,35.6,Normal
VH-02822,100.4,39.9,11.1,11.92,102.0,29.6,Warning
VH-00573,87.8,31.9,5.9,12.79,37.0,31.1,Normal
VH-00696,76.4,49.3,8.8,13.37,154.0,37.1,Normal
VH-05507,85.2,37.4,3.3,13.69,99.0,32.5,Warning
VH-07579,94.8,46.1,8.0,12.12,32.0,37.6,Normal
VH-07230,92.3,28.4,7.1,11.91,127.0,30.2,Warning
VH-06637,96.6,46.5,11.7,12.04,77.0,30.5,Normal
VH-07441,91.6,31.9,7.5,12.07,181.0,30.2,Normal
VH-06870,94.2,24.7,5.4,12.49,176.0,36.1,Warning
VH-02187,91.3,30.4,4.2,11.86,130.0,32.5,Warning
VH-04022,84.1,45.9,9.0,12.63,76.0,32.1,Normal
VH-06652,88.3,38.6,11.1,12.44,122.0,28.5,Normal
VH-02045,87.0,26.9,4.2,12.58,60.0,34.6,Normal
VH-00282,102.4,37.0,11.2,12.22,192.0,29.0,Normal
VH-00258,93.9,41.5,9.8,12.22,146.0,29.8,Critical
VH-02664,91.6,35.3,5.3,11.94,17.0,31.1,Warning
VH-05907,88.1,36.0,10.4,12.26,71.0,34.2,Normal
VH-05893,104.5,34.5,9.5,12.58,121.0,33.7,Normal
VH-06769,83.8,43.9,6.1,12.49,144.0,35.9,Normal
VH-03233,102.0,37.6,9.1,13.53,159.0,32.6,Normal
VH-00725,106.7,45.6,11.6,12.92,108.0,37.0,Normal
VH-01636,80.9,33.7,8.7,12.22,127.0,32.3,Normal
VH-04773,100.2,51.8,4.4,11.8,105.0,36.5,Warning
VH-07951,108.2,53.6,3.6,13.2,53.0,39.3,Warning
VH-05248,97.6,38.9,4.8,11.97,65.0,33.0,Critical
VH-05442,100.8,40.2,6.9,12.53,79.0,,Normal
VH-00055,89.9,40.9,3.3,12.79,199.0,31.4,Warning
VH-06620,93.9,35.0,9.2,12.8,77.0,33.1,Normal
VH-06977,99.3,33.7,3.1,13.52,119.0,30.7,Warning
VH-01411,112.8,43.3,3.7,12.3,7.0,,Warning
VH-06955,94.7,38.8,2.7,13.49,168.0,38.1,Warning
VH-02214,88.1,42.4,9.2,11.99,107.0,28.5,Warning
VH-07943,96.6,50.5,3.2,12.8,148.0,35.6,Warning
VH-05457,105.2,44.6,11.1,12.3,117.0,28.4,Normal
VH-02935,73.1,26.0,4.2,12.08,129.0,33.6,Warning
VH-00888,75.0,54.1,11.3,13.86,29.0,31.4,Warning
VH-02954,78.0,34.9,2.5,11.88,163.0,38.5,Warning
VH-01687,97.0,23.7,10.9,13.3,148.0,36.0,Warning
VH-01819,92.9,31.4,4.0,12.41,143.0,33.0,Normal
VH-03703,88.8,45.5,10.5,12.19,30.0,32.7,Normal
VH-01972,95.8,38.7,5.8,13.25,189.0,30.5,Normal
VH-00714,93.3,34.1,2.0,12.69,15.0,33.1,Critical
VH-04701,91.1,45.6,7.7,13.37,25.0,31.2,Normal
VH-05152,95.4,34.1,2.5,13.03,75.0,31.8,Critical
VH-02286,100.6,50.3,8.4,13.41,113.0,31.6,Normal
VH-07615,89.6,38.8,4.8,12.7,114.0,34.3,Normal
VH-06160,97.3,38.3,9.7,13.42,122.0,36.5,Normal
VH-06303,86.4,25.7,7.2,12.3,19.0,33.9,Normal
VH-06651,91.2,33.5,9.2,11.88,26.0,38.0,Warning
VH-02848,101.3,41.6,10.4,12.96,83.0,31.3,Normal
VH-04713,87.9,58.5,11.7,12.88,35.0,32.9,Normal
VH-00123,105.9,33.6,7.8,13.09,24.0,36.8,Normal
VH-07380,94.4,38.7,2.6,13.17,153.0,37.9,Warning
VH-04430,94.6,33.1,8.0,12.59,60.0,32.8,Normal
VH-07503,94.6,47.5,11.8,12.93,105.0,32.7,Normal
VH-07030,93.6,24.3,7.0,12.71,108.0,31.7,Warning
VH-04400,94.6,49.9,9.6,12.55,95.0,34.0,Normal
VH-00980,98.7,43.7,7.0,12.33,176.0,36.3,Normal
VH-07653,94.5,36.9,11.7,12.47,19.0,34.0,Normal
VH-00175,96.4,30.1,11.0,12.78,54.0,31.1,Normal
VH-00581,85.7,835.7205059122577,11.8,12.55,68.0,33.8,Normal
VH-06530,92.7,47.2,8.4,12.45,43.0,,Warning
VH-01616,118.3,45.0,3.2,12.69,74.0,34.0,Critical
VH-07155,101.8,47.2,8.0,13.15,58.0,33.0,Normal
VH-05290,98.8,23.3,10.5,12.87,54.0,36.9,WARNING
VH-02876,84.4,35.9,2.3,12.86,158.0,31.1,Critical
VH-06850,104.8,39.9,9.3,12.73,9.0,29.6,Normal
VH-03243,97.1,37.6,9.1,12.07,101.0,35.9,Normal
VH-05920,93.1,33.1,9.9,11.54,127.0,30.4,Warning
VH-05975,95.0,24.4,8.0,12.91,182.0,31.7,Warning
VH-06077,87.8,28.7,2.9,12.54,36.0,26.0,Warning
VH-01861,86.3,24.9,10.7,11.87,54.0,28.6,Warning
VH-05446,82.2,41.6,11.8,12.29,113.0,32.6,Normal
VH-03575,79.8,41.6,8.9,12.7,172.0,35.8, normal 
VH-03606,81.8,36.0,3.4,12.85,30.0,29.8,Warning
VH-07691,91.2,42.1,5.4,,166.0,31.8,Normal
VH-02974,96.0,53.3,10.9,12.05,28.0,34.8,Normal
VH-04505,107.8,35.0,8.3,12.44,62.0,36.2,Normal
VH-04771,73.8,38.4,3.5,13.6,175.0,31.2,Warning
VH-00297,92.0,37.9,3.6,11.28,68.0,31.0,Critical
VH-00925,110.1,45.5,5.8,12.57,35.0,37.6,Warning
VH-04118,89.3,45.8,2.1,12.58,86.0,33.7,Critical
VH-06679,109.2,31.8,5.5,12.26,91.0,40.5,Warning
VH-02115,92.9,34.3,6.0,11.57,83.0,32.6,Warning
VH-04824,101.1,42.2,9.9,12.91,176.0,37.4,Normal
VH-01307,104.9,38.8,9.7,12.4,74.0,31.4,Normal
VH-04767,103.5,57.4,4.1,12.45,149.0,33.2,Normal
VH-01672,96.1,40.0,9.3,13.24,87.0,29.4,Normal
VH-01199,86.5,31.5,3.1,12.51,114.0,31.2,Warning
VH-02229,97.2,42.1,2.2,12.43,83.0,33.7,Critical
VH-02648,97.3,40.5,5.0,12.49,147.0,33.8,Normal
VH-00293,74.5,41.4,11.5,12.65,148.0,,WARNING
VH-06714,87.1,50.8,2.9,,169.0,,Warning
VH-02690,84.8,50.0,4.3,13.49,142.0,33.6,Normal
VH-04222,121.2,41.0,4.3,12.46,96.0,28.1,Critical
VH-02579,106.0,40.9,2.8,12.76,36.0,34.1,Warning
VH-06343,88.6,43.3,4.6,12.24,181.0,34.7,Normal
VH-06735,100.4,33.6,4.7,13.83,103.0,29.9,Normal
VH-06589,95.3,54.4,9.8,12.8,192.0,33.4,Normal
VH-00692,102.6,38.7,5.8,12.7,107.0,33.3,Normal
VH-00686,101.3,29.5,4.1,12.8,124.0,31.2, normal 
VH-00817,97.0,30.0,9.8,12.86,118.0,37.4,Normal
VH-00216,99.3,31.2,10.6,12.55,154.0,31.5,Normal
VH-03325,97.3,,11.6,12.74,131.0,36.7,Normal
VH-04248,90.0,35.0,12.0,12.42,186.0,34.8,Normal
VH-07260,95.6,36.6,8.2,11.86,198.0,38.7,Warning
VH-06088,109.5,49.6,6.0,11.87,174.0,37.7,Warning
VH-03889,89.2,56.8,8.9,12.23,41.0,27.2,Warning
VH-07464,96.0,24.6,6.7,12.56,30.0,37.9,Warning
VH-07764,106.3,32.8,4.2,12.8,140.0,33.5,Normal
VH-06104,97.5,32.2,8.8,12.23,193.0,36.2,Normal
VH-00478,95.1,29.7,8.8,12.03,153.0,35.8,Normal
VH-05378,93.0,,5.4,11.93,67.0,30.8,Warning
VH-05700,92.8,28.6,6.0,13.1,12.0,35.2,Normal
VH-06657,93.3,37.9,5.8,12.57,43.0,34.3,Normal
VH-05762,90.2,37.9,4.3,12.05,179.0,28.2,Normal
VH-07213,91.7,39.7,6.2,12.24,87.0,34.3,Normal
VH-03198,103.2,36.8,12.0,13.02,147.0,31.4, normal 
VH-00812,97.0,43.4,10.6,13.52,98.0,35.4,Normal
VH-04346,87.8,41.3,5.1,12.62,72.0,40.2,Warning
VH-00843,94.3,46.4,9.1,13.09,86.0,31.2,Normal
VH-06221,92.5,47.0,9.7,13.07,42.0,29.7,Critical
VH-03056,91.5,41.0,11.9,13.94,181.0,34.9,Normal
VH-02375,75.5,45.1,8.8,11.79,139.0,30.4,Warning
VH-04069,77.3,57.2,9.1,12.8,154.0,33.8,Normal
VH-02032,100.3,44.4,3.0,11.99,184.0,33.1,Warning
VH-00967,89.1,37.6,11.5,13.31,135.0,,Normal
VH-07331,115.0,42.2,11.6,13.11,121.0,32.1,Warning
VH-07118,92.1,43.4,9.1,12.61,27.0,31.1,Normal
VH-00972,96.8,39.4,2.5,,49.0,30.9,Critical
VH-01896,82.6,39.0,10.6,12.46,135.0,32.0,Normal
VH-06331,96.3,45.6,11.6,12.66,53.0,36.2,Normal
VH-04342,94.4,46.4,8.6,11.77,27.0,27.3,Warning
VH-02704,96.7,49.0,6.9,12.39,51.0,35.8,Normal
VH-06299,90.5,42.5,8.6,12.0,153.0,31.3,Normal
VH-04504,89.4,39.5,8.2,12.28,177.0,39.4,Normal
VH-06747,100.3,31.8,9.3,12.33,151.0,33.1,Normal
VH-03374,94.9,37.1,5.3,12.56,187.0,30.9,Normal
VH-07873,90.5,48.2,6.1,12.62,66.0,38.5,Critical
VH-06427,85.9,34.1,5.1,12.52,86.0,30.1,Normal
VH-05018,85.5,40.7,9.8,12.71,176.0,32.2,Normal
VH-07501,77.6,48.0,8.0,12.1,65.0,29.3,Normal
VH-07080,104.8,32.9,11.3,12.52,139.0,31.7,Normal
VH-05601,105.7,48.8,11.7,11.95,76.0,27.8,Warning
VH-02951,101.0,38.1,8.5,12.56,159.0,36.1,Normal
VH-01345,113.5,38.8,6.7,12.0,138.0,,Warning
VH-07238,109.7,30.8,9.2,11.97,107.0,28.6,WARNING
VH-00975,86.7,53.2,8.0,12.85,24.0,32.1,Normal
VH-06873,93.9,32.1,7.2,12.37,175.0,38.5,Normal
VH-05741,104.1,45.4,3.9,11.87,109.0,30.6,Warning
VH-05775,97.5,58.6,11.9,12.49,83.0,27.3,Warning
VH-00509,98.7,37.5,7.3,13.16,5.0,33.6,Normal
VH-00122,96.8,35.7,8.1,12.17,69.0,31.3,Normal
VH-07243,76.3,45.0,4.7,12.59,81.0,30.1,Normal
VH-05630,79.0,34.1,11.6,12.08,20.0,30.1,Normal
VH-07309,92.8,34.6,7.8,12.77,99.0,33.2,Normal
VH-01710,90.4,26.5,5.8,11.95,120.0,32.3,Warning
VH-06561,81.1,30.0,7.6,12.42,72.0,28.3,Normal
VH-02100,97.1,32.8,11.2,13.38,62.0,35.9,Normal
VH-00869,94.6,35.9,3.2,12.67,61.0,29.2,Warning
VH-07321,86.0,44.5,4.8,12.43,21.0,27.6,Warning
VH-01030,104.5,40.4,2.2,12.79,29.0,32.2,Critical
VH-03463,84.0,27.6,9.2,12.84,98.0,31.5,Normal
VH-04852,111.3,41.0,9.6,12.46,153.0,34.6,Warning
VH-01998,90.8,49.0,4.3,12.58,189.0,33.2,Normal
VH-03590,94.6,,7.2,12.79,25.0,33.9,Normal
VH-01156,95.0,40.9,3.6,,7.0,32.4,Warning
VH-03156,116.4,30.4,2.8,12.21,11.0,31.1,Normal
VH-06211,104.7,31.3,4.5,13.41,127.0,33.6,Normal
VH-07031,108.4,33.8,11.5,,110.0,36.7,Warning
VH-04428,93.5,49.6,3.2,12.59,8.0,33.4,Warning
VH-05688,99.8,47.8,3.2,12.74,25.0,36.6,Warning
VH-06480,93.3,50.8,10.1,12.27,189.0,36.5,Normal
VH-01575,84.9,45.4,5.1,12.57,138.0,29.6,Normal
VH-07583,80.7,34.4,10.8,12.54,157.0,30.0,Normal
VH-00061,92.3,32.4,3.0,12.94,123.0,31.8,Warning
VH-00472,92.7,42.4,6.8,13.2,15.0,37.1,Normal
VH-04997,101.2,38.3,5.1,13.05,173.0,34.2,Normal
VH-03454,106.7,49.7,8.3,12.09,23.0,30.3,Normal
VH-00865,101.6,39.8,5.4,13.34,187.0,36.9,Normal
VH-03583,94.5,54.0,9.1,12.56,149.0,30.0, normal 
VH-01698,81.1,39.5,8.3,12.62,94.0,32.2,Normal
VH-05425,90.0,,3.9,12.13,77.0,29.8,Warning
VH-03614,80.2,43.4,7.9,12.39,151.0,38.6,Normal
VH-05438,97.6,42.9,11.4,12.95,102.0,34.8,Normal
VH-04837,86.9,40.0,3.3,12.7,179.0,30.4,Warning
VH-07821,103.0,30.4,7.5,13.02,168.0,32.4,Normal
VH-03388,82.6,47.8,9.0,,129.0,28.5,critical
VH-07610,94.3,31.6,3.7,,148.0,32.9,Warning
VH-02180,112.0,36.0,8.8,13.54,47.0,34.6,WARNING
VH-04743,94.4,32.8,3.5,12.54,117.0,36.8,Warning
VH-03281,101.1,36.9,9.3,12.43,182.0,,Normal
VH-06713,88.7,26.0,2.2,12.3,186.0,31.1,Critical
VH-01628,98.0,49.6,10.3,12.91,49.0,35.9,Normal
VH-05488,87.1,42.6,5.4,11.92,103.0,27.6,Warning
VH-02438,103.0,,9.9,12.22,30.0,28.8,Normal
VH-01149,103.2,42.0,5.0,13.29,53.0,30.6,Normal
VH-01160,85.5,34.1,6.0,12.85,90.0,30.2,Normal
VH-07460,97.8,35.0,6.3,12.61,41.0,26.8,WARNING
VH-00256,98.5,44.6,11.6,,64.0,30.7,Normal
VH-02598,79.7,43.5,7.3,12.72,139.0,29.8,Normal
VH-04729,92.4,35.3,7.3,12.32,148.0,29.0,Normal
VH-06433,107.3,33.7,7.6,12.25,114.0,32.0,Normal
VH-07270,99.5,30.6,6.3,12.95,126.0,29.5,Normal
VH-04873,85.4,42.2,10.0,11.98,61.0,39.7,Warning
VH-01105,100.6,43.4,3.1,12.44,88.0,27.0,Warning
VH-06197,99.4,43.2,2.8,13.65,67.0,35.0,Warning
VH-06755,98.9,29.9,8.6,11.93,42.0,35.1,Warning
VH-03407,108.4,31.5,7.4,11.64,155.0,34.8,Warning
VH-00557,86.7,47.3,10.7,12.64,10.0,36.1,Normal
VH-01850,89.9,,6.6,12.95,115.0,29.6,Normal
VH-06081,77.4,32.1,9.0,13.16,6.0,27.1,Warning
VH-02088,90.0,25.9,5.7,12.49,10.0,35.2,Normal
VH-02899,101.5,33.8,7.9,12.44,79.0,29.9, normal 
VH-03220,106.4,37.4,5.4,12.99,93.0,36.8,Normal
VH-00261,92.9,42.0,2.9,12.58,54.0,33.7,Warning
VH-06826,79.2,35.1,5.1,12.43,91.0,32.5, normal 
VH-06227,102.2,50.3,7.8,12.36,68.0,29.3,Normal
VH-07272,83.3,55.1,7.4,12.53,121.0,32.0,Normal
VH-00627,105.9,30.5,8.2,12.25,137.0,34.8,Normal
VH-01889,99.3,34.0,11.4,12.63,69.0,29.5,Normal
VH-03042,87.9,47.7,9.6,,63.0,32.0,Normal
VH-04305,95.0,53.6,11.3,12.01,41.0,40.9,Warning
VH-02078,77.8,43.1,9.6,12.38,144.0,30.6,Normal
VH-03585,111.3,45.1,9.1,12.4,74.0,36.6,Warning
VH-05453,86.8,39.0,2.2,12.4,38.0,36.2,Critical
VH-06328,103.1,40.4,9.1,13.14,183.0,33.6,Normal
VH-04304,95.1,41.1,6.1,11.77,70.0,29.6,Warning
VH-05244,103.4,35.8,9.4,12.52,114.0,32.5,Critical
VH-06009,98.3,36.6,8.7,12.28,41.0,32.3,Normal
VH-01606,99.1,48.9,5.1,11.96,166.0,33.1,Warning
VH-01020,97.7,43.3,4.4,12.56,150.0,36.4,Normal
VH-00608,81.5,37.2,3.3,12.36,97.0,36.8,Warning
VH-01403,91.1,45.2,11.4,12.78,182.0,29.0,Normal
VH-06706,91.1,45.5,5.6,11.13,30.0,32.5,Critical
VH-03254,92.0,42.6,5.1,13.19,21.0,32.5,Normal
VH-02096,102.0,48.5,3.5,12.43,165.0,30.9,Warning
VH-00209,92.3,50.2,3.3,13.11,134.0,34.1,Warning
VH-03798,101.7,37.6,8.8,12.48,161.0,30.1,Normal
VH-03539,88.5,51.9,2.9,12.48,46.0,31.5,Warning
VH-00153,91.1,48.8,5.1,12.5,119.0,35.2,Normal
VH-05869,111.1,,9.6,12.65,116.0,34.0,Warning
VH-01590,83.9,34.7,9.6,11.65,21.0,32.6,Warning
VH-02442,87.2,26.2,9.2,12.57,120.0,32.4,Normal
VH-01147,91.9,32.5,11.5,12.83,41.0,34.0, normal 
VH-03427,99.2,45.6,11.2,13.42,185.0,36.3,Normal
VH-01967,94.3,37.9,8.0,13.45,193.0,32.8,Normal
VH-03206,98.8,28.6,6.8,12.02,175.0,33.0,Normal
VH-06412,87.0,46.7,5.5,11.81,118.0,36.5,WARNING
VH-02433,95.8,34.6,7.9,12.29,190.0,32.8,Normal
VH-01633,94.9,40.0,7.9,11.86,197.0,34.3,Warning
VH-03292,91.0,30.4,2.7,13.37,104.0,30.9,Warning
VH-06185,83.4,52.7,2.0,13.58,14.0,29.8,Critical
VH-00597,101.5,44.3,6.1,12.48,86.0,31.8,Normal
VH-03137,103.5,,4.7,12.26,38.0,31.7,Normal
VH-06027,89.8,46.1,8.1,12.28,14.0,30.4,Normal
VH-01656,98.1,36.3,7.1,12.29,80.0,32.3,Normal
VH-04776,88.2,35.2,7.4,12.25,57.0,35.8,Normal
VH-06957,100.0,30.8,8.9,12.86,143.0,36.2,Normal
VH-06379,94.5,25.2,4.5,12.85,26.0,30.2,Normal
VH-03297,94.5,33.7,8.4,13.14,73.0,32.1,Normal
VH-01565,89.9,37.9,9.7,12.01,184.0,37.2,Normal
VH-06246,88.2,31.7,10.2,,129.0,36.2,Normal
VH-05424,100.7,,10.0,12.94,28.0,32.0,Normal
VH-06183,92.0,42.7,6.4,12.31,95.0,34.3,Normal
VH-07588,85.5,,8.1,12.42,112.0,37.3,Normal
VH-01518,92.5,40.8,9.3,12.73,120.0,, normal 
VH-06383,85.6,42.3,8.8,12.71,124.0,34.7,Normal
VH-06831,96.6,38.8,2.4,12.84,155.0,30.9,Critical
VH-04317,90.7,967.7598801917743,10.7,13.01,49.0,33.2,Normal
VH-00225,96.8,36.6,8.2,12.44,120.0,31.6,Normal
VH-05303,104.5,46.0,4.5,13.11,93.0,32.7,Normal
VH-07202,99.3,26.9,4.1,12.45,21.0,39.0,Normal
VH-02517,106.5,42.4,2.8,12.22,146.0,32.1,Warning
VH-06816,90.7,43.3,10.2,12.33,151.0,37.5,Normal
VH-02393,97.5,34.4,9.0,12.44,119.0,30.5,Normal
VH-01760,85.6,48.3,5.4,12.49,37.0,41.2,Warning
VH-01360,92.0,37.2,4.5,12.99,119.0,36.9,Normal
VH-03304,119.7,30.0,2.1,11.74,170.0,36.4,Critical
VH-02324,75.9,48.7,3.6,12.74,82.0,30.7,Warning
VH-06552,92.9,40.8,6.2,12.35,190.0,31.3,Normal
VH-07016,106.8,48.1,11.0,12.71,42.0,34.4,Normal
VH-05588,93.5,33.8,6.0,12.99,194.0,,Normal
VH-03558,99.6,40.1,7.7,12.45,106.0,34.1,Normal
VH-06940,88.4,27.2,7.3,12.99,78.0,31.7,Normal
VH-01833,98.3,38.5,2.5,12.28,34.0,,Warning
VH-03661,98.2,34.2,10.4,,18.0,30.5,Normal
VH-02009,100.0,46.2,3.0,12.48,65.0,30.0,Warning
VH-03657,110.3,41.6,4.9,13.14,159.0,30.1,Warning
VH-04301,103.8,57.5,8.7,12.21,139.0,28.7,Normal
VH-05123,94.3,37.6,9.7,12.89,99.0,33.3,Normal
VH-04187,92.1,31.8,3.3,13.4,28.0,38.5,Warning
VH-07365,95.6,45.1,4.7,12.63,32.0,39.1,Normal
VH-05142,91.1,45.7,5.4,13.64,138.0,30.6,Normal
VH-03857,95.1,40.9,6.8,12.57,149.0,38.7,Normal
VH-00693,77.0,36.4,6.9,12.62,61.0,34.1,Normal
VH-07207,101.1,40.0,11.4,13.24,12.0,28.7,Normal
VH-06743,106.8,30.7,9.2,11.38,108.0,37.4,Warning
VH-07152,104.7,44.9,8.9,13.15,94.0,28.5,Normal
VH-02612,90.2,50.7,9.7,11.92,173.0,28.5,Warning
VH-01186,92.5,44.5,6.1,12.79,125.0,34.9,Normal
VH-01369,102.7,50.2,11.3,12.36,159.0,31.5,Normal
VH-01907,96.2,49.9,9.3,13.26,80.0,33.8,Normal
VH-04088,91.5,29.9,5.2,13.11,184.0,35.2,Normal
VH-02477,96.7,53.3,6.0,11.72,183.0,33.8,Warning
VH-00016,98.0,44.7,6.8,12.61,14.0,33.4,Normal
VH-02514,96.0,27.4,4.2,12.83,191.0,30.9,Critical
VH-07480,102.7,41.2,4.1,12.59,150.0,36.3,Normal
VH-02205,92.6,33.6,3.5,13.39,182.0,31.2,Warning
VH-03595,114.9,31.2,7.7,12.88,52.0,34.5,Warning
VH-01486,102.0,32.4,6.8,13.14,194.0,31.7, normal 
VH-01676,102.9,,4.6,13.24,60.0,, normal 
VH-05280,82.8,35.6,3.4,13.03,28.0,32.6,Warning
VH-02353,96.6,35.7,6.1,12.34,24.0,32.2,Normal
VH-00656,88.0,31.0,2.2,12.64,36.0,40.1,Critical
VH-01571,93.2,24.3,6.3,12.64,100.0,33.8,Warning
VH-01737,93.5,36.0,7.6,13.33,150.0,34.4,Normal
VH-05515,91.8,22.1,8.4,12.87,137.0,35.6,Warning
VH-03855,80.0,40.1,2.6,12.73,102.0,29.7,Warning
VH-04495,84.0,41.3,5.6,12.01,63.0,33.0,Normal
VH-02846,90.5,28.1,8.2,12.35,69.0,33.7,Normal
VH-02980,94.3,45.0,8.8,12.41,143.0,31.2,Normal
VH-00618,90.1,40.5,3.6,12.31,111.0,33.6,Warning
VH-04604,94.1,37.3,9.8,12.95,70.0,31.7,Normal
VH-06223,101.1,51.1,6.7,12.65,14.0,34.5, normal 
VH-02847,-42.06131833857643,42.5,9.1,,175.0,31.4,Normal
VH-07771,90.7,19.8,8.0,12.58,31.0,28.4,Warning
VH-07129,90.7,36.5,4.3,13.02,102.0,36.6,Normal
VH-00867,91.7,47.1,8.2,12.89,161.0,34.7,Normal
VH-02507,97.9,48.7,9.0,13.11,152.0,34.7, normal 
VH-04982,81.3,52.4,8.4,12.93,54.0,37.8,Normal
VH-02110,98.1,58.4,3.2,12.79,125.0,40.4,Warning
VH-04695,97.9,41.0,11.8,12.48,50.0,32.8,Normal
VH-06837,90.8,36.8,3.7,12.57,34.0,29.7,Warning
VH-00457,88.2,35.5,9.8,13.17,176.0,,Normal
VH-06790,101.0,38.1,10.6,12.7,193.0,31.4,Normal
VH-05213,91.5,41.7,7.9,12.35,27.0,35.4,Normal
VH-04966,91.7,46.8,2.7,12.77,140.0,29.1,Warning
VH-00790,89.0,27.5,2.8,12.51,195.0,28.4,Warning
VH-06911,90.3,33.7,3.6,12.36,45.0,28.5,Warning
VH-03607,106.7,31.3,9.4,11.78,26.0,30.1,Warning
VH-03822,94.5,28.6,6.0,13.11,168.0,32.1,Normal
VH-02260,76.0,28.8,4.3,12.16,11.0,37.6,Normal
VH-07427,92.4,52.4,7.9,12.77,100.0,39.0,Normal
VH-02808,97.2,33.9,7.3,13.02,181.0,32.7,Normal
VH-05050,98.4,26.7,9.8,13.12,54.0,30.7,Normal
VH-03518,95.1,43.3,6.3,,13.0,33.3,Warning
VH-04746,101.0,39.0,11.7,12.9,151.0,34.6,Normal
VH-00733,93.5,38.8,5.3,13.09,101.0,30.0,Normal
VH-07885,83.2,41.5,11.9,12.58,93.0,31.9,Normal
VH-04475,99.1,38.6,4.8,12.25,117.0,34.1,Normal
VH-06708,101.4,32.6,8.5,12.71,199.0,31.0,Normal
VH-03958,90.0,62.9,6.9,12.74,66.0,33.6,Normal
VH-02133,97.6,30.8,3.3,12.85,11.0,31.6,WARNING
VH-05052,103.8,31.2,10.7,13.02,40.0,32.7,Critical
VH-04267,97.7,32.8,5.3,13.34,187.0,36.4,Normal
VH-01944,92.0,42.3,8.9,12.96,34.0,32.9,Normal
VH-02279,79.1,48.4,4.8,12.33,23.0,36.6,Normal
VH-00659,92.4,45.5,8.9,13.13,198.0,31.8,Normal
VH-02430,82.8,48.4,7.2,12.25,116.0,41.0,Warning
VH-03751,89.9,41.1,2.7,13.11,45.0,32.4,Warning
VH-02528,103.7,40.8,2.8,12.53,90.0,33.5,Warning
VH-06216,94.9,37.4,4.3,13.17,102.0,35.3,Normal
VH-05190,95.9,,6.7,12.34,141.0,31.8,Normal
VH-07338,91.1,20.4,4.1,12.42,70.0,31.5,Warning
VH-07075,76.8,41.9,9.5,11.8,180.0,30.9,WARNING
VH-06315,110.6,52.9,2.7,11.96,66.0,37.2,Normal
VH-00642,111.4,35.3,9.5,12.63,41.0,33.1,Warning
VH-00168,93.7,29.1,5.6,12.11,176.0,32.7,Normal
VH-01517,105.5,40.8,9.5,13.01,83.0,26.0,Warning
VH-01800,94.7,39.9,5.9,12.75,70.0,31.0,Normal
VH-06218,102.2,42.0,2.9,12.77,157.0,27.3,Warning
VH-03394,99.7,41.8,11.0,12.31,111.0,32.1,Normal
VH-01917,103.2,42.1,4.8,12.91,40.0,29.6,Normal
VH-00272,94.2,62.0,3.2,13.13,60.0,33.8,Warning
VH-05311,86.7,39.9,3.9,12.33,138.0,32.7,Warning
VH-02468,100.3,39.2,3.4,12.62,157.0,32.1,Warning
VH-05214,99.3,52.6,11.3,12.43,185.0,32.4,Normal
VH-07807,98.1,25.9,11.2,12.19,94.0,27.6,Warning
VH-07675,84.7,46.0,2.1,12.34,119.0,37.1,Critical
VH-01066,86.4,47.2,3.0,13.02,150.0,38.5,Warning
VH-06200,106.9,33.8,8.4,12.49,181.0,35.9,Normal
VH-00494,92.5,36.7,11.0,13.27,157.0,33.2,Normal
VH-04911,99.0,38.0,7.9,12.58,143.0,34.5, normal 
VH-06788,83.4,52.8,4.3,13.05,148.0,28.5,Normal
VH-01912,99.4,42.0,9.4,12.91,189.0,30.8,Normal
VH-03646,106.4,40.2,5.3,11.92,56.0,37.5,Warning
VH-00038,88.4,42.2,4.3,12.76,70.0,30.2,Normal
VH-00306,92.3,28.7,11.4,13.27,180.0,33.3,Normal
VH-03740,82.3,52.6,4.6,12.9,144.0,,Normal
VH-04102,88.8,29.5,10.3,12.88,190.0,37.2,Normal
VH-03152,98.3,35.9,10.8,13.57,183.0,29.8,Normal
VH-06552,92.9,40.8,6.2,12.35,190.0,31.3,Normal
VH-02829,115.0,35.3,5.5,12.71,28.0,,Warning
VH-00781,94.4,43.5,5.7,12.9,104.0,29.3,Normal
VH-05286,87.4,40.7,6.9,,173.0,32.8,Normal
VH-00534,82.5,40.8,4.7,11.62,85.0,33.9,Warning
VH-00583,86.4,30.5,2.4,12.26,46.0,35.6,Critical
VH-07234,98.0,41.2,2.8,12.26,31.0,27.9,Warning
VH-04143,92.0,46.2,7.1,12.3,100.0,32.3,Normal
VH-04418,97.9,,11.1,12.29,98.0,34.8,Normal
VH-03796,81.7,50.2,6.8,12.39,49.0,33.6,Normal
VH-07774,94.3,,9.2,12.13,74.0,33.3,Normal
VH-07964,106.4,31.2,7.6,13.19,10.0,34.4,Normal
VH-02861,100.1,41.1,4.0,12.39,140.0,30.9,Normal
VH-00316,95.5,43.8,7.4,13.01,161.0,36.6,Normal
VH-02197,95.1,35.3,5.3,12.67,94.0,33.4,Normal
VH-06510,89.8,39.5,10.0,12.52,11.0,36.1,Normal
VH-02564,104.1,21.4,2.1,13.15,120.0,37.7,Critical
VH-07326,100.4,49.2,6.9,12.18,131.0,31.6,Normal
VH-07769,94.5,43.1,2.6,12.8,165.0,37.4,Warning
VH-01794,80.2,39.4,7.6,12.38,145.0,34.7,Normal
VH-06677,91.8,41.1,9.8,12.23,92.0,31.6,Normal
VH-07551,100.5,39.8,7.6,12.82,168.0,29.4,Normal
VH-06898,86.7,31.9,8.8,12.61,159.0,32.3,Normal
VH-00271,97.5,43.7,8.7,12.31,120.0,33.1,Normal
VH-00548,100.7,40.8,7.9,12.05,137.0,35.1,Normal
VH-01692,83.9,45.0,3.6,11.96,123.0,32.7,Warning
VH-05815,91.7,32.6,2.3,12.68,6.0,33.5,Critical
VH-03525,107.5,48.7,2.4,13.04,45.0,35.1,Critical
VH-03012,91.6,33.1,10.5,12.93,79.0,29.8, normal 
VH-07785,112.2,43.5,12.0,12.2,130.0,29.0,WARNING
VH-07804,84.1,31.8,10.7,12.16,11.0,,Normal
VH-02390,79.3,47.3,2.6,,112.0,29.9,Warning
VH-03876,86.0,27.7,5.4,12.73,57.0,26.5,WARNING
VH-04694,94.0,35.4,4.6,11.75,90.0,34.0,Warning
VH-05785,109.2,835.7135992942266,3.8,12.21,198.0,35.1,critical
VH-00894,92.5,44.7,8.8,12.94,136.0,32.0,Normal
VH-05663,97.3,40.7,11.5,12.76,18.0,35.7,Normal
VH-05871,114.6,41.4,8.6,12.19,87.0,31.8,Warning
VH-04666,105.4,35.9,2.9,12.46,121.0,35.2,Warning
VH-01999,112.7,38.5,4.2,13.1,169.0,38.2,Warning
VH-02122,88.5,33.6,9.6,13.19,158.0,37.5,Normal
VH-04157,105.7,34.1,3.0,12.33,53.0,32.4,Warning
VH-01247,80.5,38.7,9.5,12.54,122.0,32.0,Normal
VH-04487,86.6,29.9,6.7,12.84,40.0,36.6,Normal
VH-01259,91.1,,2.9,12.24,21.0,38.4,Warning
VH-00809,96.7,43.9,8.5,12.17,111.0,31.2,Normal
VH-06388,90.7,28.9,2.1,13.28,69.0,36.9,Critical
VH-01049,98.5,34.1,8.2,12.25,134.0,31.6,Normal
VH-01878,106.4,32.8,11.9,,113.0,33.4,Normal
VH-02879,98.2,30.6,9.4,12.28,23.0,33.1,Normal
VH-00107,92.3,48.2,10.4,13.04,166.0,29.5,Normal
VH-06249,96.9,25.7,6.5,13.08,51.0,30.2,Normal
VH-00673,84.5,49.0,5.0,13.08,30.0,33.3,Normal
VH-06786,80.9,57.7,10.4,11.22,6.0,32.2,Critical
VH-07254,95.8,40.3,11.8,12.88,31.0,31.0,Normal
VH-04761,117.9,34.1,7.3,12.7,72.0,33.7,Warning
VH-04605,96.5,41.4,10.3,12.09,134.0,31.2,Normal
VH-06275,94.0,44.2,5.9,13.04,81.0,43.3,Warning
VH-06976,99.5,42.3,2.4,12.52,133.0,37.8,Critical
VH-05736,98.6,30.0,9.9,13.1,132.0,39.6,Normal
VH-06588,89.8,,8.8,12.51,58.0,32.8,Normal
VH-05455,99.6,38.5,4.3,12.46,120.0,30.3,Normal
VH-01532,102.9,31.8,6.2,13.71,168.0,33.6, normal 
VH-04962,97.0,42.4,2.3,11.81,46.0,33.3,Critical
VH-01855,89.5,37.2,11.3,12.42,160.0,32.6,Normal
VH-05832,96.6,54.6,4.8,13.21,119.0,,Normal
VH-00211,84.4,,8.3,12.89,44.0,33.4,Normal
VH-03147,94.1,40.8,2.3,,20.0,32.9,Critical
VH-05156,89.8,48.8,7.3,11.6,17.0,33.6,Warning
VH-02256,97.7,38.7,3.9,11.98,187.0,29.2,Warning
VH-02105,90.9,24.8,11.1,12.81,106.0,29.6,WARNING
VH-03268,92.5,21.7,10.9,12.54,199.0,33.2,Warning
VH-07750,89.5,46.6,4.4,13.68,55.0,31.7,Normal
VH-01973,108.6,22.9,11.9,12.29,35.0,39.2,WARNING
VH-04685,89.3,27.3,9.6,12.85,191.0,34.0,Normal
VH-07931,81.9,39.7,5.1,12.89,77.0,30.9,Normal
VH-01501,90.0,34.0,3.7,12.7,186.0,25.7,Warning
VH-04182,83.7,44.7,2.3,12.63,165.0,34.8,Critical
VH-00646,99.9,39.0,9.3,13.37,123.0,38.2,Normal
VH-03633,94.0,41.4,5.5,12.56,26.0,34.4, normal 
VH-00771,105.9,47.7,9.2,13.33,189.0,33.7,Normal
VH-00703,94.5,49.6,5.1,13.27,20.0,40.3,Warning
VH-03587,96.6,33.7,3.8,12.42,112.0,30.1,Warning
VH-01249,82.5,65.0,7.0,12.31,12.0,34.4,Normal
VH-04804,91.3,33.5,10.1,13.23,143.0,,Normal
VH-02472,97.6,49.2,3.3,12.73,74.0,31.8,Warning
VH-07242,98.4,38.0,9.7,12.35,170.0,32.5,Normal
VH-07637,100.3,36.3,7.1,13.09,179.0,32.5,Normal
VH-06682,83.9,42.0,11.8,13.38,178.0,24.4,Warning
VH-01860,100.2,41.2,4.1,12.48,50.0,32.6,Normal
VH-07722,99.4,32.7,9.9,12.26,127.0,36.6,Normal
VH-06224,95.2,23.7,6.5,13.3,112.0,30.5,Warning
VH-00709,100.2,35.7,10.6,12.94,69.0,38.7,Normal
VH-02672,91.3,29.8,9.0,12.64,126.0,34.5,Normal
VH-04514,95.7,38.3,10.7,13.05,62.0,33.4,Normal
VH-01461,89.2,42.1,9.5,13.2,27.0,36.9,Normal
VH-01484,101.2,36.6,11.3,11.59,15.0,28.4,Warning
VH-02545,91.1,32.0,4.6,12.23,118.0,32.6,Normal
VH-00230,83.3,43.6,8.6,,187.0,33.7,Normal
VH-01356,92.0,37.4,6.0,12.56,135.0,33.5,Normal
VH-03011,92.2,47.8,7.5,13.22,112.0,35.7,Normal
VH-00851,91.1,43.7,10.2,,25.0,31.2,Warning
VH-01004,95.0,49.5,10.5,13.01,25.0,34.4,Normal
VH-01996,97.4,39.5,10.3,12.26,160.0,31.7,Normal
VH-01834,99.6,36.6,5.6,12.59,49.0,39.0,Normal
VH-03973,108.6,48.8,3.2,13.08,162.0,33.3,Warning
VH-07756,99.2,33.0,8.6,12.64,24.0,,Normal
VH-04532,109.4,,11.1,12.0,186.0,32.3,Warning
VH-01316,93.4,35.8,9.2,13.09,20.0,29.4,Normal
VH-03327,95.5,35.9,6.6,12.96,7.0,28.1,Normal
VH-01623,104.4,43.8,11.2,13.44,6.0,36.0,Normal
VH-01480,98.6,37.9,8.0,12.37,84.0,30.4,Normal
VH-03833,88.8,39.2,9.8,12.93,78.0,29.6,Normal
VH-05744,99.2,54.8,3.3,12.52,147.0,36.5,Critical
VH-05099,86.8,39.7,11.2,12.67,104.0,32.3, normal 
VH-01278,97.9,26.5,6.8,12.55,138.0,36.1,Normal
VH-03080,91.3,43.7,2.7,12.71,171.0,29.2,Warning
VH-01823,100.2,40.7,8.7,13.16,51.0,29.7,Normal
VH-01053,114.6,43.7,5.5,12.94,109.0,34.5,Critical
VH-04145,80.3,48.4,7.2,13.29,79.0,34.6,Warning
VH-05932,93.0,47.9,12.0,13.0,168.0,31.4,Normal
VH-00475,92.3,,2.6,,170.0,31.1,Warning
VH-06448,91.4,51.3,10.8,13.13,148.0,28.4,Normal
VH-02282,103.8,35.3,2.2,12.32,47.0,28.9,Critical
VH-03711,100.3,28.3,8.8,12.41,152.0,34.9,Normal
VH-03146,101.7,29.0,7.7,11.9,190.0,33.2,Normal
VH-05642,100.5,38.6,6.9,13.69,20.0,34.2,Normal
VH-00335,85.3,39.3,10.8,12.87,107.0,30.1, normal 
VH-02617,102.4,32.6,2.9,13.47,160.0,31.7,Warning
VH-03662,91.6,36.8,2.4,12.01,186.0,36.8,Critical
VH-00088,98.8,43.7,10.2,13.41,118.0,37.8,Normal
VH-00874,79.9,39.0,4.8,12.18,192.0,31.5,Normal
VH-07603,94.9,49.9,5.6,12.47,76.0,37.6,Normal
VH-00543,93.6,47.6,9.9,13.32,90.0,34.3,Normal
VH-05337,102.1,25.5,7.4,12.86,73.0,30.7,Normal
VH-03000,105.0,40.7,6.5,12.19,34.0,35.3,Normal
VH-02760,89.4,44.4,8.4,13.07,159.0,34.5,Normal
VH-01559,93.8,19.0,2.9,12.52,72.0,,Warning
VH-01880,100.8,56.5,5.8,12.63,45.0,26.1,Warning
VH-07974,107.6,40.0,9.1,12.68,112.0,31.6,Normal
VH-00926,93.6,40.0,11.7,12.54,64.0,30.9,Normal
VH-06365,92.2,28.7,7.3,12.44,125.0,34.2,Normal
VH-00319,85.6,44.2,6.6,12.86,86.0,36.7,critical
VH-04615,108.3,,7.5,13.15,14.0,29.2,Warning
VH-06030,97.8,46.2,7.3,11.95,146.0,31.6,Warning
VH-00878,94.2,36.3,6.7,12.31,159.0,35.6,Normal
VH-06773,92.9,31.4,5.6,11.9,27.0,36.5,Warning
VH-03994,99.8,36.6,2.3,13.96,108.0,31.5,Critical
VH-04921,101.6,15.8,10.5,13.51,52.0,28.5,Critical
VH-03246,88.2,45.5,8.9,12.77,40.0,36.6,Normal
VH-05386,85.0,35.2,6.4,13.79,125.0,37.3,Normal
VH-03078,84.9,42.7,9.8,12.8,24.0,36.2,Normal
VH-03761,101.1,33.6,9.3,12.87,133.0,32.3,Normal
VH-04730,93.8,37.7,6.8,11.91,51.0,34.5,Normal
VH-07924,92.2,38.9,2.6,12.67,10.0,26.5,Warning
VH-04234,104.8,35.9,11.7,12.44,58.0,31.4,Normal
VH-04259,92.0,37.0,11.4,12.85,82.0,35.2,Normal
VH-01618,97.6,28.9,10.6,12.43,59.0,28.0,Warning
VH-03726,96.8,37.5,3.5,12.02,186.0,27.5,Warning
VH-07893,90.2,55.8,5.2,12.47,109.0,34.0,Normal
VH-05887,110.8,12.4,9.6,12.36,13.0,26.8,Critical
VH-01045,88.1,38.5,3.5,12.52,112.0,31.7,Warning
VH-05056,92.8,41.8,7.2,12.05,9.0,31.6,Normal
VH-06975,80.1,37.2,11.1,12.82,135.0,30.0,Normal
VH-01750,88.8,37.9,2.8,12.65,6.0,34.6,Warning
VH-05151,94.3,52.6,4.0,13.0,157.0,,Warning
VH-03878,84.6,37.4,9.1,12.56,40.0,38.4,Normal
VH-05864,90.1,40.5,4.6,,146.0,34.2,Normal
VH-05600,108.5,33.9,2.2,13.37,128.0,32.8,Critical
VH-03917,89.8,39.3,2.3,12.28,104.0,38.0,Critical
VH-05189,86.6,47.2,12.0,12.37,159.0,29.7, normal 
VH-01043,95.8,35.9,7.0,12.58,14.0,34.2,Normal
VH-03010,113.9,43.3,7.4,12.63,190.0,34.2,Warning
VH-05155,88.0,45.3,5.9,12.28,194.0,28.9,Normal
VH-06777,94.2,47.7,5.4,12.55,160.0,34.6,Normal
VH-03290,93.3,55.2,4.1,12.3,7.0,32.1,Normal
VH-07740,90.2,35.5,2.4,12.42,77.0,37.2,Critical
VH-04751,97.0,45.6,10.0,11.76,145.0,30.6,Warning
VH-02064,92.5,32.8,5.1,12.36,39.0,33.1,Normal
VH-02964,95.2,52.7,2.4,13.17,188.0,31.7,Critical
VH-00641,100.6,53.9,5.5,12.62,117.0,36.0,Normal
VH-00137,101.7,45.4,7.7,13.08,32.0,28.9,Normal
VH-00880,96.8,36.0,8.5,13.14,28.0,32.5,Normal
VH-01976,79.9,39.0,5.5,12.54,79.0,33.3,Normal
VH-01581,93.8,31.4,11.2,12.88,6.0,40.7,Warning
VH-04793,94.2,39.2,9.6,12.48,198.0,33.9,Normal
VH-01097,99.0,48.6,9.4,12.93,89.0,32.3,Normal
VH-07055,80.6,45.3,8.2,12.58,64.0,32.9,Normal
VH-07584,103.9,36.9,3.4,12.59,168.0,29.6,Warning
VH-06549,87.3,55.6,4.0,11.71,199.0,35.9,Warning
VH-06592,101.3,,11.0,12.38,92.0,33.0,Normal
VH-01392,90.7,27.7,4.2,12.63,87.0,29.1,Normal
VH-02083,96.3,41.1,11.4,12.87,182.0,33.8,Normal
VH-01266,88.3,23.8,2.6,12.7,139.0,34.2,Warning
VH-06471,97.0,51.4,5.7,13.04,177.0,30.0,Normal
VH-06461,102.8,42.0,6.2,13.24,98.0,29.8,Critical
VH-04231,100.6,47.9,7.4,12.33,22.0,27.3,Warning
VH-05265,94.2,30.8,8.3,12.58,199.0,24.8,Warning
VH-02574,94.4,28.1,7.5,12.88,50.0,30.8,Normal
VH-02135,92.2,43.5,8.3,13.46,176.0,34.6,Normal
VH-01503,97.6,54.6,11.5,12.74,27.0,35.0,Normal
VH-05458,100.0,,9.2,12.36,197.0,30.4,Normal
VH-07258,106.1,33.9,7.8,13.13,163.0,29.5,Normal
VH-03367,92.7,39.4,9.7,12.77,38.0,38.3,Normal
VH-03729,97.0,52.1,11.6,11.79,163.0,34.7,Warning
VH-00148,103.5,43.6,7.0,11.86,143.0,26.9,Warning
VH-00303,92.4,42.5,3.8,12.7,124.0,,Normal
VH-05113,101.4,27.6,5.5,11.98,71.0,31.7,Warning
VH-01924,94.6,47.0,11.7,12.57,111.0,25.4,Warning
VH-05148,95.0,35.1,5.1,,192.0,30.6,Warning
VH-07754,97.5,30.0,7.5,12.26,20.0,32.6, normal 
VH-06509,98.2,36.5,3.6,12.43,18.0,31.6,Warning
VH-02637,93.3,54.2,8.6,13.16,123.0,33.1,Normal
VH-07677,90.0,47.3,8.0,12.24,11.0,31.4,Normal
VH-01904,100.0,39.2,5.4,11.68,53.0,37.0,Warning
VH-05458,100.0,,9.2,12.36,197.0,30.4,Normal
VH-04294,95.6,41.0,5.2,11.96,111.0,35.0,Warning
VH-03842,97.4,33.4,8.2,12.99,127.0,30.5,Normal
VH-07641,101.9,34.5,7.1,12.48,117.0,30.1,Normal
VH-01768,87.7,43.3,9.4,12.38,27.0,34.6,Normal
VH-02875,77.1,37.1,7.8,13.03,71.0,35.9,Normal
VH-02240,104.8,,2.3,13.06,117.0,31.8,Critical
VH-04500,83.1,47.2,10.6,12.9,6.0,33.0,Normal
VH-05968,96.0,34.4,10.8,13.67,8.0,32.1,Normal
VH-03678,89.5,33.2,11.9,12.67,151.0,,Normal
VH-00483,99.6,49.1,8.7,13.21,156.0,33.3,Normal
VH-05278,91.5,48.5,6.4,12.96,51.0,35.1,Normal
VH-05435,89.6,26.1,9.2,13.24,32.0,,Normal
VH-01280,104.5,29.8,4.7,12.32,17.0,39.5,Normal
VH-05127,106.0,37.1,10.9,12.59,128.0,41.9,Warning
VH-03680,89.9,41.7,5.2,11.62,42.0,35.6,Warning
VH-00791,85.0,52.2,7.5,12.75,177.0,35.3,Normal
VH-04895,94.3,39.2,4.6,12.9,131.0,32.8,Normal
VH-06528,105.2,46.8,4.2,12.79,146.0,34.8,Normal
VH-06894,94.3,28.2,3.6,13.09,126.0,31.5,Warning
VH-01201,91.1,32.3,11.1,11.76,125.0,34.6,Warning
VH-04518,92.7,38.6,9.2,12.59,155.0,34.2,Normal
VH-03912,91.2,23.5,7.9,12.75,53.0,30.8,Normal
VH-02362,92.2,33.2,8.4,12.85,51.0,28.9,Normal
VH-04587,107.0,57.0,12.0,12.84,134.0,33.1,Normal
VH-03069,88.2,48.5,6.6,12.72,32.0,31.4,Normal
VH-03429,101.3,45.6,2.6,12.72,46.0,37.0,Warning
VH-05979,83.8,25.8,6.7,12.53,76.0,32.3,Normal
VH-04616,72.5,53.0,9.5,12.72,70.0,28.3,Warning
VH-00021,89.6,28.3,7.3,12.41,81.0,33.7,Normal
VH-05575,94.3,39.1,6.3,12.4,75.0,,Normal
VH-02591,112.3,44.0,10.2,12.16,61.0,36.4,Warning
VH-07057,90.4,45.4,9.0,13.02,80.0,,Normal
VH-06024,84.3,48.0,3.7,13.91,130.0,32.0,Warning
VH-02710,94.6,41.4,8.5,12.41,14.0,30.9,Normal
VH-05716,94.9,43.4,9.9,13.23,10.0,32.3,Normal
VH-01529,99.9,29.1,11.3,12.61,49.0,32.1,Normal
VH-04998,95.4,38.4,9.7,13.09,172.0,33.7,Normal
VH-02809,84.0,41.2,5.0,11.79,50.0,31.9,Warning
VH-00685,91.2,41.9,10.3,12.54,59.0,37.3,Normal
VH-01551,89.2,49.1,9.2,12.26,49.0,34.2,Normal
VH-07772,93.1,37.2,3.6,12.9,137.0,37.8,Warning
VH-04255,102.8,39.4,7.3,12.51,164.0,34.6,Normal
VH-05095,93.0,44.3,3.7,11.58,173.0,34.0,Warning
VH-03871,86.8,37.0,8.9,12.5,43.0,33.2,Normal
VH-05122,92.4,18.4,7.4,12.41,120.0,32.6,WARNING
VH-00560,94.4,48.1,10.5,12.67,6.0,27.5,Warning
VH-02250,86.7,34.2,4.9,12.89,107.0,31.5,Normal
VH-07598,91.8,39.0,8.6,12.54,146.0,36.2, normal 
VH-03500,93.1,40.6,6.7,12.06,126.0,38.8,Normal
VH-02689,79.7,,9.3,12.09,195.0,35.2,Normal
VH-04208,104.0,33.3,11.3,11.95,117.0,35.7,Warning
VH-07923,81.6,20.2,10.0,11.63,101.0,30.9,Warning
VH-03379,92.8,52.0,7.1,12.9,86.0,36.4,Normal
VH-03193,85.6,49.6,3.3,13.62,124.0,35.9,WARNING
VH-01446,113.6,33.1,9.2,12.61,61.0,31.7,Warning
VH-01952,80.8,46.4,4.7,12.08,188.0,29.5,Normal
VH-00922,96.0,47.2,10.9,13.65,124.0,33.1,Normal
VH-01624,96.5,,6.0,12.74,19.0,36.7,Normal
VH-00310,104.4,29.6,8.5,12.73,183.0,33.0,Normal
VH-06949,101.1,35.2,9.4,12.22,6.0,27.8,Warning
VH-07784,86.1,31.8,8.6,12.88,192.0,31.8,Normal
VH-07051,109.1,33.2,3.4,12.6,62.0,36.3,Warning
VH-01319,104.5,20.8,11.8,12.4,148.0,32.6,Warning
VH-03531,93.5,35.5,2.4,12.55,169.0,32.2,Critical
VH-01663,109.4,35.8,2.8,12.3,125.0,36.2,Warning
VH-00815,97.5,36.4,10.7,11.55,68.0,31.4,Warning
VH-07375,89.2,44.7,6.1,12.39,147.0,38.5,Normal
VH-02266,99.9,44.2,7.2,12.89,27.0,32.2,Normal
VH-01473,76.9,49.1,4.9,13.93,134.0,29.3,Normal
VH-01773,108.6,44.2,11.7,11.74,71.0,30.6,Warning
VH-04775,100.7,45.8,9.5,12.65,171.0,28.2,Normal
VH-07504,96.8,47.0,11.0,12.52,162.0,30.3,Normal
VH-01093,96.4,25.7,7.4,12.81,161.0,30.3,Normal
VH-04176,98.3,35.6,11.4,12.65,48.0,35.8,Normal
VH-01950,95.5,38.7,8.0,12.99,23.0,31.7,Normal
VH-06756,91.4,36.5,6.4,,90.0,25.1,Warning
VH-03884,89.0,50.2,3.8,,123.0,35.1,Warning
VH-07347,92.2,42.2,10.6,13.05,143.0,33.9, normal 
VH-07597,86.3,44.1,9.0,12.96,108.0,31.2,Normal
VH-02800,92.9,40.2,10.3,,62.0,34.2,Normal
VH-01239,107.4,41.4,3.8,12.57,74.0,29.0,Warning
VH-00329,90.9,46.9,5.9,12.62,156.0,24.3,Warning
VH-03102,101.2,35.0,7.0,12.86,12.0,26.3,Warning
VH-00242,80.9,43.2,6.0,13.01,8.0,33.4,Normal
VH-07612,104.4,36.5,5.0,,194.0,35.5,Normal
VH-04737,102.2,34.2,10.2,12.09,43.0,30.5,Normal
VH-04792,100.9,43.8,5.3,13.33,198.0,33.0,Normal
VH-02257,97.0,,8.7,12.57,158.0,30.4,Normal
VH-06646,88.7,37.9,6.4,13.42,42.0,32.6,Normal
VH-02818,101.0,48.5,4.4,12.15,146.0,28.1,Normal
VH-03824,92.4,37.8,9.2,11.76,29.0,34.3,Warning
VH-00753,111.4,34.4,10.3,12.45,151.0,29.6,Normal
VH-04531,97.3,42.7,8.3,11.4,120.0,33.5,Warning
VH-01563,85.8,40.0,8.7,12.01,38.0,34.3,Normal
VH-01934,84.2,41.9,7.6,12.92,200.0,31.8,Normal
VH-07793,91.7,43.6,11.5,12.7,19.0,32.7,Normal
VH-03493,96.9,36.0,5.1,13.34,187.0,29.2,Normal
VH-03022,98.2,33.0,8.8,13.45,138.0,35.0,Normal
VH-05808,90.5,38.4,11.3,12.91,190.0,37.8,Normal
VH-04647,88.9,40.6,7.4,12.74,19.0,33.7,Normal
VH-02648,97.3,40.5,5.0,12.49,147.0,33.8,Normal
VH-01856,93.7,26.8,4.9,12.84,142.0,32.0,Normal
VH-04697,94.2,37.4,11.0,12.37,15.0,37.1,Normal
VH-03563,93.6,30.6,2.7,13.77,109.0,34.2,Warning
VH-01964,89.1,39.3,4.4,12.66,190.0,31.5,Normal
VH-01013,81.8,45.2,4.5,11.93,143.0,34.6,Warning
VH-07609,94.9,50.4,3.9,12.56,104.0,35.4,Warning
VH-05834,93.6,56.9,9.2,,62.0,29.7,Normal
VH-01427,102.4,39.9,8.7,12.27,142.0,27.0,Warning
VH-06108,105.4,37.3,4.0,13.02,27.0,37.5,Normal
VH-03322,96.3,,4.6,12.39,134.0,31.4,Normal
VH-05482,95.1,42.6,11.0,12.7,156.0,,Normal
VH-01295,101.8,42.8,10.0,13.86,122.0,26.3,Warning
VH-00466,92.7,33.7,10.2,13.05,168.0,33.2,Normal
VH-04028,93.6,30.2,7.1,13.3,23.0,33.7,Normal
VH-05595,97.6,40.9,7.3,13.0,7.0,35.7,Normal
VH-00174,84.8,,7.1,12.38,117.0,29.2,Normal
VH-04880,90.7,37.6,5.2,12.37,91.0,31.6,Normal
VH-00277,86.1,37.5,11.5,13.32,135.0,32.8,Normal
VH-01069,94.4,32.7,11.6,11.74,117.0,35.9,Warning
VH-01548,99.4,33.5,3.3,12.83,186.0,36.8,Warning
VH-07161,96.8,31.6,8.2,13.05,87.0,35.1,Normal
VH-01024,78.1,49.2,9.8,12.68,120.0,33.6,Normal
VH-05561,114.9,41.6,3.1,13.28,57.0,30.7,Warning
VH-06866,90.3,46.6,5.7,13.73,11.0,29.6,Normal
VH-05036,100.7,26.2,2.9,13.08,160.0,30.9,Normal
VH-02834,98.9,20.5,5.5,12.76,191.0,39.1,Warning
VH-06803,99.9,43.9,5.1,12.57,15.0,33.3,Normal
VH-01466,84.7,38.5,9.1,12.2,40.0,33.0,Normal
VH-05419,85.3,36.1,9.8,12.7,32.0,40.1,Warning
VH-06771,111.6,35.8,5.0,12.68,54.0,27.6,Warning
VH-05495,97.8,23.8,6.6,12.71,40.0,31.1,Warning
VH-07817,86.7,40.8,7.6,13.6,19.0,30.5,Normal
VH-05545,108.4,,2.1,11.7,199.0,32.7,Critical
VH-05002,89.4,47.0,3.9,12.45,50.0,32.1,Warning
VH-01713,94.1,38.3,3.1,,121.0,34.5,Warning
VH-03424,117.5,42.1,5.8,12.98,59.0,30.6,WARNING
VH-02611,101.6,26.1,7.6,,48.0,31.2,Normal
VH-05991,102.4,50.3,11.5,12.62,176.0,29.1,Normal
VH-00388,97.2,43.6,10.6,11.23,95.0,31.8,Critical
VH-02070,92.3,46.0,6.7,13.02,6.0,40.2,Warning
VH-03970,82.5,41.9,3.9,,133.0,26.8,Warning
VH-07188,87.7,50.9,4.5,12.8,82.0,32.9,Normal
VH-06268,94.4,44.7,7.5,12.36,28.0,32.4,Normal
VH-03495,94.7,48.2,4.9,12.94,167.0,28.8,Normal
VH-07025,106.9,39.5,4.2,12.81,90.0,31.6,Normal
VH-02821,97.4,56.0,7.2,11.89,51.0,31.4,Warning
VH-04976,96.2,43.0,11.9,12.69,74.0,31.5,Normal
VH-01424,96.5,30.7,4.4,12.39,141.0,32.5,Normal
VH-03542,93.8,50.6,11.8,13.31,8.0,34.2,Normal
VH-07994,90.3,22.4,8.6,12.65,9.0,37.3,Warning
VH-03574,90.1,37.7,2.0,12.51,70.0,30.7,Critical
VH-00050,97.3,43.0,10.3,12.22,194.0,32.4, normal 
VH-01887,96.6,51.5,3.0,11.79,21.0,,Warning
VH-05798,88.8,64.8,4.1,12.68,104.0,35.2,Normal
VH-06587,97.3,35.5,11.2,12.91,52.0,32.0,Normal
VH-03695,88.7,33.6,6.1,12.49,94.0,35.6,Normal
VH-04229,-27.366371781784228,34.0,8.1,12.17,142.0,29.1, normal 
VH-05201,91.2,32.7,6.8,13.33,160.0,34.9,Normal
VH-04799,91.6,64.2,5.2,12.25,122.0,31.6,Normal
VH-00482,95.7,41.6,2.6,12.8,90.0,33.4,Warning
VH-03393,86.6,33.0,6.0,12.82,176.0,34.5,Normal
VH-05241,89.4,29.4,5.0,13.14,89.0,31.3,Normal
VH-06134,100.9,42.5,7.8,12.07,53.0,38.6,Normal
VH-02251,94.3,37.1,8.1,11.88,173.0,34.7,Warning
VH-04162,99.3,35.3,8.4,13.41,32.0,31.8,Normal
VH-07822,96.2,40.1,2.4,12.46,25.0,28.7,Critical
VH-06877,91.1,36.1,2.1,12.74,114.0,30.3,Critical
VH-02313,95.4,49.0,7.5,11.54,14.0,34.6,Warning
VH-02849,102.8,50.3,9.1,12.29,19.0,31.9,Normal
VH-07618,93.0,50.7,5.3,13.27,136.0,34.7,Normal
VH-03103,103.4,40.1,2.6,13.28,85.0,31.4,Warning
VH-05003,98.4,35.5,2.8,12.82,125.0,30.6,Warning
VH-04127,92.6,41.1,11.3,12.43,48.0,32.5,Normal
VH-03867,108.3,37.7,9.9,12.3,146.0,33.9,Warning
VH-02465,88.8,42.5,4.4,13.46,145.0,33.7,Normal
VH-02929,92.5,41.3,7.8,13.05,130.0,30.8,Normal
VH-06776,88.8,42.0,9.5,12.62,33.0,35.4,Normal
VH-07906,99.6,51.8,9.4,12.42,14.0,31.8,Normal
VH-04106,75.7,30.5,4.6,12.1,74.0,32.6,Normal
VH-00064,100.7,42.6,10.9,12.71,56.0,30.4,Normal
VH-07708,90.5,49.6,5.3,13.03,186.0,32.7,Normal
VH-00776,86.3,44.9,3.5,12.83,27.0,36.4,Critical
VH-04173,89.0,32.4,7.9,12.32,143.0,31.5,Normal
VH-04587,107.0,57.0,12.0,12.84,134.0,33.1,Normal
VH-02734,94.8,54.4,4.8,12.53,147.0,32.2,Normal
VH-07589,110.8,39.8,6.6,13.03,9.0,35.1,Warning
VH-02580,87.1,44.6,3.1,12.17,162.0,36.8,Warning
VH-06209,90.0,38.5,6.1,11.67,156.0,36.2,Warning
VH-04616,72.5,53.0,9.5,12.72,70.0,28.3,Warning
VH-03483,105.5,33.7,11.5,12.36,19.0,36.2,Normal
VH-07952,94.8,36.9,6.3,13.31,148.0,33.1,Normal
VH-02344,101.5,38.6,8.9,12.94,64.0,29.3,Normal
VH-04687,83.0,38.4,6.1,12.82,44.0,32.1,Normal
VH-02815,90.7,31.6,5.1,13.26,116.0,32.6,Normal
VH-07644,98.6,39.3,10.1,12.19,134.0,27.7,Warning
VH-05381,89.7,22.5,6.3,12.37,161.0,32.2,Warning
VH-05939,99.9,39.0,7.5,11.68,190.0,28.4,Warning
VH-04026,89.8,37.2,11.3,14.0,78.0,32.3,Normal
VH-00724,87.6,47.6,2.4,12.48,6.0,36.5,critical
VH-07459,94.6,29.1,5.1,13.5,126.0,37.8, normal 
VH-06770,99.1,40.0,8.3,12.07,72.0,35.8,Normal
VH-07431,105.8,42.8,11.1,13.13,126.0,31.6,Normal
VH-03590,94.6,,7.2,12.79,25.0,33.9,Normal
VH-05308,105.8,46.7,9.6,12.65,19.0,37.0,Normal
VH-04237,96.8,41.2,5.4,12.3,170.0,33.4,Normal
VH-06395,93.0,31.5,9.2,12.59,27.0,33.2,Normal
VH-03640,82.6,43.4,4.7,11.21,125.0,36.9,Critical
VH-05733,95.3,50.0,2.8,12.06,157.0,35.6,WARNING
VH-07940,94.3,43.4,3.9,13.13,26.0,31.5,Warning
VH-01735,102.3,28.1,11.8,13.38,120.0,29.4,Normal
VH-03124,96.9,40.4,3.6,12.74,24.0,31.1,Warning
VH-04940,98.0,40.5,11.5,13.04,117.0,31.9,Normal
VH-05078,101.8,51.2,8.5,12.4,198.0,34.1,Normal
VH-07883,107.2,36.5,11.6,11.52,38.0,38.7,Warning
VH-04802,94.9,34.6,6.6,13.09,173.0,33.5,Critical
VH-06631,92.1,43.8,6.5,12.83,59.0,,Normal
VH-05783,90.9,34.3,10.0,12.76,157.0,33.0,Normal
VH-05962,107.8,54.6,5.1,12.82,153.0,34.1,Normal
VH-00273,111.7,44.9,9.4,12.59,109.0,31.5,Warning
VH-05805,92.0,37.8,2.9,12.73,175.0,30.7,WARNING
VH-02944,93.9,28.7,11.4,12.57,184.0,33.8,Normal
VH-07761,87.4,40.1,5.0,11.96,54.0,31.9,Warning
VH-05059,95.3,43.0,8.1,12.21,39.0,32.4,Normal
VH-07021,104.7,39.2,9.8,12.11,128.0,31.8,Normal
VH-07424,96.7,35.4,4.6,11.91,87.0,28.8,Warning
VH-07930,90.7,60.4,3.6,12.64,100.0,,Warning
VH-07932,102.2,31.3,9.2,12.59,116.0,30.8,Normal
VH-06555,95.5,40.5,8.0,,182.0,,Normal
VH-05578,88.2,35.5,3.4,12.77,100.0,34.1,Warning
VH-05496,90.2,44.2,10.8,12.32,149.0,36.6,Normal
VH-01452,94.2,56.6,5.6,11.65,161.0,34.2,Warning
VH-02715,95.5,41.3,10.3,12.64,137.0,36.9,Normal
VH-04245,94.8,49.9,3.6,12.59,173.0,37.7,Warning
VH-02692,94.5,45.7,5.5,11.58,85.0,31.4,Warning
VH-02767,109.0,47.4,7.3,12.04,140.0,29.3,Warning
VH-05853,83.4,37.8,3.0,12.87,48.0,33.7,Warning
VH-00218,93.8,46.7,5.4,12.82,163.0,34.4,Normal
VH-00239,90.8,41.6,2.2,12.83,161.0,34.5,Critical
VH-01131,92.9,33.5,10.7,12.36,173.0,,Normal
VH-07719,83.8,47.4,10.2,13.19,156.0,31.0,Normal
VH-03264,91.1,38.9,3.5,12.68,82.0,33.9,Warning
VH-06936,89.2,38.2,10.8,13.22,110.0,31.7,Normal
VH-02239,92.6,46.0,9.1,12.26,35.0,34.6,Normal
VH-06477,78.2,37.4,11.5,13.23,99.0,36.3,Normal
VH-05349,94.8,22.8,2.0,12.13,51.0,33.4,Critical
VH-05149,84.6,53.8,2.2,13.3,124.0,32.9,Critical
VH-07106,98.3,39.9,8.9,12.11,78.0,39.6,Normal
VH-05764,92.2,46.2,4.4,12.08,37.0,24.8,Warning
VH-01383,93.7,40.9,7.8,12.75,142.0,32.1,Normal
VH-03074,105.1,42.5,11.7,12.4,179.0,36.6,Normal
VH-04860,82.2,33.9,6.0,13.22,166.0,33.0,Normal
VH-07184,96.6,22.0,3.0,12.52,198.0,31.3,Warning
VH-01357,90.9,30.0,6.6,13.02,149.0,30.4,Normal
VH-04871,96.4,55.1,6.9,12.45,96.0,29.3,Normal
VH-02630,95.7,43.8,7.1,,23.0,34.4,Normal
VH-02832,102.8,32.6,7.8,12.71,41.0,35.2,Normal
VH-00624,98.8,31.2,6.8,12.75,178.0,31.2,Normal
VH-00839,92.3,,10.4,12.6,129.0,,Normal
VH-04723,92.1,,6.6,11.41,11.0,29.7,Warning
VH-00323,101.0,45.4,7.3,,197.0,32.8,Normal
VH-00003,102.5,36.4,6.2,12.62,73.0,33.4,Normal
VH-07732,87.4,37.9,4.9,12.01,152.0,,Normal
VH-00091,94.2,65.0,11.7,12.31,8.0,32.2,Normal
VH-01867,100.4,,8.9,11.96,50.0,30.3,Warning
VH-05256,98.9,46.0,10.7,12.68,125.0,34.3,Normal
VH-02826,109.7,48.5,5.3,12.2,105.0,34.1,Warning
VH-05172,91.5,33.9,8.1,12.07,154.0,32.6,Normal
VH-07083,102.0,35.5,3.1,11.71,168.0,38.8,Warning
VH-07418,92.6,37.5,10.0,12.49,16.0,38.1,Normal
VH-00437,86.4,31.1,4.7,12.17,186.0,34.8,Normal
VH-00119,93.1,46.0,5.2,12.46,9.0,32.1,Normal
VH-07627,81.5,40.4,11.4,12.45,162.0,27.8,Warning
VH-07678,91.8,35.9,6.2,13.13,194.0,28.3,Normal
VH-07635,-10.57063931956074,26.7,6.3,13.39,15.0,34.1,Normal
VH-05910,108.0,44.3,6.8,12.82,9.0,36.0,Normal
VH-01839,87.8,44.5,9.8,13.1,145.0,39.0,Normal
VH-01026,77.6,44.2,7.4,13.06,194.0,32.7,Normal
VH-03301,111.5,50.8,9.7,12.74,128.0,28.1,WARNING
VH-07168,84.1,45.4,10.2,12.84,110.0,28.4,Normal
VH-04172,95.6,,3.4,,194.0,29.9,Warning
VH-03101,90.8,38.8,11.6,12.59,170.0,29.4,Normal
VH-00900,98.1,56.9,4.0,12.19,94.0,29.6,Normal
VH-04467,92.5,29.3,5.2,,33.0,32.8,Normal
VH-01204,89.8,,11.5,12.28,181.0,36.8,Normal
VH-07486,98.7,50.8,11.9,13.04,21.0,30.6, normal 
VH-04130,103.1,38.3,4.0,12.72,73.0,32.4,Normal
VH-05037,88.8,33.5,9.3,12.68,67.0,31.7,Normal
VH-06721,104.0,46.9,3.4,,129.0,29.8,Warning
VH-04050,102.1,29.8,7.5,12.64,191.0,35.4,Normal
VH-06963,98.6,33.2,8.3,12.4,175.0,26.8,Warning
VH-00552,97.4,37.6,10.5,11.88,166.0,36.5,Warning
VH-00406,94.1,,6.9,13.22,29.0,31.4,Normal
VH-06213,96.7,44.2,4.1,12.45,48.0,34.3,Normal
VH-07392,89.0,47.3,8.6,13.68,162.0,27.7,Warning
VH-01613,95.6,52.6,11.1,12.29,81.0,29.2,Normal
VH-02934,89.0,40.7,2.0,13.04,138.0,31.3,Critical
VH-05064,92.6,33.6,11.8,11.53,30.0,27.7,Warning
VH-03298,91.5,29.0,11.3,12.84,68.0,29.3,Normal
VH-02833,87.0,36.6,2.5,11.93,168.0,32.3,Critical
VH-03603,-47.563933339743684,34.6,7.3,12.41,113.0,34.8,Normal
VH-06993,95.3,46.2,8.8,13.29,173.0,28.9,Normal
VH-02349,101.0,41.1,6.5,12.82,81.0,32.3,Normal
VH-05842,94.9,23.3,5.1,11.98,80.0,33.7,Warning
VH-04785,82.5,28.7,2.2,12.91,44.0,35.7,Critical
VH-06956,92.3,48.4,4.4,12.55,76.0,31.2, normal 
VH-03109,88.5,50.1,7.8,11.67,179.0,34.6,Warning
VH-01738,88.4,36.0,2.1,12.04,82.0,37.0,critical
VH-00236,77.8,36.6,2.2,12.21,142.0,,Critical
VH-07953,97.5,34.3,8.2,13.14,100.0,31.3,Normal
VH-06082,97.9,44.3,7.0,12.51,36.0,31.5,Normal
VH-06079,83.4,27.2,6.0,11.46,41.0,34.5,Warning
VH-03163,100.4,49.3,2.1,12.09,56.0,28.3,Critical
VH-06938,93.5,32.9,11.2,12.56,126.0,34.9,Normal
VH-00499,83.0,46.4,5.6,11.86,74.0,37.5,Warning
VH-04918,97.2,38.6,10.8,12.53,90.0,32.1,Normal
VH-03625,111.2,31.6,9.1,12.64,170.0,36.2,Warning
VH-03127,98.3,38.1,4.0,12.54,100.0,32.8,Warning
VH-00794,80.7,41.3,11.7,12.39,143.0,38.8,Normal
VH-03358,86.8,30.3,9.4,12.61,164.0,, normal 
VH-07594,94.6,39.1,4.3,12.67,99.0,36.7,Normal
VH-03291,97.2,27.4,6.1,12.07,116.0,30.6,Normal
VH-03972,96.9,43.4,10.3,12.74,101.0,28.6,Normal
VH-00990,102.0,45.9,10.0,12.64,11.0,36.7,Normal
VH-04663,89.4,52.4,10.6,12.69,136.0,28.6,Normal
VH-07078,87.7,27.7,4.6,12.73,110.0,34.2,Normal
VH-02435,87.3,34.6,8.8,,178.0,35.2,Normal
VH-03376,100.0,35.0,2.1,12.58,73.0,35.8,Critical
VH-00390,76.5,37.1,3.6,13.12,154.0,35.7,Warning
VH-04839,98.2,38.2,5.3,13.13,16.0,33.0,Normal
VH-02400,91.4,27.4,11.9,11.97,129.0,33.6,Warning
VH-01217,77.0,50.3,2.4,12.57,36.0,31.5,Critical
VH-00235,89.8,37.6,3.1,11.87,114.0,37.7,Warning
VH-00331,100.1,58.0,10.1,12.25,91.0,32.7,Normal
VH-04576,87.8,52.6,2.7,11.77,183.0,36.9,Warning
VH-06138,93.9,35.1,9.5,13.29,87.0,33.9,Normal
VH-06711,91.8,35.5,3.5,12.66,134.0,34.1,Warning
VH-03188,92.1,33.8,6.1,12.86,74.0,39.3,Normal
VH-05773,103.9,48.8,8.4,,8.0,32.4,Normal
VH-00044,95.9,35.8,11.2,12.14,154.0,30.2,Normal
VH-06244,107.4,38.6,6.5,12.2,28.0,34.4, normal 
VH-05564,88.8,39.0,8.0,12.67,181.0,34.2,Normal
VH-07639,96.9,40.1,9.5,12.88,92.0,36.3,Normal
VH-04216,104.7,36.4,11.5,12.28,124.0,33.5,Normal
VH-03436,89.8,44.1,10.7,12.43,77.0,34.0,Normal
VH-07830,111.6,39.2,10.4,12.44,8.0,31.2,Warning
VH-03072,82.4,37.5,11.7,12.44,197.0,32.8,Normal
VH-03134,90.8,,9.1,13.14,53.0,27.1,Warning
VH-05368,95.0,51.1,11.4,12.51,10.0,30.9,Normal
VH-04045,93.8,39.5,5.8,12.12,170.0,27.9,Warning
VH-05022,91.8,33.9,7.8,13.17,92.0,,Normal
VH-06659,80.5,51.2,9.7,12.67,163.0,31.1,Normal
VH-01594,98.0,36.7,4.8,12.97,123.0,29.4,Normal
VH-00223,86.3,54.2,8.3,12.4,140.0,33.6,Normal
VH-04862,100.3,,3.2,12.48,38.0,34.0,Warning
VH-04709,99.4,34.6,4.0,12.56,177.0,37.0,Warning
VH-02891,98.4,39.2,4.4,13.56,177.0,32.8,Normal
VH-01245,95.5,36.1,11.6,12.62,57.0,36.9,Normal
VH-01540,92.9,33.9,11.7,12.58,51.0,33.7,Normal
VH-03537,92.3,31.2,12.0,11.91,59.0,33.6,Warning
VH-04148,94.1,41.4,5.7,12.06,94.0,30.7,Normal
VH-04625,98.1,40.7,5.2,12.48,179.0,30.0,Normal
VH-02533,96.2,23.0,11.3,13.42,128.0,33.3,Warning
VH-05995,83.2,44.1,2.9,12.15,79.0,42.4,Warning
VH-06031,108.0,37.2,9.9,12.15,194.0,35.2,Normal
VH-00818,97.2,38.6,9.9,12.86,187.0,35.0,Normal
VH-03458,93.2,44.6,10.5,12.17,106.0,29.7,Normal
VH-00155,109.1,31.9,4.2,12.76,113.0,31.3,Critical
VH-06744,99.2,54.4,3.2,12.81,53.0,31.3,Warning
VH-07975,93.9,,11.6,12.53,185.0,33.5,Normal
VH-00248,118.2,50.5,5.6,12.52,110.0,32.1,Critical
VH-04857,89.9,,4.2,11.88,29.0,32.3,Warning
VH-05990,78.0,45.1,9.2,13.41,152.0,28.7,Normal
VH-03927,83.6,37.8,4.7,11.53,147.0,33.9,Warning
VH-06125,83.4,37.1,4.6,12.97,157.0,37.1, normal 
VH-04014,96.4,30.9,9.1,12.28,48.0,35.9,Normal
VH-02636,92.4,31.9,10.3,12.59,158.0,33.8,Normal
VH-05226,95.4,25.3,5.4,13.45,46.0,40.0,Normal
VH-04638,91.2,24.4,10.1,12.4,140.0,33.0,Warning
VH-00793,98.1,42.8,5.3,12.87,13.0,32.1,Normal
VH-01725,95.8,25.9,5.7,13.12,66.0,33.1,Normal
VH-03189,84.1,43.5,4.0,13.01,180.0,31.7,Warning
VH-02649,114.1,26.6,9.2,13.99,199.0,31.2,Warning
VH-00628,86.7,38.5,2.4,14.06,111.0,35.7,Critical
VH-06294,85.8,41.1,11.4,13.24,21.0,35.5,Normal
VH-07731,94.0,41.5,10.3,12.68,16.0,30.5,Normal
VH-02339,101.8,29.0,10.9,11.75,189.0,27.9,Warning
VH-06525,103.8,36.3,3.0,12.36,119.0,27.1,Warning
VH-07938,99.7,54.8,11.5,11.98,157.0,28.7,Warning
VH-06830,93.1,48.7,9.7,11.93,36.0,,Warning
VH-05463,93.9,41.9,11.2,12.42,116.0,32.5,Warning
VH-07368,105.8,36.9,5.3,12.61,168.0,37.0,Normal
VH-01620,99.6,35.6,2.6,12.95,121.0,,Warning
VH-07041,104.2,29.0,9.0,12.57,151.0,30.7,Normal
VH-01451,99.1,37.7,9.5,12.02,116.0,32.6,Normal
VH-02902,103.2,33.6,4.8,12.49,156.0,29.8,Normal
VH-05167,86.2,41.2,4.2,13.34,56.0,39.6,Normal
VH-04650,87.4,39.6,3.7,12.76,180.0,28.2,Warning
VH-01828,88.0,28.6,9.8,12.23,25.0,29.0,Normal
VH-00826,95.2,41.6,6.3,13.71,146.0,38.3,Normal
VH-01639,93.4,44.2,4.3,12.16,138.0,41.2,Warning
VH-03864,81.3,44.8,6.4,12.9,56.0,37.2,Normal
VH-06080,88.5,48.2,3.6,11.72,117.0,28.5,Warning
VH-02913,77.1,,4.1,12.83,29.0,32.4,Normal
VH-05933,94.8,45.3,10.7,12.61,25.0,35.6,Normal
VH-03791,107.4,26.4,3.2,12.51,55.0,33.7,Warning
VH-02939,89.0,55.9,9.3,12.4,30.0,39.0,Normal
VH-03420,95.1,44.4,2.9,12.54,174.0,35.5,Warning
VH-03996,103.1,39.0,7.3,12.78,62.0,31.7,Normal
VH-03767,98.6,45.1,5.7,12.21,173.0,29.6,Normal
VH-00535,100.1,35.4,3.5,12.38,57.0,26.0,Warning
VH-05906,95.4,39.7,5.4,12.53,48.0,34.2,Normal
VH-02663,83.6,20.4,7.8,12.24,107.0,35.4,Warning
VH-00154,94.6,42.8,6.8,12.77,140.0,36.0,Normal
VH-03241,88.2,29.0,9.7,12.82,133.0,,Normal
VH-05596,93.5,36.8,2.8,12.23,164.0,34.3,Warning
VH-03149,96.9,36.3,9.4,13.01,159.0,,Normal
VH-02952,92.6,49.4,6.3,13.0,196.0,31.2,Normal
VH-01311,101.4,33.6,10.2,11.94,26.0,35.8,Warning
VH-00322,104.4,25.2,3.5,12.2,100.0,32.0,Warning
VH-05806,87.3,34.4,10.2,11.7,136.0,33.7,Warning
VH-04110,99.5,50.2,11.8,12.36,68.0,34.2,Normal
VH-03330,95.2,,5.9,12.6,151.0,32.5,Normal
VH-03985,90.0,37.9,7.5,13.46,132.0,29.6,Normal
VH-01798,90.5,44.7,3.0,12.56,159.0,36.6,Warning
VH-06089,89.5,55.0,8.4,12.17,153.0,,Normal
VH-00082,92.1,49.8,9.8,12.32,120.0,29.0,Normal
VH-02560,97.9,35.4,2.4,12.53,128.0,28.6,Critical
VH-01943,77.6,31.8,5.1,12.66,139.0,27.9,Warning
VH-01988,88.5,45.8,2.8,12.53,190.0,31.1,Warning
VH-03536,102.5,40.8,11.7,12.42,26.0,33.9,Normal
VH-06768,109.1,,5.9,12.41,67.0,31.4,Warning
VH-05479,87.1,35.2,5.5,13.8,127.0,29.0,Normal
VH-01574,83.4,47.6,7.5,12.86,32.0,31.5,Normal
VH-02977,94.0,40.4,8.0,13.16,138.0,33.7,Normal
VH-02723,96.4,32.3,8.8,12.12,91.0,35.6,Normal
VH-03405,85.0,39.4,8.0,13.38,87.0,35.4,Normal
VH-02058,90.2,33.5,11.3,12.62,43.0,35.6, normal 
VH-01762,90.0,38.4,5.0,13.43,53.0,33.9,Normal
VH-01494,92.2,26.5,9.0,11.86,101.0,32.9,Warning
VH-04927,97.6,27.0,9.8,12.14,190.0,36.1,Normal
VH-02080,98.3,27.6,7.1,12.22,52.0,34.4,Normal
VH-01174,94.3,58.9,7.0,12.6,23.0,29.2,Normal
VH-04509,99.8,41.2,3.0,12.87,106.0,29.8,Warning
VH-02628,88.5,30.5,6.6,12.42,150.0,29.1, normal 
VH-05913,93.8,60.7,2.7,12.11,178.0,34.3,Warning
VH-04261,104.0,40.2,7.1,12.73,110.0,34.0,Normal
VH-07543,90.3,43.7,8.9,12.39,188.0,35.4,Normal
VH-06251,100.7,51.7,7.0,12.61,138.0,34.5,Normal
VH-00614,88.5,40.8,6.7,11.93,65.0,34.7,Warning
VH-03093,88.7,27.4,8.8,13.45,184.0,36.6,Normal
VH-03450,82.3,56.6,7.3,12.83,98.0,34.5,Normal
VH-01014,86.6,51.9,5.3,12.54,104.0,34.6,Normal
VH-06233,109.5,36.6,6.2,11.54,191.0,26.4,Warning
VH-03057,91.2,46.1,10.1,12.66,78.0,34.6,Normal
VH-07786,93.2,,8.5,12.92,158.0,31.5,Normal
VH-06745,97.6,44.4,3.4,11.7,111.0,33.6,Warning
VH-05333,108.5,52.7,10.5,12.79,132.0,33.6,Warning
VH-03905,114.6,44.6,12.0,12.6,90.0,34.9,WARNING
VH-07500,102.5,48.5,6.3,13.21,126.0,29.9,Normal
VH-02181,96.9,,7.7,,41.0,33.8,Normal
VH-03418,96.1,41.0,11.7,13.33,64.0,31.5,Normal
VH-04651,102.9,30.9,9.7,11.21,45.0,31.5,Critical
VH-07175,106.1,39.2,2.7,13.3,136.0,29.7,Warning
VH-03100,86.9,47.3,5.1,12.83,159.0,33.2,Normal
VH-06464,95.6,31.5,10.3,12.62,11.0,32.7,Normal
VH-07882,95.5,44.6,9.1,12.12,101.0,30.8,Normal
VH-01211,91.1,34.7,2.7,13.21,30.0,34.0,Warning
VH-07845,103.0,,8.7,12.14,92.0,27.7,Warning
VH-00634,92.5,34.8,4.7,12.85,126.0,,Normal
VH-06696,92.7,50.2,4.3,12.83,97.0,32.8,Normal
VH-07472,89.9,41.8,9.1,12.8,177.0,36.0,Normal
VH-01055,106.8,36.3,7.7,12.76,161.0,36.7,Normal
VH-02340,106.8,46.8,11.2,12.69,135.0,30.9,Normal
VH-05804,92.5,45.6,3.4,12.32,182.0,32.5,Warning
VH-00796,103.0,49.7,3.4,12.93,53.0,34.8,WARNING
VH-07086,89.5,44.9,10.4,13.35,69.0,32.3,Normal
VH-07408,72.8,34.4,2.2,12.98,151.0,31.0,Critical
VH-05187,95.0,45.3,6.5,12.25,199.0,33.3,Normal
VH-04270,84.8,38.2,4.4,12.68,67.0,36.9,Normal
VH-02814,95.1,57.0,10.2,,118.0,34.8,Normal
VH-04341,104.0,28.8,4.7,12.23,155.0,33.0,Normal
VH-01080,97.0,34.1,8.2,12.68,21.0,30.9,Normal
VH-01654,93.1,58.0,7.4,11.78,161.0,35.2,Warning
VH-01607,96.6,47.9,3.4,,176.0,29.0,Warning
VH-00144,88.5,29.7,10.8,13.07,109.0,35.6,Normal
VH-04241,88.2,50.9,4.9,12.46,74.0,34.0, normal 
VH-00090,100.3,49.7,4.2,12.2,179.0,34.4,Normal
VH-00682,105.0,51.2,7.5,13.08,184.0,27.8,Warning
VH-04406,90.7,39.8,5.2,11.95,128.0,29.7,Warning
VH-03431,106.2,42.7,4.9,12.72,120.0,31.2,Normal
VH-00093,94.4,40.8,8.2,12.04,153.0,28.5,Normal
VH-00834,89.0,30.7,7.5,11.61,29.0,33.5,Warning
VH-06052,85.4,31.7,4.2,11.42,28.0,35.1,Warning
VH-05020,88.8,33.4,7.0,12.87,47.0,35.5,Normal
VH-07782,93.5,48.2,3.5,12.16,72.0,33.7,Warning
VH-06005,99.4,42.0,7.8,13.51,190.0,,Normal
VH-05131,95.1,44.9,9.8,13.32,42.0,28.7,Normal
VH-01400,104.5,33.2,3.4,12.69,175.0,,Warning
VH-03979,101.2,25.8,4.2,11.97,36.0,32.4,Warning
VH-02291,104.1,46.6,11.0,11.75,16.0,30.4,Warning
VH-01500,90.5,23.8,4.1,12.77,7.0,28.4,Warning
VH-07255,92.6,41.7,3.7,11.88,117.0,31.8,Warning
VH-02262,96.1,39.6,8.1,12.55,130.0,29.6,Normal
VH-01468,83.6,34.0,10.2,11.5,30.0,33.1,Warning
VH-03928,83.5,36.6,10.7,12.66,19.0,32.2,Normal
VH-03245,97.7,22.7,5.7,12.9,127.0,31.2,WARNING
VH-00998,96.0,51.5,5.5,,104.0,39.3,Normal
VH-00853,95.2,35.8,2.8,12.7,52.0,28.2,Warning
VH-03875,98.2,52.3,2.8,12.15,56.0,32.4,WARNING
VH-06569,85.1,47.1,6.1,12.75,140.0,30.1,Normal
VH-06300,107.6,32.8,2.2,12.21,132.0,35.1,Critical
VH-01142,79.0,25.7,9.6,11.83,73.0,34.1,Warning
VH-05239,93.5,28.8,9.8,,168.0,34.7,Normal
VH-02274,96.0,37.8,10.7,12.51,124.0,33.4,Normal
VH-07040,96.0,,7.4,11.6,134.0,28.0,Warning
VH-06144,102.6,41.0,4.7,12.23,96.0,,Normal
VH-07562,88.5,38.8,5.1,12.33,130.0,35.0,Normal
VH-04497,77.8,37.1,8.0,12.35,142.0,35.4,Normal
VH-01103,99.2,41.3,11.2,13.32,12.0,32.9,Normal
VH-00084,85.4,38.4,6.8,13.24,134.0,35.7,Normal
VH-02210,101.3,,8.6,12.69,98.0,30.8,Normal
VH-07984,97.9,43.8,9.3,11.42,160.0,33.9,Warning
VH-04210,95.3,25.4,11.0,12.32,85.0,37.0,Normal
VH-06814,97.0,45.5,10.4,12.12,96.0,39.7,Normal
VH-07318,87.5,28.9,5.5,12.94,96.0,27.5,Warning
VH-07592,95.9,30.8,5.3,12.62,68.0,31.8,Normal
VH-07536,119.9,39.8,6.5,12.85,33.0,34.9,Critical
VH-05681,110.2,45.9,9.2,12.03,26.0,30.3,Warning
VH-03440,110.9,43.8,5.0,12.49,40.0,34.2,Warning
VH-01567,96.3,30.3,7.1,12.23,46.0,31.9,Normal
VH-07033,91.8,35.1,3.2,13.11,13.0,30.5,Warning
VH-05597,89.3,43.5,2.6,13.14,170.0,31.6,Warning
VH-01660,114.1,39.7,2.2,13.0,80.0,31.6,Critical
VH-01556,89.2,34.5,10.8,13.28,169.0,35.8,Normal
VH-06103,108.9,,6.3,12.87,40.0,35.4,Warning
VH-04721,87.7,31.0,7.6,12.3,38.0,38.4,Normal
VH-03764,94.5,34.7,9.6,12.74,141.0,35.2,Normal
VH-03584,97.5,46.3,5.2,11.87,133.0,34.0,Warning
VH-01885,97.1,27.5,3.8,13.74,157.0,33.6,Warning
VH-03144,91.8,35.8,4.9,12.98,105.0,33.9,Normal
VH-01866,93.3,24.2,9.4,13.28,154.0,30.6,Warning
VH-05048,95.0,39.1,8.3,12.88,136.0,28.2,Normal
VH-06951,109.8,32.1,2.1,13.26,142.0,33.9,Critical
VH-06402,95.2,30.3,2.4,13.02,56.0,,Critical
VH-04720,73.0,25.0,8.2,12.82,58.0,33.3,WARNING
VH-02874,95.9,25.1,6.4,12.56,12.0,31.7, normal 
VH-04330,109.7,45.5,2.3,12.98,19.0,34.1,Critical
VH-06279,77.8,33.6,3.5,12.22,185.0,32.2,Warning
VH-06760,102.1,49.3,10.8,11.69,107.0,34.1,Warning
VH-03588,88.6,51.1,7.2,11.84,43.0,28.7,Warning
VH-03267,94.7,27.1,6.4,13.27,91.0,37.5,Normal
VH-02884,95.0,37.9,6.1,12.68,69.0,31.5,Normal
VH-02890,88.5,37.0,4.9,12.21,144.0,34.5,Normal
VH-06130,93.9,35.3,3.7,12.97,113.0,35.8,Warning
VH-03007,103.5,36.4,8.6,12.41,184.0,34.8,Normal
VH-01826,101.9,29.2,4.4,12.04,106.0,27.6,Warning
VH-03923,100.3,42.1,10.9,13.34,37.0,30.8, normal 
VH-07928,79.4,36.6,7.5,12.41,130.0,37.1,Normal
VH-02640,99.7,42.0,10.2,12.45,64.0,30.1,Normal
VH-05410,101.2,47.7,3.6,12.96,40.0,34.9,Warning
VH-01525,103.6,47.6,7.9,12.7,182.0,29.8,Normal
VH-01562,88.5,50.2,4.3,12.43,120.0,35.1,Normal
VH-07435,77.5,45.7,5.7,12.84,129.0,30.9,Normal
VH-05848,99.6,35.6,8.2,13.01,126.0,33.4,Normal
VH-05701,104.2,29.0,9.9,12.44,171.0,33.5,Normal
VH-00343,98.3,35.3,9.0,12.54,21.0,34.0,Normal
VH-02542,92.4,,8.8,12.8,125.0,39.3,Normal
VH-03385,98.4,32.5,3.0,12.26,158.0,33.2,Warning
VH-06437,103.7,40.8,9.9,12.73,187.0,31.0,Normal
VH-02412,81.4,45.8,7.4,12.39,193.0,36.2,Normal
VH-06322,95.8,46.9,7.7,11.81,87.0,34.1,Warning
VH-02707,72.1,34.6,2.5,,123.0,41.1,Warning
VH-05092,84.3,48.4,8.3,12.25,48.0,35.6,Normal
VH-06158,86.7,46.7,8.0,12.55,102.0,22.3,Warning
VH-01110,106.9,44.4,7.7,13.14,87.0,33.1,Normal
VH-03442,95.5,32.1,9.6,12.48,55.0,32.5,Normal
VH-02213,109.2,42.9,9.9,12.67,10.0,,Warning
VH-07299,95.6,49.4,7.5,12.83,39.0,34.1,Normal
VH-01359,93.0,36.0,11.5,12.14,109.0,32.9,Normal
VH-02107,86.6,29.2,5.6,12.33,79.0,29.9,Normal
VH-04805,84.4,,8.1,13.14,143.0,33.0,Normal
VH-05974,105.4,43.2,2.7,12.07,67.0,30.0,WARNING
VH-06820,94.0,28.1,5.0,12.12,115.0,30.9,Normal
VH-01378,97.3,55.9,6.2,,110.0,31.5,Normal
VH-02828,81.7,50.7,2.3,12.94,84.0,27.2,Critical
VH-00424,87.9,39.6,3.6,13.48,106.0,25.9,Warning
VH-00292,106.8,36.7,10.0,12.89,149.0,35.9,Normal
VH-01065,94.5,47.3,8.6,12.99,133.0,38.9,Normal
VH-07017,98.9,44.1,10.5,13.74,158.0,33.8,Normal
VH-02377,89.4,32.2,6.8,12.86,173.0,33.2,Normal
VH-05734,92.3,40.6,4.9,13.09,19.0,33.3,Normal
VH-06573,85.8,29.9,7.1,12.28,44.0,36.6,Normal
VH-05108,92.9,25.5,6.1,11.99,24.0,30.7,Warning
VH-02127,90.8,45.5,6.0,12.62,192.0,29.1,Normal
VH-01717,90.8,39.3,9.2,12.25,112.0,34.4,Normal
VH-07196,90.4,40.6,6.0,12.33,23.0,33.6,Normal
VH-00937,94.3,50.8,5.8,13.58,37.0,39.0,Normal
VH-03779,79.9,50.2,8.6,12.4,137.0,27.8,Warning
VH-03964,93.1,33.7,11.7,12.83,63.0,35.7,Normal
VH-03990,-36.28601067470257,,10.5,13.02,77.0,32.4,Normal
VH-04930,100.5,29.6,3.9,13.0,147.0,35.4,Warning
VH-06893,102.5,,2.4,12.61,108.0,,Critical
VH-07034,91.3,49.6,2.2,13.29,158.0,33.0,Warning
VH-00254,93.0,38.4,4.9,12.15,129.0,30.9,Normal
VH-07840,95.1,30.2,8.5,13.06,142.0,28.3,Normal
VH-01482,95.9,39.7,2.9,12.12,19.0,37.6,Warning
VH-00944,97.3,33.0,8.3,,137.0,34.0,Normal
VH-05503,89.1,41.3,4.1,12.58,161.0,30.5,Warning
VH-07481,94.0,51.8,6.3,13.11,36.0,34.1,Normal
VH-07252,87.3,40.7,6.0,13.19,181.0,,Warning
VH-07753,94.9,52.2,5.2,12.63,146.0,40.9,Warning
VH-06280,99.5,,9.4,12.23,158.0,35.9,Normal
VH-03183,99.5,37.6,9.4,12.19,76.0,29.1,Normal
VH-03266,73.0,26.4,3.1,12.46,68.0,36.5,Warning
VH-06996,92.5,40.0,10.4,12.42,8.0,38.8,Normal
VH-07346,105.3,32.9,3.1,12.96,144.0,,Warning
VH-04819,84.0,30.9,4.5,13.32,107.0,32.8,Normal
VH-02907,95.2,,9.2,11.89,88.0,32.5,Warning
VH-00969,95.3,31.0,4.0,12.32,118.0,,Normal
VH-00496,80.3,47.9,9.9,12.31,164.0,30.5, normal 
VH-05046,102.2,51.9,6.7,11.77,188.0,35.9,Warning
VH-04901,95.6,36.5,8.3,13.25,70.0,31.4,Normal
VH-01829,93.2,36.9,3.4,12.91,21.0,31.8,Warning
VH-02177,99.1,36.2,9.6,12.03,82.0,35.8,Normal
VH-05835,79.2,36.9,2.2,11.65,72.0,31.6,Critical
VH-00337,97.5,39.2,3.0,11.96,82.0,29.7,Warning
VH-04826,91.4,25.3,6.1,12.44,69.0,33.5,Normal
VH-04704,100.8,33.4,6.6,12.51,146.0,32.1,Normal
VH-01148,103.2,40.6,3.8,12.54,157.0,27.9,Warning
VH-02243,102.5,39.6,10.0,12.78,189.0,31.1,Normal
VH-07394,84.3,55.7,11.7,11.94,42.0,29.8,Warning
VH-05809,86.9,46.7,3.6,12.55,18.0,33.3,WARNING
VH-07436,103.6,38.6,2.5,13.46,185.0,36.7,Critical
VH-07126,91.9,,8.0,11.99,74.0,33.1,Warning
VH-05005,82.3,48.1,10.8,12.17,123.0,35.9,Normal
VH-06728,109.7,39.2,5.6,11.97,103.0,33.6,Warning
VH-03968,90.1,40.2,5.2,12.35,124.0,35.1, normal 
VH-02151,100.9,48.2,10.2,12.27,196.0,34.1,Normal
VH-02010,84.9,46.9,2.5,13.52,199.0,,Warning
VH-02491,89.4,40.4,5.5,12.9,91.0,34.6,Normal
VH-07996,111.3,51.6,3.2,12.83,97.0,,Warning
VH-01810,79.4,34.6,3.0,12.19,51.0,30.6,Warning
VH-01994,95.7,35.0,5.1,12.18,59.0,31.7,Normal
VH-04815,76.1,43.1,9.0,12.95,158.0,38.0,Normal
VH-02932,104.4,33.7,2.1,11.64,199.0,38.5,Critical
VH-02824,95.1,44.2,9.0,12.59,112.0,29.7,Normal
VH-05665,94.2,43.2,9.1,12.12,54.0,34.3,Normal
VH-02897,95.6,37.9,2.4,12.25,54.0,31.6,Critical
VH-07038,103.8,51.6,2.7,13.52,126.0,31.3,Warning
VH-02275,70.5,51.0,8.0,13.74,48.0,32.0,Warning
VH-00434,102.4,42.5,2.1,12.22,157.0,31.8,critical
VH-07469,101.3,38.0,10.6,13.1,112.0,32.8, normal 
VH-05395,100.0,31.5,10.3,12.46,200.0,38.0,Normal
VH-06270,98.0,48.5,6.3,12.3,72.0,30.1,Normal
VH-04501,103.7,40.5,6.9,11.67,108.0,31.9,Warning
VH-02823,86.8,45.6,11.2,13.08,136.0,,Normal
VH-04917,94.6,49.3,11.1,,118.0,,Warning
VH-06855,95.1,41.9,5.6,13.12,72.0,29.2,Normal
VH-05885,107.4,48.8,2.6,12.99,157.0,31.2,Warning
VH-03755,91.0,39.3,2.5,12.38,23.0,24.8,Critical
VH-02504,104.7,45.3,11.0,12.77,73.0,35.1,Normal
VH-07204,90.8,24.7,6.5,12.52,21.0,36.9,Warning
VH-03211,94.5,45.1,2.7,11.99,100.0,29.9,WARNING
VH-06447,94.9,55.2,4.4,12.44,179.0,34.9,Normal
VH-06411,95.6,49.6,4.1,12.01,28.0,32.6,Normal
VH-05954,93.3,45.2,11.2,12.53,167.0,,Normal
VH-05653,99.8,47.4,5.3,12.69,7.0,40.2,Warning
VH-04641,90.1,31.4,8.5,12.8,183.0,31.7,Normal
VH-04308,97.7,36.9,11.7,12.37,152.0,38.1,Normal
VH-04992,90.5,41.2,4.6,,181.0,31.8,Warning
VH-03540,96.4,54.6,3.3,13.0,70.0,32.6,Warning
VH-03270,103.7,45.4,6.6,12.99,113.0,34.7,Normal
VH-01941,95.8,33.5,4.6,11.81,55.0,33.9,Warning
VH-01891,88.7,42.3,9.8,12.34,130.0,33.4,Normal
VH-05012,83.7,29.4,2.5,12.89,171.0,33.6,Critical
VH-03599,106.2,39.5,8.7,12.81,130.0,34.2,Normal
VH-06819,90.1,35.5,7.3,12.93,92.0,31.1,Normal
VH-05385,104.2,44.4,9.5,12.61,110.0,,Normal
VH-04910,88.8,31.7,11.7,11.99,18.0,33.2,Warning
VH-01265,94.1,27.7,4.7,11.86,195.0,39.0,Warning
VH-04438,83.8,35.5,3.1,12.29,181.0,33.5,Warning
VH-02597,97.3,38.8,7.5,12.89,5.0,29.9,Normal
VH-01410,91.6,31.7,9.4,12.23,112.0,,Normal
VH-01214,73.8,28.7,3.3,,136.0,32.4,Warning
VH-00966,93.0,37.3,10.8,12.57,96.0,32.8,Normal
VH-01230,90.6,43.5,8.8,12.2,150.0,36.1,Normal
VH-06439,106.4,26.8,2.5,12.69,72.0,39.6,Warning
VH-04791,70.1,33.7,7.4,12.37,122.0,32.4,Warning
VH-07596,94.9,43.5,9.5,12.7,60.0,33.1,Normal
VH-06217,89.7,39.0,8.4,11.67,65.0,34.0,Warning
VH-00605,99.3,31.2,4.0,12.3,20.0,,Normal
VH-00104,87.5,39.6,9.9,11.94,130.0,31.7,Warning
VH-00645,93.9,37.4,3.5,11.51,196.0,29.0,Warning
VH-05500,91.1,37.2,2.4,13.32,32.0,28.5,Critical
VH-04590,101.8,37.4,7.0,12.47,9.0,35.8,Normal
VH-03088,96.2,49.8,2.8,11.57,83.0,30.4,Warning
VH-06583,98.3,48.0,4.2,13.08,17.0,37.1,Normal
VH-01019,100.0,35.4,2.1,13.31,43.0,32.7,Critical
VH-00091,94.2,65.0,11.7,12.31,8.0,32.2,Normal
VH-05208,91.8,27.0,6.0,12.34,112.0,32.1,Critical
VH-02870,80.3,35.8,5.3,13.14,188.0,30.8,Normal
VH-00908,95.6,36.0,5.9,12.06,88.0,34.6,Normal
VH-05570,101.9,41.4,2.2,12.39,152.0,40.2,Critical
VH-05837,88.8,27.0,9.6,12.39,72.0,32.4,Normal
VH-02150,94.5,34.4,7.4,13.46,11.0,29.6,Normal
VH-00238,86.5,43.3,3.6,13.16,103.0,31.7,Warning
VH-03140,93.5,37.1,9.3,11.54,182.0,31.2,Warning
VH-00942,98.9,49.0,10.3,12.18,22.0,35.3,Normal
VH-01270,107.3,39.4,9.4,12.99,158.0,26.5,Warning
VH-00938,102.5,50.8,5.2,,51.0,33.5,Normal
VH-05520,100.4,38.7,11.0,13.23,181.0,30.2,Normal
VH-03229,83.4,27.9,10.2,13.43,105.0,37.8,Normal
VH-03551,85.5,38.3,2.5,12.62,130.0,32.9,Critical
VH-01862,106.3,40.6,5.0,12.35,120.0,37.4,Normal
VH-01669,89.4,48.8,10.7,11.86,185.0,31.6,Warning
VH-00005,84.6,25.1,7.5,12.61,57.0,37.5,Normal
VH-04343,91.1,28.6,8.8,11.96,81.0,31.5,Warning
VH-03943,100.6,39.2,7.1,11.9,75.0,34.3,Warning
VH-03013,95.9,35.4,10.2,,163.0,31.0,Normal
VH-00018,102.0,52.5,9.6,12.64,135.0,31.4,Normal
VH-07574,94.9,36.8,7.7,12.1,74.0,34.6,Normal
VH-06265,85.8,35.6,7.2,12.6,189.0,34.9,Normal
VH-01970,93.1,50.1,7.9,12.63,9.0,40.1,Warning
VH-02709,94.1,39.5,8.2,12.7,78.0,33.2,Normal
VH-02232,84.7,46.5,5.3,,187.0,31.0,Normal
VH-06418,110.1,38.1,8.7,,140.0,35.2,Warning
VH-06577,80.9,35.2,2.3,13.3,89.0,35.3,Critical
VH-00811,90.4,55.1,4.1,12.3,59.0,34.8,Normal
VH-01300,95.4,39.1,7.6,13.31,48.0,35.0,Normal
VH-05431,97.5,43.6,3.5,,106.0,28.2,Warning
VH-07997,84.4,45.7,4.8,12.19,129.0,34.9,Normal
VH-00260,93.1,27.6,6.9,12.67,149.0,31.9,Normal
VH-01804,95.7,42.8,2.7,,95.0,32.2,Warning
VH-01570,95.2,47.4,11.0,11.83,82.0,32.3,Warning
VH-06325,115.5,47.0,4.7,13.1,157.0,32.6,Warning
VH-04280,106.3,38.2,2.1,,85.0,36.2,Critical
VH-02454,91.7,38.1,11.0,12.65,154.0,28.4,Normal
VH-01743,84.5,41.7,5.0,12.65,127.0,34.8,Normal
VH-07009,93.6,33.7,2.2,12.94,93.0,33.8,Critical
VH-01630,85.2,45.9,8.8,12.74,183.0,33.8, normal 
VH-01716,90.3,25.8,10.3,12.67,141.0,31.7, normal 
VH-00520,87.2,35.7,9.7,12.54,36.0,33.1,Normal
VH-03937,98.8,47.0,2.9,12.07,51.0,33.7,Warning
VH-07147,99.5,34.9,11.6,12.52,106.0,35.6,Normal
VH-06524,96.7,39.1,3.7,12.38,53.0,35.5,Warning
VH-06112,96.2,,9.6,12.95,112.0,34.4,Normal
VH-03482,102.8,43.0,9.3,13.95,79.0,36.7,Normal
VH-01658,101.0,37.3,4.6,13.29,99.0,33.1,Normal
VH-07537,97.6,32.5,10.3,,193.0,28.6,Normal
VH-03472,103.8,37.9,6.9,11.83,126.0,33.4,Warning
VH-05708,96.3,48.5,2.8,13.79,129.0,36.9,Warning
VH-02475,95.3,37.4,3.1,11.95,26.0,28.7,Warning
VH-03948,94.6,34.8,9.9,12.24,174.0,32.7,Normal
VH-06222,95.2,19.9,9.0,12.62,200.0,32.3,Warning
VH-03934,98.2,32.1,8.1,13.34,11.0,35.4,Normal
VH-03645,83.2,43.9,3.5,12.39,60.0,35.5,Warning
VH-07153,96.1,44.8,3.4,12.73,83.0,35.3,Warning
VH-00763,100.1,34.5,7.5,12.74,166.0,29.3,Normal
VH-04703,97.1,41.9,11.5,11.96,38.0,27.0,Warning
VH-04326,103.4,42.9,2.1,12.89,88.0,32.1,Critical
VH-07236,108.3,53.8,3.7,12.13,112.0,34.6,Warning
VH-04427,83.9,42.7,7.1,13.5,47.0,36.1,Normal
VH-07201,100.9,51.0,10.2,12.67,199.0,30.1,Normal
VH-05536,87.8,46.1,8.8,11.24,145.0,30.2,Critical
VH-07658,95.3,42.4,11.9,12.99,88.0,36.9,Normal
VH-07729,86.3,40.8,4.3,12.11,89.0,36.9,Warning
VH-06023,99.9,39.3,10.7,12.52,163.0,32.6,Normal
VH-01091,95.1,41.5,11.3,12.51,83.0,30.3, normal 
VH-03608,101.3,44.6,12.0,12.12,184.0,,Normal
VH-01101,99.9,43.7,7.1,12.6,104.0,32.0,Normal
VH-05225,98.1,35.0,8.5,12.2,200.0,35.5,Normal
VH-07379,92.9,40.9,5.5,12.42,40.0,,Normal
VH-04557,98.7,40.8,11.8,14.02,56.0,33.3,Normal
VH-00958,95.0,38.6,7.5,13.0,100.0,35.3,Normal
VH-05758,97.6,39.7,10.4,11.9,101.0,33.1,Warning
VH-00559,87.9,36.1,11.8,12.08,109.0,37.7,Normal
VH-06990,90.8,,2.1,12.07,157.0,29.9,Critical
VH-06834,98.2,52.7,5.0,12.07,55.0,37.0,Normal
VH-07878,88.5,54.0,4.4,12.19,179.0,31.3,Normal
VH-01519,79.5,36.8,4.5,13.63,127.0,37.4,Normal
VH-06236,93.6,32.8,4.0,12.82,27.0,28.1,Warning
VH-07995,91.0,38.1,2.4,12.68,145.0,31.5,Critical
VH-06128,105.3,44.7,11.9,12.06,105.0,30.6,Normal
VH-02484,94.2,32.3,2.7,12.86,152.0,35.0,Warning
VH-06634,95.6,44.6,9.5,12.4,75.0,36.2,Normal
VH-00366,89.1,35.4,10.5,12.55,121.0,34.0,Normal
VH-03901,100.3,40.8,2.7,12.86,108.0,36.3,Warning
VH-06193,93.2,40.3,10.3,,193.0,31.2,Warning
VH-07773,103.5,34.0,11.5,12.95,159.0,,Normal
VH-07531,89.8,43.1,5.6,13.11,105.0,34.5,Normal
VH-01948,88.0,49.4,9.4,12.18,10.0,27.7,Warning
VH-04165,97.4,,8.6,11.52,124.0,28.0,Warning
VH-01572,97.7,38.1,9.6,13.02,41.0,34.0,Normal
VH-00808,92.4,42.8,2.7,13.25,189.0,34.6,Warning
VH-03232,86.4,21.8,2.5,11.92,124.0,32.9,Warning
VH-03946,105.5,52.4,2.6,12.18,20.0,34.0,Warning
VH-00011,101.2,26.4,6.9,13.03,44.0,32.6,Normal
VH-02025,83.2,,9.9,,113.0,29.3,Normal
VH-06288,95.6,30.5,6.2,12.59,76.0,32.3,Normal
VH-05013,108.4,43.8,7.1,11.42,80.0,34.7,Warning
VH-07685,82.8,32.1,6.8,12.71,146.0,31.5,Normal
VH-05547,102.9,36.7,8.0,13.38,66.0,33.2,Normal
VH-06783,107.3,34.0,2.3,,159.0,32.8,Critical
VH-00176,107.6,34.5,2.5,12.54,77.0,37.6,Warning
VH-05090,97.4,44.2,4.5,13.08,163.0,32.2,Normal
VH-02488,106.0,51.1,8.2,12.53,160.0,34.6,Normal
VH-03886,87.2,41.8,10.4,12.93,9.0,,Normal
VH-02569,98.8,45.4,9.7,13.68,159.0,32.0,Normal
VH-07212,96.4,35.0,3.3,12.58,82.0,31.1,Warning
VH-03520,89.2,39.9,10.2,12.53,69.0,39.6,Normal
VH-03760,91.4,47.8,10.5,12.93,78.0,37.5,Normal
VH-07148,102.8,45.9,4.9,12.04,188.0,31.7,Normal
VH-05351,97.4,34.1,6.8,12.83,33.0,29.9,Normal
VH-03282,90.5,39.0,3.7,13.11,75.0,35.5,Warning
VH-01664,104.5,35.6,6.4,12.2,97.0,31.6,Normal
VH-02191,87.6,61.6,6.2,11.86,181.0,32.8,Warning
VH-06897,85.4,31.6,5.6,12.27,75.0,33.1,Normal
VH-06663,94.2,32.4,6.5,,169.0,33.6,Normal
VH-00398,99.2,30.9,7.6,13.42,151.0,34.0,Normal
VH-03370,93.0,34.7,10.6,12.92,84.0,29.0,Normal
VH-06966,106.6,28.3,5.8,12.3,139.0,32.6,Normal
VH-05886,97.9,42.8,11.8,12.09,136.0,32.5,Normal
VH-06572,106.9,43.4,7.4,12.8,172.0,31.7,Normal
VH-02660,86.9,41.9,8.9,11.79,57.0,27.1,Warning
VH-07649,79.9,31.3,8.8,13.07,33.0,31.0,Normal
VH-07176,98.6,35.4,3.8,12.36,99.0,35.0,Warning
VH-04252,98.9,46.6,2.6,11.66,13.0,38.3,Warning
VH-06683,91.8,43.8,10.5,12.5,43.0,,Normal
VH-03578,99.5,40.1,10.4,13.23,140.0,32.0,Normal
VH-05556,97.0,,9.9,11.43,175.0,31.5,Warning
VH-02046,100.3,48.4,3.7,12.92,96.0,28.5,Warning
VH-07434,87.2,37.6,6.4,12.82,117.0,31.3, normal 
VH-05946,101.7,37.3,6.4,13.51,83.0,33.4,Normal
VH-06605,84.2,,6.5,,37.0,, normal 
VH-02624,90.6,28.3,5.0,,165.0,,Normal
VH-03410,77.4,26.5,8.8,12.24,139.0,31.4,Normal
VH-06399,100.8,41.4,3.1,13.58,123.0,33.2,Warning
VH-07123,97.8,51.2,5.6,11.59,52.0,28.6,WARNING
VH-06101,89.3,43.1,11.9,11.18,35.0,31.7,Critical
VH-01185,84.0,32.9,8.2,12.59,59.0,38.7,Normal
VH-01006,100.4,43.9,3.1,12.69,103.0,30.1,Warning
VH-03569,101.8,46.1,11.7,12.9,81.0,37.4,Normal
VH-03737,107.4,48.7,5.7,12.99,97.0,34.3,Normal
VH-04656,88.1,45.4,4.0,12.53,32.0,29.1,Warning
VH-06352,111.6,46.5,7.1,12.43,85.0,27.0,Warning
VH-05006,81.8,45.4,2.6,12.48,85.0,,WARNING
VH-05407,95.2,43.0,7.5,11.81,170.0,31.0,Warning
VH-02049,86.0,44.2,3.0,13.85,29.0,28.2,Warning
VH-04011,97.1,42.4,5.0,12.77,66.0,32.2,Normal
VH-07509,88.8,37.9,4.2,12.28,147.0,32.6,Normal
VH-00269,95.0,45.3,4.4,11.79,54.0,32.8,Warning
VH-01993,102.7,45.6,11.5,13.49,188.0,32.8,Normal
VH-00265,103.1,42.1,8.3,11.83,83.0,34.3,Warning
VH-00914,102.9,48.5,11.6,12.43,54.0,31.6,Normal
VH-02278,90.6,16.6,8.6,12.41,116.0,35.3,critical
VH-02231,86.4,40.6,6.0,12.24,142.0,27.9,Critical
VH-07263,91.6,40.2,9.1,12.23,175.0,29.1,Normal
VH-00290,93.0,38.5,8.2,12.53,147.0,32.1,Normal
VH-02912,95.0,54.0,5.1,13.39,32.0,32.6,Normal
VH-07210,92.6,40.5,4.9,12.71,37.0,30.9,Normal
VH-04969,97.7,27.1,9.2,12.3,138.0,34.9,Normal
VH-02093,101.6,36.0,10.7,12.52,20.0,38.3,Normal
VH-06542,100.4,850.6390747945939,5.4,14.1,134.0,32.7,Normal
VH-04571,108.1,43.3,9.3,12.44,165.0,29.1,Warning
VH-01652,99.3,45.9,3.2,13.07,147.0,34.1,Warning
VH-06056,90.7,53.1,9.0,13.0,108.0,31.8,Normal
VH-04141,122.6,,6.5,12.36,63.0,34.0,Critical
VH-04257,103.9,42.8,4.0,12.68,108.0,32.0,Normal
VH-03039,94.4,40.0,7.9,12.83,190.0,37.6,Normal
VH-06871,104.3,46.6,4.1,,96.0,39.0,Normal
VH-02677,99.1,43.5,6.9,11.99,64.0,33.9,WARNING
VH-00288,92.7,,8.1,13.11,94.0,25.9,Warning
VH-07757,96.8,49.0,5.4,12.44,158.0,34.8,Normal
VH-03107,96.1,39.0,11.2,13.56,38.0,31.6,Normal
VH-04972,102.9,39.7,10.6,12.46,155.0,30.8,Critical
VH-06044,101.2,35.7,3.3,12.5,188.0,36.2,Warning
VH-00575,83.4,43.4,2.1,12.2,93.0,31.8,Critical
VH-00850,92.1,49.9,8.6,12.64,9.0,33.1,Normal
VH-07483,70.9,46.2,10.4,12.27,132.0,34.9,WARNING
VH-03883,104.9,57.2,5.3,13.4,129.0,33.6,Normal
VH-05007,98.4,41.1,7.7,12.29,52.0,35.8,Normal
VH-05350,90.5,47.6,9.9,11.94,30.0,33.2,Warning
VH-05929,96.4,30.5,9.7,12.92,194.0,28.0,Warning
VH-01722,89.7,23.6,2.6,11.93,156.0,32.5,Warning
VH-06229,94.0,36.5,3.4,11.79,195.0,36.5,Warning
VH-05831,96.7,38.3,4.9,12.99,180.0,30.0,Normal
VH-05028,101.6,36.7,7.9,12.43,146.0,34.5,Normal
VH-03949,94.7,44.7,10.9,12.86,98.0,35.7,Normal
VH-01100,104.0,51.6,2.7,12.4,144.0,36.5,Warning
VH-07801,102.8,25.1,6.1,12.36,149.0,34.0,Normal
VH-01207,88.0,49.2,7.4,12.76,152.0,34.2,Normal
VH-06391,83.8,35.2,5.4,13.49,189.0,31.9,Normal
VH-01843,83.0,44.3,8.5,12.19,174.0,31.1,Normal
VH-01848,91.9,31.8,2.5,12.72,11.0,31.2,Warning
VH-02524,110.1,43.7,8.8,12.85,78.0,32.4,Warning
VH-03947,79.2,40.0,5.8,12.45,162.0,,Normal
VH-01694,85.0,,10.9,12.67,163.0,31.9,Normal
VH-04181,95.6,28.2,5.6,12.72,58.0,32.2,Normal
VH-04565,95.9,37.6,5.4,12.54,164.0,31.2, normal 
VH-06369,107.9,31.2,10.2,13.1,99.0,34.3,Normal
VH-03960,105.5,35.2,2.6,12.43,170.0,30.1,Warning
VH-06918,92.3,29.5,9.2,12.87,42.0,31.1,Normal
VH-06475,88.0,47.2,8.8,13.08,127.0,, normal 
VH-00233,104.6,40.6,4.6,12.07,156.0,32.1,Normal
VH-06732,92.4,59.2,4.4,11.96,139.0,35.4,Warning
VH-06619,90.3,38.4,10.2,13.11,6.0,37.9,Normal
VH-03332,79.9,47.1,7.7,12.47,43.0,36.4,Normal
VH-05781,82.7,33.6,2.3,12.39,57.0,35.4,Critical
VH-02647,90.9,35.0,7.6,12.21,30.0,30.7,Normal
VH-04041,93.8,44.6,5.8,12.89,161.0,32.6,Normal
VH-06565,99.7,49.4,5.6,13.15,138.0,32.1,Warning
VH-01711,76.8,46.7,4.1,12.94,180.0,,Normal
VH-00182,91.7,43.3,5.2,13.4,105.0,25.6,Warning
VH-05084,100.7,27.9,3.3,11.99,181.0,34.4,Warning
VH-05096,103.6,36.3,11.2,12.04,99.0,35.6,Normal
VH-05737,100.3,32.8,11.1,11.39,37.0,30.7,Warning
VH-05452,109.1,49.2,9.5,12.53,198.0,31.0,Warning
VH-01462,88.2,41.0,4.9,12.52,90.0,38.3,Normal
VH-00049,95.5,48.0,4.3,12.87,47.0,31.2,Normal
VH-07145,91.5,39.7,10.8,12.66,123.0,30.7,Normal
VH-07173,91.1,39.6,2.0,12.53,44.0,32.8,Critical
VH-06673,81.8,52.2,7.0,13.58,94.0,33.4,Normal
VH-05354,95.0,28.5,9.9,12.78,161.0,35.6,Normal
VH-04582,96.2,49.6,10.0,12.3,56.0,29.7,Normal
VH-01390,89.6,37.5,11.7,11.37,195.0,32.3,Warning
VH-06641,93.1,42.6,7.4,12.11,167.0,37.4,Normal
VH-06004,71.1,39.9,10.1,12.03,118.0,31.1,Warning
VH-07790,91.4,28.1,10.7,13.72,21.0,,Normal
VH-00106,87.4,45.7,4.5,13.99,12.0,35.5,Normal
VH-00443,105.6,42.1,7.1,11.9,153.0,29.5,Warning
VH-01954,96.7,17.8,9.4,11.64,60.0,35.4,Critical
VH-07656,86.1,37.7,4.5,12.97,67.0,31.2,Normal
VH-04742,94.2,51.2,7.2,12.94,159.0,37.0,Normal
VH-07180,93.5,47.6,8.7,12.2,154.0,35.4,Normal
VH-05858,104.1,44.9,10.4,12.45,83.0,27.9,Warning
VH-00726,97.3,50.5,9.8,13.17,143.0,31.1,Normal
VH-02238,87.8,44.2,9.4,13.36,110.0,32.1,Normal
VH-07932,102.2,31.3,9.2,12.59,116.0,30.8,Normal
VH-05952,80.5,43.7,10.5,11.93,200.0,24.6,Warning
VH-02330,87.8,,10.4,12.22,139.0,33.7,Normal
VH-04125,94.3,40.7,11.6,12.35,93.0,36.4,Normal
VH-00169,-46.90962955153546,36.7,2.7,11.78,103.0,29.9,Warning
VH-01001,89.2,31.1,7.8,12.02,135.0,39.8,Normal
VH-03252,83.8,44.3,8.7,12.76,103.0,39.3,Normal
VH-02148,92.1,41.5,9.1,12.42,152.0,32.3,Normal
VH-00197,91.8,29.7,10.8,13.14,90.0,31.3,Normal
VH-04591,107.4,46.8,5.7,12.39,20.0,30.5,Normal
VH-06122,102.6,42.5,4.4,11.31,200.0,32.2,Warning
VH-03793,100.8,36.1,3.1,12.57,132.0,35.7,Warning
VH-00647,81.2,44.4,6.5,13.19,108.0,33.8,Normal
VH-03035,98.9,51.5,5.8,12.45,68.0,39.3,Normal
VH-04140,93.8,44.7,5.2,13.87,25.0,33.2,Normal
VH-03733,92.0,39.3,4.4,12.27,19.0,34.4,Normal
VH-02758,101.0,32.4,10.2,,55.0,27.9,Warning
VH-00373,101.7,51.1,3.3,12.16,143.0,32.2,Warning
VH-04774,93.1,36.0,10.4,12.25,126.0,28.6,Normal
VH-00566,93.7,41.0,3.7,12.96,113.0,37.5,Warning
VH-03720,95.4,,6.1,12.63,199.0,38.6,Normal
VH-07965,87.5,39.2,11.0,12.72,138.0,34.4,Normal
VH-02895,85.3,48.8,4.8,12.43,103.0,33.9,Critical
VH-04556,97.9,37.0,2.5,12.51,49.0,36.1,Warning
VH-06028,101.8,31.0,6.2,11.74,22.0,29.4,Normal
VH-03485,103.7,29.0,3.4,,113.0,33.4,Warning
VH-01155,95.9,41.6,7.4,12.4,135.0,35.0,Normal
VH-04135,90.1,,5.9,13.03,181.0,36.8,Normal
VH-06578,82.2,38.7,6.0,,79.0,28.7,Normal
VH-00973,99.9,,11.0,13.25,47.0,35.2,Normal
VH-03287,103.6,44.3,3.6,11.97,154.0,33.8,Warning
VH-07151,99.9,42.9,10.6,12.32,157.0,30.7,Normal
VH-03627,87.6,38.2,10.8,12.47,15.0,32.3,Normal
VH-03638,96.9,45.7,7.0,12.4,96.0,34.6,Normal
VH-05882,94.6,37.6,11.2,13.35,195.0,31.0,Normal
VH-05594,98.7,37.9,3.4,12.63,124.0,35.3,Warning
VH-06600,102.1,39.9,2.1,12.81,55.0,29.8,Critical
VH-01835,95.7,28.8,2.1,13.24,110.0,34.8,critical
VH-02308,105.3,28.7,9.0,13.13,45.0,33.0,Normal
VH-01840,90.3,38.1,9.5,12.33,106.0,32.4,Normal
VH-06179,86.3,44.1,3.4,12.23,57.0,33.6,Warning
VH-04923,84.5,48.5,5.3,12.05,159.0,31.6,Normal
VH-06031,108.0,37.2,9.9,12.15,194.0,35.2,Normal
VH-02044,84.0,37.1,11.1,12.43,142.0,35.0,Normal
VH-04405,105.2,39.2,7.0,13.41,111.0,35.2, normal 
VH-04372,85.9,44.3,11.8,12.84,171.0,32.6,Normal
VH-04732,112.9,28.1,10.4,12.67,194.0,35.9,Warning
VH-04750,101.9,35.4,6.1,13.36,7.0,38.8,Normal
VH-04718,97.3,48.0,7.9,12.4,60.0,30.7,Normal
VH-05955,96.0,40.1,10.7,12.61,31.0,31.7,Normal
VH-00844,96.0,50.4,7.2,12.83,86.0,29.4,Normal
VH-04489,92.4,39.4,10.0,12.25,155.0,30.9,Normal
VH-07913,81.5,39.5,4.4,12.12,118.0,,Normal
VH-02155,99.8,48.3,5.2,12.79,154.0,31.7, normal 
VH-00349,106.8,28.6,10.9,13.06,160.0,31.8,Normal
VH-06668,94.1,49.6,7.8,12.96,143.0,30.5, normal 
VH-00784,95.1,37.4,9.4,12.12,137.0,29.9,Normal
VH-00047,96.8,32.2,4.9,12.74,74.0,33.3,Normal
VH-06074,95.6,32.4,2.4,12.02,121.0,29.2,Critical
VH-06347,93.1,42.5,7.3,,124.0,36.2,Warning
VH-03651,97.1,44.2,5.6,12.33,197.0,33.0,Normal
VH-05751,97.6,39.2,11.1,13.0,61.0,33.5,Normal
VH-06165,99.4,37.2,5.9,12.68,198.0,33.0,Normal
VH-04498,96.9,26.7,4.4,12.67,44.0,34.7,Normal
VH-04018,92.4,39.6,3.1,12.15,92.0,32.9,WARNING
VH-05203,85.5,37.2,8.6,12.03,55.0,34.4,Normal
VH-05250,94.2,47.3,6.4,12.53,144.0,33.7,Normal
VH-01439,104.0,41.7,7.2,12.85,49.0,33.4,Normal
VH-06037,99.4,44.3,6.2,13.06,99.0,35.7,Normal
VH-06097,88.3,50.5,8.9,12.79,166.0,32.7,Normal
VH-05085,105.4,26.9,12.0,11.67,68.0,36.9,Warning
VH-01865,96.3,40.9,5.1,12.61,195.0,32.9,Normal
VH-06885,96.3,48.4,10.3,11.3,76.0,32.6,Warning
VH-07865,94.6,53.3,4.1,11.5,68.0,30.5,Warning
VH-05406,82.3,34.8,5.2,13.16,96.0,32.7,Normal
VH-03195,103.5,35.5,5.2,11.6,18.0,36.3,Warning
VH-00033,88.5,41.6,5.3,13.29,191.0,,Normal
VH-00787,93.4,53.5,9.3,13.16,190.0,31.7,Normal
VH-07684,89.0,33.7,4.2,12.69,79.0,28.1,Normal
VH-07067,77.7,37.8,5.2,12.85,161.0,37.4,Normal
VH-05139,98.8,44.0,8.4,11.91,29.0,31.6,Warning
VH-04577,75.5,37.8,11.5,12.67,28.0,35.7,Normal
VH-05339,104.1,,10.9,13.11,195.0,33.2,Normal
VH-06401,87.3,39.5,4.4,12.29,112.0,31.2,Normal
VH-02627,106.7,38.8,10.6,11.87,23.0,33.2,Warning
VH-06625,94.1,47.9,8.5,12.31,76.0,31.1,Normal
VH-00931,98.6,28.7,4.7,13.14,82.0,35.8,Normal
VH-02404,88.1,36.7,5.5,13.09,39.0,32.5,Normal
VH-01685,100.1,26.3,4.2,13.36,48.0,33.0,Normal
VH-01248,93.6,50.4,11.5,12.88,196.0,32.8,Normal
VH-04855,104.7,49.9,4.6,12.17,115.0,31.1,Normal
VH-00092,91.6,45.5,11.5,13.39,177.0,32.6,Normal
VH-05271,103.9,35.0,3.8,13.19,183.0,33.9,Warning
VH-05511,95.1,36.2,4.2,12.18,172.0,31.7,Normal
VH-05437,94.4,41.7,2.5,12.07,150.0,31.3,Critical
VH-05568,94.0,41.2,11.5,12.58,180.0,39.0,Normal
VH-02851,106.4,59.2,8.0,12.3,113.0,33.9,Normal
VH-02793,90.9,40.5,11.9,,144.0,32.7,Normal
VH-07690,97.0,32.7,2.7,12.34,69.0,31.4,Warning
VH-06423,96.6,39.7,3.8,12.63,130.0,30.5,Warning
VH-05703,95.2,32.1,4.9,12.42,120.0,33.8,Normal
VH-00764,97.7,51.3,11.2,12.95,69.0,33.7,Normal
VH-06748,94.9,52.4,7.9,12.08,198.0,33.9,Normal
VH-02988,96.8,42.3,10.5,11.02,85.0,31.7,Critical
VH-05469,102.4,28.3,5.6,13.28,112.0,35.6,Normal
VH-06047,90.7,34.4,2.4,11.54,103.0,30.9,Critical
VH-07542,91.8,46.9,6.9,12.33,51.0,30.0,Normal
VH-02448,101.2,45.7,6.2,12.35,94.0,33.3,Normal
VH-01728,95.6,29.9,5.2,12.2,110.0,32.7,Normal
VH-00257,92.0,34.1,4.9,12.08,183.0,28.4,Normal
VH-05040,95.0,54.4,4.5,12.34,16.0,33.1,Normal
VH-01992,96.9,35.8,4.7,11.47,103.0,34.0,Warning
VH-07240,103.8,50.1,4.0,12.23,94.0,36.1,Normal
VH-01219,105.6,36.0,4.5,11.67,47.0,32.2,Warning
VH-07651,82.8,29.0,11.8,12.74,40.0,30.9,Normal
VH-06988,89.7,34.5,10.3,12.45,70.0,32.9,Normal
VH-01161,92.1,48.9,3.1,12.04,28.0,32.6,Warning
VH-06638,101.0,45.3,10.1,12.65,72.0,31.9,Normal
VH-00772,97.0,38.4,9.0,12.08,19.0,32.3,Normal
VH-06694,91.0,54.3,9.2,12.86,71.0,28.3,Normal
VH-05582,107.0,31.1,9.3,12.71,32.0,34.4,Normal
VH-06345,104.5,52.3,2.1,12.44,92.0,33.6,Critical
VH-00312,109.0,47.4,6.3,13.45,93.0,32.1,Warning
VH-04386,92.7,49.5,9.9,12.82,76.0,33.5,Normal
VH-04032,99.7,43.9,8.5,12.28,80.0,37.7,Normal
VH-07357,92.1,35.6,11.8,12.39,168.0,,Normal
VH-04859,93.2,39.6,10.5,12.98,39.0,29.9,Normal
VH-07280,87.4,34.8,11.7,12.4,178.0,31.4,Normal
VH-02997,113.6,56.3,5.0,12.11,156.0,27.9,Warning
VH-04279,87.3,54.8,11.9,12.58,198.0,31.1,Normal
VH-01176,88.9,39.5,8.7,13.3,53.0,33.0,Normal
VH-03896,84.1,36.0,6.0,13.06,110.0,,Normal
VH-01349,94.1,35.1,3.7,12.06,22.0,32.0,Warning
VH-03775,87.5,30.9,7.6,12.35,24.0,35.9,Normal
VH-03116,89.7,44.2,8.5,12.72,126.0,33.7,Normal
VH-03516,98.6,32.9,5.4,12.24,119.0,32.9,Normal
VH-07955,81.7,31.0,3.6,11.89,75.0,,Warning
VH-07174,107.4,46.7,6.7,12.87,142.0,39.1,Normal
VH-02298,90.9,33.5,5.3,12.58,111.0,27.8,Warning
VH-02871,89.6,29.5,3.0,12.99,139.0,32.3,Warning
VH-05195,102.5,30.2,10.6,12.72,112.0,29.5,Normal
VH-07680,92.7,43.0,9.6,12.74,157.0,34.8,Normal
VH-07084,101.9,47.2,4.0,12.22,98.0,30.5,Normal
VH-00391,95.4,34.1,7.2,12.79,183.0,30.3,Normal
VH-06015,87.2,47.7,4.7,12.05,59.0,32.1,Normal
VH-01456,113.4,,7.3,12.39,134.0,39.1,Warning
VH-01092,101.4,48.6,2.3,12.6,111.0,36.0,Critical
VH-06118,91.1,35.3,11.6,11.87,186.0,37.5,Warning
VH-03239,85.8,41.2,6.7,12.94,93.0,31.9,Normal
VH-05000,92.9,46.3,3.5,13.26,73.0,35.1,Warning
VH-02778,98.7,43.9,9.2,12.72,55.0,31.3,Warning
VH-06698,92.4,48.4,6.1,12.2,95.0,27.1,Warning
VH-04462,103.7,42.4,7.0,11.8,55.0,35.8,Warning
VH-04441,77.7,43.9,2.8,12.06,135.0,37.3,Warning
VH-03656,93.1,40.3,8.3,12.5,25.0,33.1,Normal
VH-02583,97.7,52.3,3.5,11.6,42.0,33.0,Warning
VH-07566,89.8,33.0,4.7,,186.0,31.4,Normal
VH-03257,108.2,37.5,6.1,12.81,36.0,30.9,Warning
VH-01372,98.2,37.9,5.3,12.93,176.0,26.5,Warning
VH-05735,80.1,41.7,8.1,12.71,176.0,31.9,Normal
VH-00919,80.0,31.2,4.0,12.78,171.0,31.3,Warning
VH-04307,111.7,41.5,11.3,12.15,140.0,33.1,Warning
VH-05699,80.2,32.3,10.2,13.11,34.0,34.5,Normal
VH-02550,81.6,32.4,7.7,11.38,133.0,32.4,Warning
VH-00537,104.2,56.2,11.0,13.14,27.0,34.7,Normal
VH-01220,94.6,36.7,8.1,12.14,27.0,32.0,Normal
VH-04271,86.3,50.7,11.2,12.16,96.0,27.8,Warning
